Day,Combined Graduate Level Examination: (India),NDA Exam: (India),REET: (India),CSIR UGC NET: (India),UGC NET: (India)
2020-07-11,25.0,20.0,18.0,0.0,19.0
2020-07-12,21.0,21.0,11.0,0.0,25.0
2020-07-13,21.0,14.0,17.0,0.0,22.0
2020-07-14,22.0,19.0,15.0,0.0,22.0
2020-07-15,23.0,16.0,11.0,0.0,27.0
2020-07-16,24.0,17.0,13.0,0.0,22.0
2020-07-17,28.0,22.0,12.0,0.0,20.0
2020-07-18,22.0,18.0,14.0,0.0,25.0
2020-07-19,22.0,20.0,10.0,0.0,14.0
2020-07-20,21.0,17.0,8.0,0.0,14.0
2020-07-21,22.0,15.0,11.0,0.0,16.0
2020-07-22,22.0,17.0,13.0,0.0,13.0
2020-07-23,24.0,19.0,9.0,5.0,18.0
2020-07-24,22.0,16.0,15.0,0.0,18.0
2020-07-25,20.0,18.0,7.0,0.0,16.0
2020-07-26,19.0,16.0,14.0,0.0,16.0
2020-07-27,24.0,17.0,12.0,0.0,15.0
2020-07-28,20.0,15.0,9.0,0.0,26.0
2020-07-29,24.0,17.0,8.0,0.0,17.0
2020-07-30,17.0,21.0,12.0,0.0,29.0
2020-07-31,18.0,17.0,9.0,0.0,21.0
2020-08-01,21.0,17.0,9.0,0.0,18.0
2020-08-02,16.0,16.0,0.0,0.0,10.0
2020-08-03,15.0,12.0,8.0,0.0,17.0
2020-08-04,22.0,17.0,10.0,0.0,18.0
2020-08-05,19.0,18.0,9.0,0.0,26.0
2020-08-06,22.0,19.0,12.0,0.0,17.0
2020-08-07,17.0,18.0,0.0,0.0,19.0
2020-08-08,19.0,19.0,10.0,0.0,21.0
2020-08-09,21.0,15.0,15.0,0.0,20.0
2020-08-10,23.0,20.0,11.0,0.0,20.0
2020-08-11,21.0,24.0,12.0,0.0,22.0
2020-08-12,22.0,21.0,9.0,6.0,19.0
2020-08-13,20.0,28.0,6.0,0.0,26.0
2020-08-14,23.0,25.0,11.0,0.0,20.0
2020-08-15,20.0,33.0,10.0,0.0,19.0
2020-08-16,18.0,30.0,13.0,0.0,23.0
2020-08-17,31.0,21.0,14.0,0.0,22.0
2020-08-18,22.0,26.0,10.0,0.0,22.0
2020-08-19,18.0,27.0,12.0,0.0,21.0
2020-08-20,21.0,29.0,15.0,0.0,16.0
2020-08-21,21.0,22.0,6.0,0.0,33.0
2020-08-22,19.0,26.0,12.0,0.0,37.0
2020-08-23,20.0,25.0,17.0,0.0,30.0
2020-08-24,15.0,25.0,16.0,0.0,34.0
2020-08-25,23.0,31.0,12.0,6.0,33.0
2020-08-26,18.0,26.0,13.0,0.0,34.0
2020-08-27,19.0,28.0,15.0,0.0,34.0
2020-08-28,26.0,25.0,19.0,0.0,41.0
2020-08-29,16.0,26.0,10.0,0.0,27.0
2020-08-30,19.0,33.0,14.0,0.0,25.0
2020-08-31,21.0,34.0,12.0,0.0,26.0
2020-09-01,34.0,25.0,14.0,0.0,40.0
2020-09-02,17.0,31.0,18.0,0.0,42.0
2020-09-03,25.0,46.0,14.0,0.0,25.0
2020-09-04,17.0,43.0,12.0,0.0,35.0
2020-09-05,16.0,56.0,17.0,0.0,33.0
2020-09-06,16.0,39.0,18.0,0.0,37.0
2020-09-07,19.0,38.0,24.0,9.0,48.0
2020-09-08,21.0,33.0,19.0,7.0,36.0
2020-09-09,20.0,28.0,20.0,0.0,37.0
2020-09-10,16.0,17.0,19.0,0.0,54.0
2020-09-11,20.0,12.0,17.0,0.0,47.0
2020-09-12,36.0,11.0,16.0,0.0,40.0
2020-09-13,34.0,13.0,15.0,0.0,46.0
2020-09-14,39.0,13.0,15.0,0.0,52.0
2020-09-15,39.0,17.0,19.0,6.0,45.0
2020-09-16,42.0,12.0,22.0,0.0,39.0
2020-09-17,41.0,11.0,21.0,0.0,36.0
2020-09-18,35.0,15.0,15.0,0.0,42.0
2020-09-19,34.0,11.0,21.0,0.0,54.0
2020-09-20,46.0,11.0,19.0,0.0,35.0
2020-09-21,34.0,12.0,15.0,0.0,34.0
2020-09-22,47.0,11.0,11.0,0.0,39.0
2020-09-23,43.0,10.0,13.0,0.0,38.0
2020-09-24,38.0,9.0,17.0,0.0,46.0
2020-09-25,37.0,8.0,13.0,0.0,45.0
2020-09-26,40.0,13.0,7.0,0.0,35.0
2020-09-27,32.0,8.0,11.0,0.0,32.0
2020-09-28,43.0,11.0,13.0,0.0,44.0
2020-09-29,38.0,7.0,15.0,0.0,36.0
2020-09-30,49.0,12.0,6.0,0.0,37.0
2020-10-01,50.0,10.0,14.0,0.0,22.0
2020-10-02,42.0,7.0,14.0,7.0,37.0
2020-10-03,44.0,12.0,9.0,7.0,27.0
2020-10-04,38.0,13.0,10.0,9.0,18.0
2020-10-05,45.0,14.0,12.0,0.0,37.0
2020-10-06,43.0,15.0,15.0,7.0,33.0
2020-10-07,56.0,12.0,9.0,0.0,31.0
2020-10-08,52.0,15.0,18.0,0.0,32.0
2020-10-09,50.0,16.0,17.0,0.0,27.0
2020-10-10,56.0,16.0,16.0,0.0,26.0
2020-10-11,48.0,14.0,14.0,0.0,24.0
2020-10-12,66.0,16.0,17.0,0.0,28.0
2020-10-13,59.0,10.0,17.0,7.0,24.0
2020-10-14,47.0,12.0,19.0,0.0,27.0
2020-10-15,48.0,10.0,26.0,0.0,26.0
2020-10-16,46.0,11.0,18.0,0.0,31.0
2020-10-17,44.0,13.0,20.0,0.0,27.0
2020-10-18,32.0,11.0,14.0,0.0,20.0
2020-10-19,46.0,11.0,15.0,7.0,21.0
2020-10-20,40.0,9.0,13.0,0.0,22.0
2020-10-21,39.0,7.0,15.0,0.0,18.0
2020-10-22,41.0,9.0,22.0,0.0,22.0
2020-10-23,38.0,15.0,13.0,0.0,13.0
2020-10-24,43.0,6.0,15.0,0.0,20.0
2020-10-25,28.0,8.0,8.0,0.0,15.0
2020-10-26,37.0,13.0,29.0,0.0,17.0
2020-10-27,41.0,9.0,20.0,0.0,20.0
2020-10-28,44.0,9.0,22.0,0.0,23.0
2020-10-29,41.0,11.0,15.0,0.0,25.0
2020-10-30,45.0,9.0,19.0,9.0,27.0
2020-10-31,46.0,10.0,16.0,0.0,24.0
2020-11-01,46.0,12.0,16.0,0.0,21.0
2020-11-02,46.0,9.0,17.0,0.0,23.0
2020-11-03,53.0,0.0,10.0,0.0,23.0
2020-11-04,34.0,8.0,21.0,0.0,27.0
2020-11-05,42.0,10.0,21.0,0.0,30.0
2020-11-06,51.0,0.0,21.0,0.0,35.0
2020-11-07,52.0,11.0,12.0,0.0,31.0
2020-11-08,58.0,16.0,15.0,0.0,28.0
2020-11-09,52.0,13.0,17.0,0.0,31.0
2020-11-10,47.0,22.0,16.0,8.0,35.0
2020-11-11,59.0,20.0,15.0,0.0,30.0
2020-11-12,49.0,7.0,14.0,7.0,28.0
2020-11-13,40.0,7.0,10.0,10.0,20.0
2020-11-14,38.0,0.0,11.0,0.0,11.0
2020-11-15,81.0,9.0,13.0,7.0,24.0
2020-11-16,77.0,12.0,23.0,7.0,22.0
2020-11-17,66.0,0.0,16.0,0.0,23.0
2020-11-18,76.0,7.0,13.0,0.0,23.0
2020-11-19,76.0,10.0,20.0,12.0,30.0
2020-11-20,67.0,10.0,20.0,13.0,17.0
2020-11-21,70.0,8.0,13.0,10.0,21.0
2020-11-22,53.0,0.0,15.0,10.0,19.0
2020-11-23,54.0,10.0,20.0,0.0,16.0
2020-11-24,56.0,11.0,16.0,0.0,22.0
2020-11-25,55.0,9.0,15.0,0.0,28.0
2020-11-26,53.0,10.0,22.0,10.0,21.0
2020-11-27,50.0,8.0,15.0,9.0,28.0
2020-11-28,55.0,12.0,12.0,0.0,28.0
2020-11-29,60.0,10.0,13.0,11.0,19.0
2020-11-30,61.0,8.0,9.0,0.0,33.0
2020-12-01,62.0,11.0,15.0,7.0,41.0
2020-12-02,46.0,9.0,13.0,0.0,26.0
2020-12-03,48.0,11.0,10.0,8.0,30.0
2020-12-04,50.0,14.0,19.0,0.0,25.0
2020-12-05,48.0,0.0,17.0,7.0,22.0
2020-12-06,52.0,0.0,9.0,8.0,18.0
2020-12-07,57.0,8.0,17.0,7.0,15.0
2020-12-08,51.0,10.0,10.0,0.0,23.0
2020-12-09,58.0,9.0,16.0,0.0,15.0
2020-12-10,55.0,12.0,15.0,0.0,24.0
2020-12-11,61.0,8.0,17.0,0.0,20.0
2020-12-12,62.0,8.0,18.0,0.0,21.0
2020-12-13,65.0,11.0,18.0,0.0,16.0
2020-12-14,68.0,11.0,17.0,0.0,23.0
2020-12-15,86.0,8.0,24.0,0.0,22.0
2020-12-16,77.0,9.0,20.0,0.0,21.0
2020-12-17,82.0,9.0,32.0,0.0,19.0
2020-12-18,74.0,7.0,46.0,0.0,22.0
2020-12-19,69.0,8.0,33.0,0.0,26.0
2020-12-20,58.0,11.0,19.0,0.0,13.0
2020-12-21,65.0,7.0,30.0,0.0,20.0
2020-12-22,68.0,8.0,22.0,0.0,19.0
2020-12-23,54.0,10.0,34.0,0.0,26.0
2020-12-24,61.0,11.0,25.0,0.0,19.0
2020-12-25,55.0,18.0,24.0,0.0,21.0
2020-12-26,51.0,16.0,22.0,0.0,22.0
2020-12-27,53.0,18.0,32.0,0.0,19.0
2020-12-28,47.0,17.0,21.0,0.0,23.0
2020-12-29,100.0,19.0,15.0,12.0,18.0
2020-12-30,78.0,23.0,28.0,0.0,17.0
2020-12-31,77.0,18.0,28.0,8.0,16.0
2021-01-01,60.0,21.0,21.0,0.0,18.0
2021-01-02,78.0,21.0,25.0,0.0,18.0
2021-01-03,70.0,24.0,28.0,0.0,17.0
2021-01-04,86.0,23.0,39.0,0.0,18.0
2021-01-05,84.0,23.0,44.0,7.0,21.0
2021-01-06,90.0,20.0,34.0,0.0,18.0
2021-01-07,74.0,24.0,26.0,0.0,17.5
2021-01-08,70.0,22.0,29.0,0.0,11.0
2021-01-09,65.0,27.0,26.0,0.0,18.0
2021-01-10,77.0,19.0,28.0,0.0,19.0
2021-01-11,71.0,20.0,50.0,0.0,14.0
2021-01-12,72.0,16.0,37.0,0.0,16.0
2021-01-13,68.0,25.0,31.0,0.0,10.0
2021-01-14,56.0,20.0,18.0,0.0,13.0
2021-01-15,68.0,19.0,31.0,0.0,17.0
2021-01-16,76.0,16.0,33.0,0.0,13.0
2021-01-17,56.0,17.0,40.0,0.0,15.0
2021-01-18,74.0,19.0,30.0,0.0,17.0
2021-01-19,66.0,27.0,35.0,0.0,19.0
2021-01-20,72.0,18.0,31.0,0.0,16.0
2021-01-21,70.0,12.0,35.0,0.0,19.0
2021-01-22,71.0,16.0,36.0,6.0,12.0
2021-01-23,75.0,13.0,24.0,0.0,19.0
2021-01-24,70.0,15.0,31.0,0.0,18.0
2021-01-25,70.0,21.0,33.0,0.0,15.0
2021-01-26,65.0,12.0,15.0,0.0,13.0
2021-01-27,73.0,10.0,22.0,0.0,18.0
2021-01-28,78.0,13.0,17.0,0.0,15.0
2021-01-29,92.0,8.0,21.0,0.0,19.0
2021-01-30,95.0,13.0,17.0,0.0,19.0
2021-01-31,100.0,14.0,18.0,0.0,18.0
2021-02-01,62.0,14.0,20.0,0.0,18.0
2021-02-02,54.0,15.0,31.0,8.0,26.0
2021-02-03,62.0,8.0,26.0,7.0,35.0
2021-02-04,49.0,16.0,23.0,10.0,29.0
2021-02-05,55.0,10.0,25.0,11.0,32.0
2021-02-06,50.0,8.0,28.0,0.0,19.0
2021-02-07,55.0,13.0,18.0,0.0,27.0
2021-02-08,53.0,7.0,20.0,7.0,25.0
2021-02-09,58.0,0.0,20.0,0.0,33.0
2021-02-10,67.0,11.0,21.0,0.0,31.0
2021-02-11,62.0,9.0,16.0,0.0,25.0
2021-02-12,66.0,0.0,14.0,0.0,27.0
2021-02-13,52.0,11.0,19.0,0.0,26.0
2021-02-14,47.0,0.0,15.0,0.0,18.0
2021-02-15,58.0,0.0,17.0,0.0,22.0
2021-02-16,54.0,10.0,28.0,0.0,26.0
2021-02-17,53.0,11.0,14.0,0.0,29.0
2021-02-18,57.0,0.0,16.0,0.0,24.0
2021-02-19,84.0,7.0,23.0,0.0,31.0
2021-02-20,80.0,9.0,16.0,0.0,28.0
2021-02-21,68.0,7.0,16.0,0.0,22.0
2021-02-22,72.0,9.0,20.0,0.0,28.0
2021-02-23,58.0,10.0,10.0,0.0,31.0
2021-02-24,62.0,11.0,10.0,0.0,27.0
2021-02-25,62.0,10.0,8.0,0.0,37.0
2021-02-26,63.0,9.0,7.0,0.0,30.0
2021-02-27,47.0,13.0,7.0,0.0,26.0
2021-02-28,55.0,11.0,7.0,0.0,29.0
2021-03-01,71.0,16.0,10.0,0.0,37.0
2021-03-02,55.0,15.0,8.0,0.0,45.0
2021-03-03,56.0,16.0,7.0,0.0,30.0
2021-03-04,52.0,13.0,8.0,0.0,31.0
2021-03-05,52.0,8.0,6.0,0.0,35.0
2021-03-06,56.0,13.0,0.0,0.0,29.0
2021-03-07,55.0,11.0,0.0,0.0,29.0
2021-03-08,64.0,15.0,11.0,0.0,31.0
2021-03-09,60.0,13.0,12.0,0.0,31.0
2021-03-10,61.0,14.0,11.0,0.0,30.0
2021-03-11,51.0,12.0,0.0,0.0,19.0
2021-03-12,56.0,14.0,0.0,0.0,23.0
2021-03-13,45.0,15.0,7.0,0.0,23.0
2021-03-14,46.0,13.0,0.0,0.0,24.0
2021-03-15,54.0,11.0,0.0,0.0,25.0
2021-03-16,54.0,16.0,0.0,0.0,25.0
2021-03-17,54.0,15.0,9.0,0.0,33.0
2021-03-18,55.0,20.0,8.0,0.0,28.0
2021-03-19,59.0,11.0,8.0,0.0,26.0
2021-03-20,58.0,10.0,8.0,0.0,24.0
2021-03-21,48.0,15.0,0.0,0.0,19.0
2021-03-22,49.0,16.0,8.0,0.0,31.0
2021-03-23,46.0,12.0,7.0,0.0,31.0
2021-03-24,47.0,13.0,0.0,0.0,34.0
2021-03-25,52.0,11.0,9.0,0.0,28.0
2021-03-26,52.0,12.0,12.0,0.0,20.0
2021-03-27,45.0,18.0,9.0,0.0,23.0
2021-03-28,28.0,15.0,0.0,0.0,21.0
2021-03-29,34.0,13.0,0.0,0.0,12.0
2021-03-30,43.0,10.0,0.0,0.0,25.0
2021-03-31,52.0,14.0,0.0,0.0,27.0
2021-04-01,61.0,16.0,0.0,0.0,27.0
2021-04-02,57.0,26.0,0.0,0.0,35.0
2021-04-03,56.0,16.0,0.0,0.0,29.0
2021-04-04,49.0,24.0,0.0,0.0,27.0
2021-04-05,60.0,16.0,0.0,0.0,23.0
2021-04-06,53.0,22.0,0.0,0.0,26.0
2021-04-07,57.0,15.0,0.0,0.0,30.0
2021-04-08,46.0,21.0,0.0,0.0,25.0
2021-04-09,50.0,20.0,0.0,0.0,27.0
2021-04-10,56.0,22.0,0.0,0.0,29.0
2021-04-11,48.0,21.0,0.0,0.0,25.0
2021-04-12,53.0,26.0,0.0,0.0,21.0
2021-04-13,44.0,37.0,0.0,0.0,33.0
2021-04-14,52.0,38.0,0.0,0.0,26.0
2021-04-15,57.0,36.0,0.0,0.0,39.0
2021-04-16,48.0,66.0,0.0,0.0,41.0
2021-04-17,36.0,71.0,0.0,0.0,31.0
2021-04-18,44.0,38.0,0.0,0.0,35.0
2021-04-19,41.0,31.0,0.0,0.0,22.0
2021-04-20,46.0,25.0,0.0,0.0,26.0
2021-04-21,41.0,23.0,0.0,0.0,26.0
2021-04-22,43.0,11.0,0.0,0.0,28.0
2021-04-23,29.0,16.0,0.0,0.0,21.0
2021-04-24,33.0,11.0,0.0,0.0,23.0
2021-04-25,40.0,21.0,6.0,0.0,20.0
2021-04-26,41.0,14.0,0.0,0.0,19.0
2021-04-27,32.0,14.0,0.0,0.0,17.0
2021-04-28,35.0,13.0,0.0,0.0,19.0
2021-04-29,30.0,15.0,0.0,0.0,20.0
2021-04-30,34.0,15.0,0.0,0.0,20.0
2021-05-01,27.0,14.0,0.0,0.0,17.0
2021-05-02,30.0,19.0,0.0,0.0,16.0
2021-05-03,40.0,16.0,0.0,7.0,18.0
2021-05-04,41.0,13.0,0.0,0.0,19.0
2021-05-05,41.0,13.0,0.0,0.0,19.0
2021-05-06,43.0,18.0,0.0,0.0,25.0
2021-05-07,37.0,11.0,0.0,0.0,17.0
2021-05-08,36.0,19.0,0.0,0.0,21.0
2021-05-09,25.0,19.0,0.0,0.0,16.0
2021-05-10,35.0,13.0,0.0,0.0,18.0
2021-05-11,29.0,11.0,0.0,0.0,11.0
2021-05-12,36.0,15.0,0.0,0.0,14.0
2021-05-13,32.0,18.0,0.0,0.0,19.0
2021-05-14,31.0,18.0,0.0,0.0,12.0
2021-05-15,33.0,14.0,0.0,0.0,17.0
2021-05-16,30.0,15.0,0.0,0.0,17.0
2021-05-17,31.0,18.0,0.0,0.0,18.0
2021-05-18,27.0,15.0,0.0,0.0,15.0
2021-05-19,36.0,17.0,0.0,0.0,20.0
2021-05-20,34.0,20.0,0.0,6.0,20.0
2021-05-21,32.0,17.0,0.0,0.0,20.0
2021-05-22,31.0,14.0,0.0,0.0,22.0
2021-05-23,33.0,9.0,0.0,0.0,19.0
2021-05-24,32.0,17.0,7.0,7.0,28.0
2021-05-25,31.0,18.0,0.0,0.0,20.0
2021-05-26,33.0,18.0,0.0,0.0,22.0
2021-05-27,25.0,25.0,0.0,0.0,19.0
2021-05-28,29.0,16.0,0.0,0.0,23.0
2021-05-29,27.0,24.0,0.0,0.0,17.0
2021-05-30,28.0,17.0,0.0,0.0,11.0
2021-05-31,30.0,14.0,0.0,0.0,16.0
2021-06-01,30.0,18.0,0.0,0.0,21.0
2021-06-02,26.0,24.0,0.0,0.0,20.0
2021-06-03,43.0,21.0,0.0,7.0,16.0
2021-06-04,32.0,19.0,9.0,0.0,19.0
2021-06-05,33.0,37.0,7.0,0.0,19.0
2021-06-06,27.0,17.0,0.0,0.0,20.0
2021-06-07,28.0,32.0,0.0,0.0,16.0
2021-06-08,33.0,28.0,0.0,0.0,21.0
2021-06-09,37.0,33.0,10.0,0.0,19.0
2021-06-10,41.0,39.0,13.0,0.0,16.0
2021-06-11,31.0,34.0,8.0,0.0,20.0
2021-06-12,31.0,36.0,12.0,0.0,21.0
2021-06-13,35.0,34.0,11.0,0.0,21.0
2021-06-14,39.0,45.0,14.0,0.0,18.0
2021-06-15,36.0,32.0,13.0,0.0,24.0
2021-06-16,39.0,38.0,18.0,0.0,20.0
2021-06-17,36.0,34.0,15.0,0.0,24.0
2021-06-18,29.0,35.0,13.0,0.0,23.0
2021-06-19,35.0,23.0,7.0,0.0,21.0
2021-06-20,31.0,24.0,8.0,0.0,21.0
2021-06-21,33.0,32.0,9.0,0.0,18.0
2021-06-22,34.0,33.0,9.0,0.0,24.0
2021-06-23,37.0,40.0,6.0,0.0,19.0
2021-06-24,35.0,35.0,6.0,0.0,21.0
2021-06-25,36.0,31.0,0.0,6.0,20.0
2021-06-26,35.0,33.0,0.0,0.0,20.0
2021-06-27,37.0,30.0,0.0,0.0,21.0
2021-06-28,40.0,30.0,0.0,0.0,22.0
2021-06-29,47.0,37.0,0.0,0.0,18.0
2021-06-30,44.0,45.0,0.0,0.0,16.0
2021-07-01,47.0,27.0,6.0,0.0,20.0
2021-07-02,51.0,23.0,0.0,0.0,19.0
2021-07-03,45.0,26.0,0.0,0.0,23.0
2021-07-04,37.0,26.0,0.0,0.0,19.0
2021-07-05,38.0,21.0,6.0,0.0,23.0
2021-07-06,22.5,16.5,0.0,0.0,12.5
2021-07-07,15.0,11.0,0.0,0.0,8.0
2021-07-08,19.0,11.0,3.0,0.0,9.0
2021-07-09,27.0,12.0,0.0,0.0,12.0
2021-07-10,25.0,13.0,3.0,0.0,10.0
2021-07-11,19.0,10.0,0.0,0.0,10.0
2021-07-12,17.0,15.0,0.0,0.0,11.0
2021-07-13,20.0,12.0,0.0,0.0,11.0
2021-07-14,21.0,10.0,0.0,0.0,11.0
2021-07-15,24.0,14.0,0.0,0.0,8.0
2021-07-16,26.0,12.0,3.0,0.0,14.0
2021-07-17,28.0,11.0,0.0,3.0,9.0
2021-07-18,24.0,13.0,0.0,0.0,9.0
2021-07-19,21.0,12.0,0.0,0.0,13.0
2021-07-20,18.0,8.0,0.0,0.0,12.0
2021-07-21,19.0,8.0,0.0,0.0,10.0
2021-07-22,16.0,11.0,0.0,0.0,12.0
2021-07-23,20.0,12.0,0.0,3.0,10.0
2021-07-24,18.0,10.0,3.0,0.0,11.0
2021-07-25,20.0,10.0,0.0,0.0,9.0
2021-07-26,20.0,10.0,0.0,0.0,11.0
2021-07-27,17.0,11.0,4.0,0.0,8.0
2021-07-28,19.0,8.0,3.0,0.0,11.0
2021-07-29,21.0,8.0,3.0,0.0,10.0
2021-07-30,20.0,9.0,0.0,0.0,10.0
2021-07-31,21.0,10.0,3.0,0.0,10.0
2021-08-01,25.0,9.0,4.0,0.0,11.0
2021-08-02,24.0,9.0,0.0,0.0,11.0
2021-08-03,22.0,7.0,0.0,0.0,12.0
2021-08-04,27.0,8.0,3.0,0.0,9.0
2021-08-05,24.0,7.0,0.0,0.0,12.0
2021-08-06,30.0,8.0,0.0,0.0,7.0
2021-08-07,24.0,11.0,0.0,0.0,10.0
2021-08-08,26.0,9.0,0.0,0.0,10.0
2021-08-09,29.0,10.0,3.0,0.0,13.0
2021-08-10,35.0,9.0,4.0,0.0,12.0
2021-08-11,33.0,9.0,0.0,0.0,12.0
2021-08-12,37.0,8.0,0.0,0.0,18.0
2021-08-13,56.0,8.0,3.0,0.0,12.0
2021-08-14,46.0,9.0,0.0,0.0,11.0
2021-08-15,32.0,8.0,0.0,0.0,10.0
2021-08-16,54.0,9.0,0.0,0.0,12.0
2021-08-17,44.0,9.0,3.0,0.0,13.0
2021-08-18,40.0,13.0,4.0,0.0,13.0
2021-08-19,34.0,17.0,0.0,4.0,14.0
2021-08-20,31.0,14.0,0.0,0.0,12.0
2021-08-21,25.0,12.0,0.0,0.0,12.0
2021-08-22,23.0,9.0,0.0,0.0,10.0
2021-08-23,32.0,10.0,0.0,0.0,13.0
2021-08-24,26.0,10.0,3.0,0.0,14.0
2021-08-25,27.0,10.0,0.0,0.0,14.0
2021-08-26,20.0,6.0,5.0,0.0,14.0
2021-08-27,21.0,10.0,3.0,0.0,13.0
2021-08-28,23.0,10.0,0.0,0.0,15.0
2021-08-29,25.0,8.0,4.0,0.0,13.0
2021-08-30,21.0,11.0,3.0,0.0,11.0
2021-08-31,23.0,12.0,0.0,0.0,18.0
2021-09-01,26.0,10.0,6.0,0.0,19.0
2021-09-02,33.0,10.0,9.0,0.0,16.0
2021-09-03,30.0,9.0,6.0,0.0,19.0
2021-09-04,24.0,10.0,8.0,3.0,13.0
2021-09-05,20.0,9.0,6.0,0.0,13.0
2021-09-06,22.0,14.0,7.0,0.0,21.0
2021-09-07,21.0,13.0,7.0,0.0,17.0
2021-09-08,20.0,13.0,6.0,0.0,17.0
2021-09-09,18.0,12.0,4.0,0.0,15.0
2021-09-10,14.0,10.0,8.0,0.0,20.0
2021-09-11,16.0,12.0,7.0,0.0,18.0
2021-09-12,16.0,12.0,6.0,0.0,18.0
2021-09-13,19.0,11.0,6.0,0.0,17.0
2021-09-14,16.0,13.0,5.0,0.0,19.0
2021-09-15,23.0,12.0,8.0,0.0,17.0
2021-09-16,18.0,12.0,15.0,0.0,16.0
2021-09-17,21.0,11.0,22.0,0.0,16.0
2021-09-18,19.0,14.0,14.0,0.0,16.0
2021-09-19,13.0,10.0,8.0,0.0,18.0
2021-09-20,17.0,11.0,6.0,0.0,14.0
2021-09-21,11.0,17.0,6.0,0.0,22.0
2021-09-22,12.0,14.0,7.0,0.0,20.0
2021-09-23,10.0,16.0,11.0,0.0,23.0
2021-09-24,10.0,14.0,13.0,0.0,18.0
2021-09-25,12.0,25.0,18.0,0.0,21.0
2021-09-26,12.0,19.0,39.0,0.0,20.0
2021-09-27,14.0,22.0,48.0,0.0,21.0
2021-09-28,14.0,20.0,26.0,0.0,19.0
2021-09-29,13.0,21.0,18.0,0.0,23.0
2021-09-30,11.0,23.0,15.0,0.0,25.0
2021-10-01,12.0,20.0,16.0,0.0,28.0
2021-10-02,12.0,22.0,13.0,0.0,17.0
2021-10-03,11.0,16.0,8.0,0.0,18.0
2021-10-04,15.0,17.0,8.0,0.0,23.0
2021-10-05,14.0,21.0,9.0,0.0,18.0
2021-10-06,13.0,19.0,8.0,0.0,17.0
2021-10-07,12.0,23.0,6.0,0.0,21.0
2021-10-08,8.0,23.0,4.0,0.0,20.0
2021-10-09,11.0,17.0,6.0,0.0,18.0
2021-10-10,6.0,12.0,6.0,0.0,15.0
2021-10-11,14.0,17.0,6.0,3.0,14.0
2021-10-12,8.0,14.0,11.0,0.0,15.0
2021-10-13,14.0,16.0,10.0,0.0,15.0
2021-10-14,12.0,16.0,9.0,0.0,12.0
2021-10-15,10.0,17.0,9.0,0.0,13.0
2021-10-16,17.0,16.0,12.0,3.0,15.0
2021-10-17,18.0,18.0,9.0,0.0,15.0
2021-10-18,16.0,15.0,10.0,0.0,15.0
2021-10-19,15.0,14.0,11.0,3.0,13.0
2021-10-20,16.0,17.0,10.0,0.0,16.0
2021-10-21,17.0,14.0,11.0,0.0,14.0
2021-10-22,16.0,16.0,6.0,3.0,12.0
2021-10-23,14.0,16.0,4.0,0.0,14.0
2021-10-24,12.0,16.0,13.0,0.0,12.0
2021-10-25,20.0,16.0,15.0,0.0,15.0
2021-10-26,16.0,14.0,15.0,0.0,15.0
2021-10-27,17.0,19.0,10.0,0.0,17.0
2021-10-28,18.0,18.0,12.0,0.0,14.0
2021-10-29,17.0,19.0,10.0,0.0,15.0
2021-10-30,17.0,18.0,10.0,0.0,14.0
2021-10-31,15.0,18.0,9.0,0.0,13.0
2021-11-01,15.0,16.0,10.0,0.0,15.0
2021-11-02,15.0,23.0,100.0,0.0,16.0
2021-11-03,9.0,17.0,95.0,3.0,12.0
2021-11-04,8.0,11.0,28.0,0.0,10.0
2021-11-05,13.0,16.0,11.0,3.0,12.0
2021-11-06,14.0,16.0,14.0,0.0,13.0
2021-11-07,15.0,20.0,15.0,0.0,17.0
2021-11-08,13.0,25.0,12.0,0.0,19.0
2021-11-09,19.0,25.0,11.0,3.0,21.0
2021-11-10,18.0,22.0,13.0,0.0,18.0
2021-11-11,17.0,22.0,12.0,0.0,20.0
2021-11-12,15.0,34.0,12.0,0.0,20.0
2021-11-13,16.0,34.0,9.0,0.0,20.0
2021-11-14,15.0,25.0,9.0,0.0,15.0
2021-11-15,18.0,22.0,11.0,0.0,23.0
2021-11-16,20.0,20.0,10.0,0.0,21.0
2021-11-17,16.0,11.0,11.0,0.0,20.0
2021-11-18,13.0,9.0,11.0,0.0,20.0
2021-11-19,18.0,8.0,9.0,0.0,22.0
2021-11-20,16.0,11.0,9.0,0.0,24.0
2021-11-21,15.0,9.0,9.0,0.0,19.0
2021-11-22,16.0,8.0,13.0,0.0,20.0
2021-11-23,19.0,7.0,15.0,0.0,22.0
2021-11-24,16.0,8.0,13.0,0.0,19.0
2021-11-25,14.0,7.0,16.0,0.0,22.0
2021-11-26,22.0,10.0,11.0,0.0,19.0
2021-11-27,18.0,8.0,9.0,0.0,16.0
2021-11-28,16.0,7.0,10.0,0.0,16.0
2021-11-29,21.0,8.0,13.0,0.0,17.0
2021-11-30,19.0,8.0,10.0,0.0,14.0
2021-12-01,19.0,10.0,10.0,0.0,18.0
2021-12-02,16.0,4.0,8.0,0.0,15.0
2021-12-03,23.0,12.0,9.0,0.0,13.0
2021-12-04,18.0,8.0,6.0,3.0,12.0
2021-12-05,16.0,9.0,10.0,0.0,13.0
2021-12-06,20.0,9.0,9.0,0.0,11.0
2021-12-07,20.0,9.0,11.0,3.0,15.0
2021-12-08,19.0,10.0,5.0,3.0,13.0
2021-12-09,14.0,11.0,9.0,4.0,12.0
2021-12-10,16.0,10.0,8.0,0.0,13.0
2021-12-11,16.0,13.0,5.0,0.0,12.0
2021-12-12,17.0,8.0,6.0,0.0,13.0
2021-12-13,16.0,11.0,7.0,4.0,11.0
2021-12-14,17.0,12.0,5.0,0.0,13.0
2021-12-15,14.0,15.0,8.0,0.0,15.0
2021-12-16,15.0,14.0,10.0,0.0,16.0
2021-12-17,17.0,16.0,11.0,0.0,12.0
2021-12-18,19.0,14.0,9.0,0.0,15.0
2021-12-19,17.0,14.0,4.0,0.0,8.0
2021-12-20,20.0,11.0,9.0,0.0,12.0
2021-12-21,24.0,14.0,9.0,3.0,15.0
2021-12-22,19.0,22.0,3.0,0.0,14.0
2021-12-23,34.0,23.0,7.0,0.0,15.0
2021-12-24,42.0,19.0,8.0,3.0,12.0
2021-12-25,36.0,19.0,6.0,0.0,16.0
2021-12-26,32.0,19.0,9.0,0.0,12.0
2021-12-27,35.0,24.0,7.0,0.0,15.0
2021-12-28,31.0,20.0,11.0,4.0,14.0
2021-12-29,38.0,21.0,8.0,3.0,14.0
2021-12-30,36.0,19.0,11.0,3.0,12.0
2021-12-31,26.0,16.0,20.0,4.0,10.0
2022-01-01,26.0,16.0,17.0,5.0,9.0
2022-01-02,34.0,24.0,23.5,3.5,13.5
2022-01-03,46.0,29.0,24.0,4.0,18.0
2022-01-04,49.0,27.0,20.0,5.0,20.0
2022-01-05,48.0,28.0,20.0,0.0,12.0
2022-01-06,43.0,27.0,17.0,0.0,19.0
2022-01-07,39.0,27.0,17.0,4.0,17.0
2022-01-08,39.0,24.0,15.0,0.0,15.0
2022-01-09,46.0,25.0,19.0,4.0,17.0
2022-01-10,44.0,31.0,22.0,0.0,15.0
2022-01-11,34.0,31.0,21.0,4.0,13.0
2022-01-12,40.0,24.0,17.0,4.0,13.0
2022-01-13,36.0,22.0,15.0,0.0,13.0
2022-01-14,28.0,20.0,14.0,0.0,12.0
2022-01-15,41.0,21.0,13.0,0.0,12.0
2022-01-16,37.0,18.0,15.0,0.0,15.0
2022-01-17,51.0,20.0,18.0,0.0,17.0
2022-01-18,50.0,20.0,15.0,4.0,15.0
2022-01-19,41.0,18.0,15.0,0.0,17.0
2022-01-20,49.0,20.0,17.0,0.0,15.0
2022-01-21,47.0,16.0,12.0,0.0,20.0
2022-01-22,58.0,19.0,17.0,0.0,25.0
2022-01-23,64.0,19.0,15.0,3.0,21.0
2022-01-24,40.0,0.0,0.0,0.0,26.0
2022-01-25,37.0,22.0,12.0,0.0,14.0
2022-01-26,34.0,15.0,16.0,4.0,15.0
2022-01-27,42.0,18.0,17.0,0.0,19.0
2022-01-28,42.0,20.0,22.0,4.0,20.0
2022-01-29,40.0,15.0,21.0,4.0,17.0
2022-01-30,43.0,18.0,20.0,5.0,16.0
2022-01-31,34.0,16.0,20.0,0.0,15.0
2022-02-01,44.0,18.0,19.0,4.0,20.0
2022-02-02,42.0,15.0,19.0,0.0,19.0
2022-02-03,45.0,19.0,18.0,5.0,19.0
2022-02-04,40.0,14.0,16.0,0.0,17.0
2022-02-05,38.0,11.0,16.0,0.0,17.0
2022-02-06,29.0,13.0,15.0,0.0,12.0
2022-02-07,31.0,10.0,47.0,7.0,18.0
2022-02-08,34.0,10.0,29.0,4.0,18.0
2022-02-09,39.0,15.0,23.0,4.0,17.0
2022-02-10,34.0,14.0,24.0,5.0,21.0
2022-02-11,38.0,11.0,14.0,5.0,19.0
2022-02-12,34.0,7.0,15.0,7.0,18.0
2022-02-13,37.0,11.0,14.0,8.0,17.0
2022-02-14,38.0,11.0,14.0,7.0,15.0
2022-02-15,42.0,10.0,15.0,6.0,24.0
2022-02-16,36.0,14.0,12.0,7.0,24.0
2022-02-17,34.0,13.0,11.0,8.0,25.0
2022-02-18,34.0,13.0,14.0,5.0,28.0
2022-02-19,29.0,10.0,13.0,4.0,39.0
2022-02-20,25.0,11.0,13.0,0.0,19.0
2022-02-21,29.0,10.0,15.0,4.0,20.0
2022-02-22,33.0,11.0,14.0,5.0,22.0
2022-02-23,33.0,12.0,15.0,6.0,20.0
2022-02-24,30.0,10.0,21.0,4.0,22.0
2022-02-25,32.0,12.0,16.0,4.0,18.0
2022-02-26,32.0,11.0,19.0,0.0,16.0
2022-02-27,32.0,10.0,33.0,0.0,10.0
2022-02-28,31.0,12.0,25.0,0.0,16.0
2022-03-01,29.0,9.0,17.0,0.0,14.0
2022-03-02,31.0,10.0,12.0,0.0,21.0
2022-03-03,40.0,9.0,15.0,0.0,17.0
2022-03-04,35.0,12.0,13.0,0.0,17.0
2022-03-05,29.0,9.0,11.0,0.0,14.0
2022-03-06,32.0,15.0,15.0,0.0,14.0
2022-03-07,40.0,10.0,15.0,0.0,15.0
2022-03-08,33.0,14.0,10.0,0.0,14.0
2022-03-09,33.0,15.0,15.0,4.0,17.0
2022-03-10,31.0,10.0,11.0,5.0,15.0
2022-03-11,34.0,11.0,15.0,0.0,15.0
2022-03-12,31.0,12.0,12.0,4.0,13.0
2022-03-13,23.0,14.0,13.0,0.0,14.0
2022-03-14,32.0,12.0,12.0,0.0,14.0
2022-03-15,37.0,13.0,10.0,5.0,15.0
2022-03-16,27.0,18.0,8.0,0.0,14.0
2022-03-17,29.0,14.0,6.0,0.0,12.0
2022-03-18,18.0,14.0,6.0,0.0,10.0
2022-03-19,24.0,20.0,11.0,0.0,13.0
2022-03-20,25.0,16.0,8.0,0.0,15.0
2022-03-21,40.0,23.0,11.0,0.0,14.0
2022-03-22,38.0,18.0,12.0,4.0,11.0
2022-03-23,42.0,18.0,11.0,0.0,15.0
2022-03-24,38.0,16.0,10.0,0.0,15.0
2022-03-25,39.0,17.0,12.0,5.0,15.0
2022-03-26,46.0,24.0,7.0,4.0,17.0
2022-03-27,31.0,18.0,12.0,0.0,13.0
2022-03-28,46.0,19.0,13.0,0.0,16.0
2022-03-29,39.0,19.0,12.0,0.0,17.0
2022-03-30,35.0,18.0,10.0,0.0,17.0
2022-03-31,36.0,22.0,13.0,0.0,20.0
2022-04-01,36.0,22.0,10.0,0.0,18.0
2022-04-02,44.0,20.0,19.0,0.0,13.0
2022-04-03,35.0,24.0,10.0,0.0,13.0
2022-04-04,42.0,22.0,9.0,0.0,15.0
2022-04-05,44.0,25.0,13.0,0.0,16.0
2022-04-06,34.0,19.0,0.0,0.0,20.0
2022-04-07,44.0,33.0,0.0,0.0,15.0
2022-04-08,44.0,27.0,11.0,0.0,12.0
2022-04-09,38.0,40.0,0.0,0.0,18.0
2022-04-10,49.0,32.0,10.0,0.0,16.0
2022-04-11,100.0,28.0,8.0,0.0,18.0
2022-04-12,77.0,19.0,16.0,0.0,18.0
2022-04-13,48.0,19.0,13.0,0.0,18.0
2022-04-14,47.0,17.0,11.0,0.0,12.0
2022-04-15,46.0,11.0,10.0,0.0,17.0
2022-04-16,43.0,16.0,14.0,0.0,19.0
2022-04-17,53.0,11.0,20.0,0.0,16.0
2022-04-18,52.0,16.0,19.0,0.0,15.0
2022-04-19,43.0,9.0,14.0,0.0,14.0
2022-04-20,40.0,13.0,12.0,0.0,18.0
2022-04-21,33.0,12.0,11.0,0.0,17.0
2022-04-22,30.0,13.0,11.0,0.0,18.0
2022-04-23,22.0,13.0,15.0,0.0,14.0
2022-04-24,27.0,11.0,14.0,0.0,15.0
2022-04-25,31.0,11.0,14.0,0.0,13.0
2022-04-26,25.0,13.0,21.0,0.0,18.0
2022-04-27,37.0,14.0,15.0,0.0,16.0
2022-04-28,26.0,16.0,16.0,0.0,15.0
2022-04-29,29.0,12.0,13.0,0.0,14.0
2022-04-30,23.0,13.0,17.0,0.0,17.0
2022-05-01,20.0,13.0,12.0,0.0,25.0
2022-05-02,39.0,16.0,13.0,0.0,23.0
2022-05-03,31.0,14.0,14.0,0.0,24.0
2022-05-04,22.0,16.0,12.0,0.0,21.0
2022-05-05,24.0,16.0,11.0,0.0,21.0
2022-05-06,18.0,13.0,14.0,0.0,20.0
2022-05-07,18.0,17.0,13.0,5.0,20.0
2022-05-08,19.0,16.0,13.0,0.0,19.0
2022-05-09,20.0,22.0,14.0,0.0,20.0
2022-05-10,26.0,22.0,16.0,4.0,26.0
2022-05-11,20.0,22.0,15.0,0.0,26.0
2022-05-12,53.0,38.0,58.0,8.0,54.0
2022-05-13,54.0,37.0,66.0,8.0,48.0
2022-05-14,57.0,39.0,55.0,8.0,51.0
2022-05-15,50.0,37.0,53.0,8.0,50.0
2022-05-16,51.0,38.0,57.0,8.0,59.0
2022-05-17,48.0,41.0,60.0,7.0,60.0
2022-05-18,50.0,65.0,62.0,7.0,63.0
2022-05-19,53.0,71.0,64.0,8.0,72.0
2022-05-20,51.0,63.0,67.0,8.0,82.0
2022-05-21,48.0,64.0,60.0,7.0,59.0
2022-05-22,46.0,62.0,56.0,9.0,50.0
2022-05-23,51.0,63.0,57.0,7.0,55.0
2022-05-24,52.0,61.0,60.0,8.0,54.0
2022-05-25,49.0,58.0,66.0,7.0,52.0
2022-05-26,50.0,61.0,71.0,8.0,54.0
2022-05-27,47.0,59.0,63.0,7.0,48.0
2022-05-28,49.0,63.0,61.0,6.0,47.0
2022-05-29,48.0,47.0,49.0,6.0,47.0
2022-05-30,47.0,47.0,53.0,6.0,50.0
2022-05-31,48.0,49.0,54.0,7.0,47.0
2022-06-01,47.0,47.0,61.0,8.0,45.0
2022-06-02,48.0,53.0,68.0,8.0,48.0
2022-06-03,44.0,54.0,61.0,8.0,46.0
2022-06-04,66.0,52.0,67.0,7.0,44.0
2022-06-05,64.0,57.0,60.0,6.0,42.0
2022-06-06,65.0,73.0,62.0,8.0,43.0
2022-06-07,63.0,76.0,65.0,9.0,49.0
2022-06-08,61.0,61.0,62.0,8.0,48.0
2022-06-09,62.0,55.0,62.0,8.0,45.0
2022-06-10,56.0,55.0,57.0,7.0,42.0
2022-06-11,63.0,51.0,61.0,7.0,40.0
2022-06-12,65.0,52.0,56.0,6.0,37.0
2022-06-13,63.0,49.0,61.0,7.0,44.0
2022-06-14,58.0,54.0,61.0,8.0,44.0
2022-06-15,66.0,54.0,66.0,9.0,45.0
2022-06-16,64.0,52.0,62.0,8.0,48.0
2022-06-17,62.0,49.0,61.0,7.0,46.0
2022-06-18,60.0,44.0,63.0,8.0,42.0
2022-06-19,54.0,48.0,60.0,8.0,38.0
2022-06-20,71.0,47.0,69.0,9.0,45.0
2022-06-21,69.0,48.0,68.0,7.0,44.0
2022-06-22,71.0,47.0,72.0,8.0,43.0
2022-06-23,62.0,50.0,71.0,8.0,45.0
2022-06-24,67.0,46.0,73.0,7.0,42.0
2022-06-25,64.0,49.0,73.0,10.0,48.0
2022-06-26,58.0,47.0,67.0,8.0,62.0
2022-06-27,71.0,50.0,75.0,10.0,65.0
2022-06-28,66.0,46.0,71.0,9.0,64.0
2022-06-29,66.0,46.0,29.0,7.0,64.0
2022-06-30,63.0,44.0,29.0,8.0,69.0
2022-07-01,40.5,28.5,26.5,4.5,44.0
2022-07-02,12.0,8.0,13.0,1.0,13.0
2022-07-03,11.0,7.0,16.0,1.0,14.0
2022-07-04,17.0,8.0,15.0,2.0,15.0
2022-07-05,18.0,8.0,13.0,2.0,11.0
2022-07-06,17.0,8.0,14.0,1.0,11.0
2022-07-07,17.0,8.0,14.0,1.0,12.0
2022-07-08,15.0,8.0,13.0,1.0,10.0
2022-07-09,16.0,7.0,12.0,1.0,10.0
2022-07-10,12.0,7.0,13.0,1.0,9.0
2022-07-11,16.0,8.0,15.0,2.0,10.0
2022-07-12,19.0,7.0,17.0,3.0,10.0
2022-07-13,17.0,8.0,20.0,3.0,9.0
2022-07-14,17.0,7.0,33.0,2.0,9.0
2022-07-15,16.0,6.0,25.0,2.0,9.0
2022-07-16,16.0,6.0,22.0,2.0,8.0
2022-07-17,15.0,6.0,21.0,2.0,8.0
2022-07-18,17.0,6.0,28.0,2.0,8.0
2022-07-19,18.0,6.0,33.0,2.0,8.0
2022-07-20,18.0,6.0,37.0,2.0,9.0
2022-07-21,17.0,6.0,29.0,2.0,8.0
2022-07-22,18.0,6.0,37.0,2.0,8.0
2022-07-23,16.0,6.0,68.0,2.0,8.0
2022-07-24,14.0,6.0,53.0,2.0,7.0
2022-07-25,16.0,6.0,50.0,2.0,8.0
2022-07-26,16.0,6.0,100.0,2.0,8.0
2022-07-27,18.0,7.0,40.0,2.0,9.0
2022-07-28,18.0,6.0,23.0,2.0,8.0
2022-07-29,18.0,6.0,20.0,2.0,8.0
2022-07-30,17.0,6.0,15.0,2.0,8.0
2022-07-31,16.0,6.0,12.0,2.0,8.0
2022-08-01,19.0,6.0,12.0,2.0,11.0
2022-08-02,19.0,8.0,11.0,2.0,11.0
2022-08-03,17.0,8.0,10.0,2.0,11.0
2022-08-04,18.0,8.0,9.0,2.0,13.0
2022-08-05,17.0,8.0,9.0,2.0,13.0
2022-08-06,17.0,6.0,7.0,2.0,13.0
2022-08-07,14.0,6.0,6.0,2.0,13.0
2022-08-08,18.0,6.0,7.0,3.0,17.0
2022-08-09,16.0,7.0,7.0,3.0,9.0
2022-08-10,15.0,7.0,11.0,3.0,7.0
2022-08-11,13.0,6.0,8.0,2.0,5.0
2022-08-12,13.0,6.0,8.0,2.0,6.0
2022-08-13,16.0,8.0,8.0,2.0,6.0
2022-08-14,16.0,8.0,7.0,2.0,5.0
2022-08-15,15.0,8.0,7.0,2.0,5.0
2022-08-16,19.0,10.0,10.0,2.0,6.0
2022-08-17,19.0,10.0,8.0,3.0,6.0
2022-08-18,20.0,9.0,13.0,2.0,6.0
2022-08-19,19.0,9.0,16.0,2.0,5.0
2022-08-20,19.0,10.0,11.0,2.0,6.0
2022-08-21,16.0,10.0,9.0,2.0,6.0
2022-08-22,19.0,11.0,9.0,3.0,6.0
2022-08-23,18.0,11.0,9.0,2.0,7.0
2022-08-24,19.0,11.0,7.0,3.0,7.0
2022-08-25,21.0,11.0,8.0,3.0,7.0
2022-08-26,20.0,11.0,7.0,3.0,6.0
2022-08-27,18.0,10.0,6.0,2.0,6.0
2022-08-28,15.0,10.0,6.0,2.0,5.0
2022-08-29,18.0,11.0,6.0,2.0,7.0
2022-08-30,17.0,11.0,7.0,3.0,6.0
2022-08-31,15.0,10.0,6.0,2.0,6.0
2022-09-01,16.0,13.0,6.0,3.0,7.0
2022-09-02,16.0,16.0,7.0,4.0,7.0
2022-09-03,17.0,20.0,8.0,3.0,7.0
2022-09-04,13.0,18.0,7.0,3.0,7.0
2022-09-05,15.0,14.0,7.0,3.0,7.0
2022-09-06,16.0,8.0,7.0,3.0,8.0
2022-09-07,15.0,8.0,7.0,3.0,9.0
2022-09-08,16.0,10.0,7.0,3.0,9.0
2022-09-09,16.0,6.0,6.0,3.0,8.0
2022-09-10,22.0,6.0,6.0,4.0,9.0
2022-09-11,20.0,6.0,6.0,4.0,11.0
2022-09-12,23.0,6.0,8.0,4.0,12.0
2022-09-13,21.0,6.0,9.0,4.0,16.0
2022-09-14,20.0,5.0,8.0,4.0,13.0
2022-09-15,20.0,5.0,7.0,4.0,11.0
2022-09-16,17.0,6.0,7.0,6.0,14.0
2022-09-17,31.0,5.0,7.0,5.0,12.0
2022-09-18,52.0,5.0,6.0,4.0,9.0
2022-09-19,48.0,10.0,8.0,3.0,10.0
2022-09-20,41.0,10.0,10.0,3.0,10.0
2022-09-21,39.0,7.0,8.0,2.0,10.0
2022-09-22,37.0,6.0,6.0,2.0,10.0
2022-09-23,32.0,5.0,7.0,2.0,10.0
2022-09-24,30.0,5.0,6.0,2.0,9.0
2022-09-25,27.0,5.0,6.0,2.0,9.0
2022-09-26,31.0,4.0,6.0,2.0,11.0
2022-09-27,32.0,4.0,7.0,2.0,12.0
2022-09-28,30.0,4.0,8.0,2.0,13.0
2022-09-29,29.0,4.0,23.0,2.0,12.0
2022-09-30,31.0,4.0,17.0,2.0,10.0
2022-10-01,35.0,4.0,10.0,3.0,8.0
2022-10-02,30.0,4.0,7.0,2.0,7.0
2022-10-03,30.0,3.0,6.0,2.0,8.0
2022-10-04,26.0,4.0,6.0,2.0,8.0
2022-10-05,29.0,4.0,6.0,1.0,8.0
2022-10-06,38.0,4.0,6.0,2.0,10.0
2022-10-07,42.0,4.0,6.0,1.0,11.0
2022-10-08,46.0,4.0,6.0,2.0,10.0
2022-10-09,34.0,4.0,5.0,1.0,10.0
2022-10-10,39.0,4.0,5.0,1.0,13.0
2022-10-11,41.0,4.0,5.0,2.0,13.0
2022-10-12,40.0,4.0,5.0,2.0,11.0
2022-10-13,39.0,3.0,4.0,2.0,9.0
2022-10-14,30.0,4.0,5.0,2.0,8.0
2022-10-15,30.0,4.0,5.0,2.0,6.0
2022-10-16,29.0,4.0,5.0,2.0,6.0
2022-10-17,36.0,3.0,6.0,2.0,6.0
2022-10-18,34.0,3.0,8.0,2.0,6.0
2022-10-19,32.0,3.0,6.0,2.0,9.0
2022-10-20,25.0,3.0,5.0,2.0,8.0
2022-10-21,24.0,2.0,5.0,1.0,7.0
2022-10-22,21.0,2.0,4.0,1.0,11.0
2022-10-23,17.0,2.0,3.0,1.0,7.0
2022-10-24,14.0,2.0,2.0,1.0,4.0
2022-10-25,18.0,2.0,3.0,1.0,5.0
2022-10-26,26.0,3.0,4.0,1.0,6.0
2022-10-27,26.0,3.0,4.0,1.0,6.0
2022-10-28,31.0,3.0,5.0,3.0,7.0
2022-10-29,26.0,3.0,5.0,4.0,7.0
2022-10-30,21.0,3.0,4.0,2.0,6.0
2022-10-31,39.0,3.0,5.0,2.0,7.0
2022-11-01,43.0,3.0,5.0,2.0,9.0
2022-11-02,35.0,2.0,6.0,2.0,11.0
2022-11-03,37.0,3.0,6.0,2.0,11.0
2022-11-04,32.0,3.0,5.0,2.0,8.0
2022-11-05,32.0,3.0,5.0,2.0,24.0
2022-11-06,28.0,2.0,4.0,2.0,13.0
2022-11-07,36.0,3.0,5.0,2.0,10.0
2022-11-08,36.0,3.0,5.0,2.0,7.0
2022-11-09,37.0,2.0,5.0,2.0,8.0
2022-11-10,32.0,3.0,5.0,2.0,7.0
2022-11-11,37.0,2.0,5.0,2.0,7.0
2022-11-12,38.0,2.0,5.0,1.0,6.0
2022-11-13,33.0,2.0,4.0,1.0,5.0
2022-11-14,40.0,2.0,6.0,2.0,5.0
2022-11-15,38.0,2.0,6.0,2.0,6.0
2022-11-16,37.0,3.0,6.0,2.0,6.0
2022-11-17,41.0,2.0,7.0,3.0,6.0
2022-11-18,38.0,3.0,6.0,2.0,6.0
2022-11-19,37.0,3.0,6.0,2.0,6.0
2022-11-20,35.0,2.0,5.0,1.0,4.0
2022-11-21,44.0,2.0,6.0,2.0,5.0
2022-11-22,45.0,2.0,6.0,2.0,6.0
2022-11-23,44.0,2.0,6.0,1.0,5.0
2022-11-24,45.0,2.0,6.0,2.0,5.0
2022-11-25,38.0,2.0,5.0,1.0,5.0
2022-11-26,37.0,2.0,4.0,1.0,5.0
2022-11-27,35.0,3.0,4.0,1.0,4.0
2022-11-28,40.0,3.0,4.0,1.0,5.0
2022-11-29,45.0,3.0,5.0,1.0,5.0
2022-11-30,47.0,3.0,7.0,1.0,5.0
2022-12-01,92.0,2.0,5.0,1.0,5.0
2022-12-02,71.0,3.0,5.0,1.0,5.0
2022-12-03,54.0,3.0,4.0,1.0,4.0
2022-12-04,45.0,3.0,5.0,1.0,4.0
2022-12-05,59.0,3.0,6.0,1.0,5.0
2022-12-06,56.0,3.0,6.0,1.0,5.0
2022-12-07,52.0,3.0,6.0,1.0,5.0
2022-12-08,47.0,3.0,5.0,1.0,5.0
2022-12-09,42.0,3.0,6.0,1.0,5.0
2022-12-10,37.0,3.0,5.0,1.0,5.0
2022-12-11,40.0,3.0,6.0,1.0,4.0
2022-12-12,46.0,3.0,6.0,1.0,6.0
2022-12-13,44.0,3.0,7.0,1.0,6.0
2022-12-14,37.0,3.0,10.0,1.0,6.0
2022-12-15,37.0,3.0,8.0,1.0,6.0
2022-12-16,38.0,3.0,7.0,1.0,5.0
2022-12-17,64.0,3.0,6.0,1.0,5.0
2022-12-18,46.0,3.0,5.0,1.0,5.0
2022-12-19,42.0,4.0,5.0,1.0,5.0
2022-12-20,37.0,4.0,5.0,1.0,5.0
2022-12-21,29.0,9.0,6.0,1.0,5.0
2022-12-22,28.0,8.0,6.0,1.0,5.0
2022-12-23,40.0,9.0,7.0,1.0,4.0
2022-12-24,29.0,7.0,6.0,1.0,4.0
2022-12-25,21.0,7.0,6.0,1.0,4.0
2022-12-26,31.0,8.0,7.0,1.0,5.0
2022-12-27,29.0,8.0,7.0,1.0,5.0
2022-12-28,30.5,9.5,9.0,1.5,6.5
2022-12-29,43.0,13.0,12.0,2.0,16.0
2022-12-30,44.0,10.0,10.0,3.0,23.0
2022-12-31,37.0,12.0,11.0,2.0,15.0
2023-01-01,29.0,9.0,9.0,2.0,13.0
2023-01-02,39.0,13.0,16.0,3.0,18.0
2023-01-03,40.0,13.0,16.0,3.0,20.0
2023-01-04,44.0,13.0,16.0,2.0,19.0
2023-01-05,34.0,12.0,14.0,2.0,17.0
2023-01-06,37.0,13.0,13.0,2.0,17.0
2023-01-07,35.0,13.0,11.0,2.0,17.0
2023-01-08,38.0,14.0,12.0,2.0,15.0
2023-01-09,39.0,16.0,15.0,2.0,18.0
2023-01-10,38.0,16.0,14.0,3.0,19.0
2023-01-11,36.0,14.0,15.0,3.0,19.0
2023-01-12,36.0,11.0,15.0,2.0,19.0
2023-01-13,31.0,8.0,13.0,2.0,18.0
2023-01-14,26.0,6.0,10.0,2.0,17.0
2023-01-15,29.0,7.0,12.0,2.0,16.0
2023-01-16,37.0,8.0,14.0,2.0,23.0
2023-01-17,31.0,7.0,16.0,3.0,25.0
2023-01-18,31.0,7.0,17.0,2.0,19.0
2023-01-19,35.0,7.0,17.0,2.0,18.0
2023-01-20,37.0,7.0,18.0,2.0,17.0
2023-01-21,36.0,6.0,17.0,2.0,17.0
2023-01-22,35.0,5.0,15.0,2.0,16.0
2023-01-23,35.0,6.0,15.0,2.0,18.0
2023-01-24,31.0,6.0,15.0,2.0,16.0
2023-01-25,30.0,5.0,13.0,2.0,13.0
2023-01-26,25.0,4.0,11.0,2.0,11.0
2023-01-27,30.0,6.0,14.0,2.0,13.0
2023-01-28,31.0,5.0,13.0,2.0,13.0
2023-01-29,29.0,5.0,10.0,2.0,12.0
2023-01-30,39.0,5.0,11.0,2.0,14.0
2023-01-31,43.0,5.0,12.0,2.0,15.0
2023-02-01,36.0,6.0,12.0,2.0,15.0
2023-02-02,36.0,6.0,13.0,2.0,14.0
2023-02-03,35.0,6.0,12.0,2.0,15.0
2023-02-04,34.0,5.0,11.0,2.0,14.0
2023-02-05,33.0,5.0,10.0,2.0,11.0
2023-02-06,49.0,6.0,12.0,2.0,15.0
2023-02-07,62.0,6.0,13.0,2.0,17.0
2023-02-08,52.0,7.0,13.0,3.0,16.0
2023-02-09,78.0,6.0,13.0,2.0,15.0
2023-02-10,61.0,6.0,11.0,2.0,16.0
2023-02-11,40.0,6.0,11.0,2.0,17.0
2023-02-12,35.0,5.0,11.0,2.0,14.0
2023-02-13,43.0,6.0,13.0,2.0,17.0
2023-02-14,37.0,6.0,14.0,3.0,18.0
2023-02-15,38.0,6.0,14.0,2.0,18.0
2023-02-16,36.0,6.0,15.0,2.0,18.0
2023-02-17,35.0,5.0,27.0,2.0,15.0
2023-02-18,31.0,4.0,15.0,2.0,14.0
2023-02-19,31.0,5.0,14.0,2.0,15.0
2023-02-20,37.0,6.0,15.0,2.0,19.0
2023-02-21,41.0,6.0,16.0,2.0,23.0
2023-02-22,54.0,5.0,15.0,2.0,20.0
2023-02-23,43.0,6.0,18.0,2.0,20.0
2023-02-24,41.0,5.0,19.0,2.0,19.0
2023-02-25,39.0,6.0,69.0,2.0,19.0
2023-02-26,37.0,5.0,49.0,2.0,18.0
2023-02-27,53.0,6.0,47.0,3.0,23.0
2023-02-28,46.0,6.0,32.0,3.0,28.0
2023-03-01,47.0,6.0,28.0,3.0,27.0
2023-03-02,82.0,6.0,19.0,3.0,23.0
2023-03-03,67.0,6.0,16.0,2.0,24.0
2023-03-04,48.0,6.0,14.0,2.0,21.0
2023-03-05,40.0,6.0,11.0,2.0,18.0
2023-03-06,51.0,6.0,10.0,2.0,18.0
2023-03-07,46.0,5.0,9.0,2.0,14.0
2023-03-08,33.0,4.0,9.0,2.0,11.0
2023-03-09,37.0,7.0,10.0,3.0,17.0
2023-03-10,33.0,7.0,10.0,3.0,17.0
2023-03-11,37.0,7.0,9.0,5.0,17.0
2023-03-12,33.0,7.0,7.0,4.0,17.0
2023-03-13,56.0,8.0,8.0,5.0,18.0
2023-03-14,100.0,9.0,8.0,4.0,18.0
2023-03-15,79.0,9.0,8.0,5.0,16.0
2023-03-16,55.0,10.0,9.0,4.0,15.0
2023-03-17,57.0,10.0,9.0,4.0,14.0
2023-03-18,60.0,9.0,29.0,4.0,13.0
2023-03-19,42.0,8.0,21.0,3.0,13.0
2023-03-20,46.0,10.0,15.0,4.0,15.0
2023-03-21,39.0,10.0,14.0,4.0,16.0
2023-03-22,37.0,10.0,11.0,3.0,15.0
2023-03-23,35.0,13.0,10.0,4.0,22.0
2023-03-24,32.0,16.0,10.0,4.0,27.0
2023-03-25,30.0,14.0,9.0,4.0,20.0
2023-03-26,30.0,13.0,8.0,3.0,15.0
2023-03-27,32.0,14.0,9.0,4.0,15.0
2023-03-28,31.0,15.0,9.0,4.0,17.0
2023-03-29,32.0,14.0,8.0,4.0,15.0
2023-03-30,29.0,14.0,7.0,4.0,14.0
2023-03-31,38.0,15.0,8.0,3.0,16.0
2023-04-01,49.0,17.0,9.0,4.0,17.0
2023-04-02,51.0,16.0,8.0,3.0,16.0
2023-04-03,65.0,16.0,7.0,4.0,19.0
2023-04-04,72.0,17.0,8.0,4.0,18.0
2023-04-05,56.0,16.0,8.0,4.0,17.0
2023-04-06,46.0,15.0,8.0,4.0,22.0
2023-04-07,43.0,16.0,7.0,4.0,20.0
2023-04-08,42.0,15.0,7.0,4.0,18.0
2023-04-09,41.0,16.0,8.0,4.0,18.0
2023-04-10,46.0,18.0,10.0,5.0,23.0
2023-04-11,46.0,19.0,9.0,4.0,20.0
2023-04-12,44.0,22.0,10.0,4.0,20.0
2023-04-13,42.0,24.0,9.0,4.0,36.0
2023-04-14,37.0,25.0,8.0,4.0,27.0
2023-04-15,37.0,32.0,8.0,3.0,17.0
2023-04-16,32.0,25.0,7.0,3.0,14.0
2023-04-17,38.0,20.0,8.0,4.0,15.0
2023-04-18,41.0,19.0,9.0,4.0,16.0
2023-04-19,37.0,16.0,8.0,4.0,14.0
2023-04-20,39.0,20.0,7.0,4.0,14.0
2023-04-21,37.0,15.0,7.0,4.0,12.0
2023-04-22,37.0,14.0,6.0,3.0,12.0
2023-04-23,34.0,13.0,6.0,3.0,11.0
2023-04-24,47.0,14.0,6.0,3.0,13.0
2023-04-25,50.0,14.0,6.0,3.0,14.0
2023-04-26,55.0,16.0,6.0,3.0,13.0
2023-04-27,61.0,13.0,6.0,3.0,13.0
2023-04-28,53.0,11.0,6.0,3.0,12.0
2023-04-29,50.0,13.0,6.0,3.0,13.0
2023-04-30,48.0,13.0,6.0,3.0,11.0
2023-05-01,47.0,14.0,6.0,3.0,13.0
2023-05-02,47.0,19.0,6.0,3.0,13.0
2023-05-03,47.0,16.0,6.0,4.0,13.0
2023-05-04,37.0,15.0,6.0,3.0,12.0
2023-05-05,35.0,14.0,7.0,3.0,13.0
2023-05-06,34.0,13.0,7.0,3.0,13.0
2023-05-07,32.0,13.0,7.0,3.0,13.0
2023-05-08,36.0,13.0,7.0,4.0,13.0
2023-05-09,45.0,14.0,7.0,4.0,14.0
2023-05-10,40.0,13.0,7.0,4.0,19.0
2023-05-11,39.0,12.0,7.0,4.0,22.0
2023-05-12,38.0,13.0,6.0,3.0,19.0
2023-05-13,57.0,13.0,6.0,4.0,16.0
2023-05-14,79.0,12.0,6.0,3.0,15.0
2023-05-15,51.0,13.0,6.0,4.0,19.0
2023-05-16,48.0,12.0,7.0,4.0,18.0
2023-05-17,40.0,19.0,7.0,4.0,18.0
2023-05-18,38.0,19.0,7.0,4.0,17.0
2023-05-19,36.0,18.0,7.0,5.0,17.0
2023-05-20,34.0,16.0,7.0,4.0,16.0
2023-05-21,31.0,14.0,7.0,3.0,14.0
2023-05-22,33.0,16.0,8.0,5.0,17.0
2023-05-23,33.0,16.0,9.0,5.0,18.0
2023-05-24,32.0,16.0,11.0,5.0,17.0
2023-05-25,34.0,17.0,10.0,5.0,17.0
2023-05-26,32.0,18.0,34.0,5.0,18.0
2023-05-27,31.0,16.0,27.0,5.0,17.0
2023-05-28,30.0,15.0,14.0,5.0,16.0
2023-05-29,34.0,16.0,15.0,6.0,20.0
2023-05-30,32.0,15.0,17.0,6.0,23.0
2023-05-31,38.0,18.0,17.0,6.0,23.0
2023-06-01,34.0,18.0,15.0,7.0,20.0
2023-06-02,33.0,18.0,27.0,6.0,20.0
2023-06-03,29.0,18.0,17.0,8.0,18.0
2023-06-04,28.0,18.0,13.0,6.0,17.0
2023-06-05,33.0,21.0,19.0,9.0,21.0
2023-06-06,31.0,22.0,18.0,10.0,21.0
2023-06-07,35.0,16.0,27.0,9.0,22.0
2023-06-08,36.0,14.0,19.0,7.0,27.0
2023-06-09,33.0,14.0,23.0,5.0,27.0
2023-06-10,30.0,13.0,16.0,4.0,23.0
2023-06-11,29.0,13.0,12.0,3.0,22.0
2023-06-12,31.0,13.0,17.0,4.0,25.0
2023-06-13,33.0,13.0,20.0,3.0,28.0
2023-06-14,34.0,12.0,26.0,6.0,29.0
2023-06-15,31.0,12.0,14.0,4.0,26.0
2023-06-16,31.0,12.0,12.0,4.0,24.0
2023-06-17,34.0,12.0,11.0,3.0,22.0
2023-06-18,27.0,11.0,9.0,3.0,17.0
2023-06-19,32.0,11.0,9.0,3.0,20.0
2023-06-20,30.0,12.0,9.0,3.0,17.0
2023-06-21,34.0,12.0,11.0,4.0,16.0
2023-06-22,33.0,12.0,10.0,4.0,14.0
2023-06-23,35.0,12.0,10.0,3.0,13.0
2023-06-24,33.0,11.0,9.0,3.0,12.0
2023-06-25,30.0,10.0,8.0,3.0,10.0
2023-06-26,35.0,11.0,10.0,4.0,13.5
2023-06-27,36.0,11.0,10.0,4.0,14.0
2023-06-28,34.0,11.0,9.0,4.0,13.0
2023-06-29,34.0,11.0,9.0,4.0,12.0
2023-06-30,33.0,11.0,9.0,4.0,13.0
2023-07-01,38.0,11.0,8.0,3.0,12.0
2023-07-02,34.0,10.0,7.0,3.0,12.0
2023-07-03,44.0,11.0,9.0,4.0,14.0
2023-07-04,45.0,11.0,13.0,4.0,15.0
2023-07-05,50.0,11.0,12.0,4.0,22.0
2023-07-06,43.0,11.0,10.0,5.0,28.0
2023-07-07,41.0,10.0,10.0,4.0,23.0
2023-07-08,36.0,9.0,8.0,3.0,17.0
2023-07-09,40.0,9.0,8.0,3.0,13.0
2023-07-10,45.0,10.0,7.0,4.0,14.0
2023-07-11,53.0,11.0,9.0,4.0,14.0
2023-07-12,49.0,11.0,9.0,3.0,14.0
2023-07-13,60.0,11.0,8.0,4.0,13.0
2023-07-14,100.0,10.0,8.0,3.0,12.0
2023-07-15,71.0,9.0,8.0,3.0,11.0
2023-07-16,62.0,9.0,6.0,3.0,10.0
2023-07-17,85.0,10.0,7.0,4.0,11.0
2023-07-18,77.0,13.0,7.0,4.0,13.0
2023-07-19,75.0,13.0,7.0,4.0,13.0
2023-07-20,65.0,10.0,7.0,3.0,12.0
2023-07-21,59.0,10.0,6.0,4.0,12.0
2023-07-22,47.0,10.0,7.0,4.0,12.0
2023-07-23,48.0,9.0,7.0,3.0,10.0
2023-07-24,60.0,9.0,7.0,4.0,13.0
2023-07-25,59.0,9.0,8.0,7.0,25.0
2023-07-26,54.0,9.0,7.0,7.0,23.0
2023-07-27,47.0,9.0,7.0,5.0,17.0
2023-07-28,42.0,9.0,8.0,5.0,15.0
2023-07-29,37.0,9.0,8.0,4.0,14.0
2023-07-30,34.0,10.0,7.0,3.0,12.0
2023-07-31,37.0,10.0,8.0,6.0,14.0
2023-08-01,81.0,10.0,8.0,5.0,14.0
2023-08-02,74.0,11.0,9.0,4.0,14.0
2023-08-03,50.0,11.0,9.0,4.0,13.0
2023-08-04,46.0,11.0,8.0,3.0,13.0
2023-08-05,44.0,10.0,7.0,3.0,12.0
2023-08-06,32.0,9.0,7.0,3.0,10.0
2023-08-07,39.0,11.0,8.0,4.0,13.0
2023-08-08,40.0,11.0,8.0,4.0,14.0
2023-08-09,36.0,11.0,8.0,3.0,13.0
2023-08-10,35.0,12.0,8.0,3.0,14.0
2023-08-11,33.0,14.0,9.0,3.0,13.0
2023-08-12,31.0,13.0,8.0,3.0,12.0
2023-08-13,29.0,12.0,7.0,3.0,10.0
2023-08-14,31.0,12.0,7.0,3.0,12.0
2023-08-15,26.0,11.0,6.0,2.0,9.0
2023-08-16,33.0,14.0,7.0,3.0,13.0
2023-08-17,33.0,14.0,7.0,3.0,14.0
2023-08-18,32.0,13.0,8.0,3.0,13.0
2023-08-19,35.0,13.0,8.0,3.0,12.0
2023-08-20,33.0,12.0,7.0,3.0,10.0
2023-08-21,33.0,13.0,9.0,3.0,14.0
2023-08-22,34.0,14.0,10.0,3.0,15.0
2023-08-23,30.0,13.0,10.0,3.0,13.0
2023-08-24,31.0,14.0,14.0,3.0,13.0
2023-08-25,33.0,14.0,14.0,3.0,13.0
2023-08-26,30.0,14.0,10.0,3.0,13.0
2023-08-27,28.0,13.0,8.0,2.0,12.0
2023-08-28,31.0,14.0,11.0,3.0,13.0
2023-08-29,29.0,15.0,9.0,3.0,11.0
2023-08-30,27.0,13.0,6.0,2.0,9.0
2023-08-31,26.0,15.0,18.0,2.0,10.0
2023-09-01,32.0,21.0,13.0,3.0,13.0
2023-09-02,28.0,28.0,9.0,2.0,12.0
2023-09-03,29.0,23.0,8.0,3.0,10.0
2023-09-04,32.0,16.0,9.0,3.0,13.0
2023-09-05,32.0,11.0,9.0,3.0,13.0
2023-09-06,31.0,9.0,8.0,3.0,13.0
2023-09-07,29.0,8.0,7.0,3.0,11.0
2023-09-08,36.0,8.0,8.0,3.0,13.0
2023-09-09,32.0,8.0,11.0,3.0,13.0
2023-09-10,29.0,7.0,12.0,3.0,12.0
2023-09-11,35.0,6.0,13.0,3.0,14.0
2023-09-12,36.0,7.0,13.0,3.0,15.0
2023-09-13,35.0,7.0,12.0,3.0,15.0
2023-09-14,34.0,6.0,12.0,3.0,15.0
2023-09-15,30.0,7.0,15.0,3.0,14.0
2023-09-16,35.0,6.0,12.0,3.0,13.0
2023-09-17,25.0,6.0,9.0,2.0,10.0
2023-09-18,28.0,8.0,10.0,3.0,12.0
2023-09-19,42.0,9.0,9.0,4.0,15.0
2023-09-20,46.0,13.0,10.0,4.0,16.0
2023-09-21,34.0,10.0,10.0,4.0,15.0
2023-09-22,29.0,8.0,10.0,3.0,14.0
2023-09-23,30.0,9.0,12.0,3.0,14.0
2023-09-24,26.0,8.0,8.0,3.0,12.0
2023-09-25,31.0,15.0,8.0,4.0,14.0
2023-09-26,32.0,18.0,9.0,3.0,15.0
2023-09-27,31.0,11.0,9.0,3.0,14.0
2023-09-28,27.0,8.0,7.0,3.0,13.0
2023-09-29,31.0,8.0,8.0,3.0,14.0
2023-09-30,29.0,7.0,7.0,4.0,15.0
2023-10-01,25.0,7.0,6.0,4.0,23.0
2023-10-02,26.0,6.0,7.0,4.0,23.0
2023-10-03,28.0,6.0,7.0,4.0,26.0
2023-10-04,27.0,6.0,7.0,4.0,27.0
2023-10-05,26.0,6.0,7.0,3.0,24.0
2023-10-06,26.0,6.0,7.0,4.0,23.0
2023-10-07,27.0,7.0,7.0,4.0,22.0
2023-10-08,23.0,6.0,6.0,3.0,18.0
2023-10-09,28.0,6.0,7.0,3.0,21.0
2023-10-10,27.0,6.0,6.0,4.0,22.0
2023-10-11,27.0,5.0,6.0,4.0,21.0
2023-10-12,27.0,5.0,6.0,4.0,21.0
2023-10-13,28.0,5.0,5.0,4.0,19.0
2023-10-14,21.0,5.0,5.0,3.0,16.0
2023-10-15,21.0,5.0,5.0,3.0,15.0
2023-10-16,27.0,6.0,5.0,4.0,19.0
2023-10-17,25.0,6.0,5.0,3.0,18.0
2023-10-18,24.0,5.0,5.0,3.0,19.0
2023-10-19,23.0,5.0,5.0,3.0,18.0
2023-10-20,23.0,6.0,6.0,3.0,18.0
2023-10-21,22.0,5.0,5.0,3.0,18.0
2023-10-22,18.0,5.0,5.0,3.0,15.0
2023-10-23,19.0,4.0,5.0,3.0,16.0
2023-10-24,21.0,4.0,5.0,3.0,16.0
2023-10-25,26.0,5.0,5.0,3.0,20.0
2023-10-26,42.0,7.0,6.0,4.0,26.0
2023-10-27,32.0,8.0,6.0,4.0,26.0
2023-10-28,28.0,7.0,5.0,3.0,22.0
2023-10-29,23.0,6.0,5.0,3.0,18.0
2023-10-30,39.0,6.0,5.0,4.0,25.0
2023-10-31,37.0,6.0,5.0,4.0,26.0
2023-11-01,30.0,6.0,5.0,4.0,20.0
2023-11-02,33.0,7.0,6.0,6.0,21.0
2023-11-03,27.0,6.0,6.0,5.0,19.0
2023-11-04,26.0,6.0,5.0,4.0,18.0
2023-11-05,21.0,5.0,5.0,4.0,15.0
2023-11-06,27.0,6.0,6.0,4.0,19.0
2023-11-07,27.0,6.0,6.0,4.0,17.0
2023-11-08,26.0,5.0,6.0,4.0,16.0
2023-11-09,26.0,5.0,5.0,4.0,16.0
2023-11-10,22.0,4.0,5.0,3.0,13.0
2023-11-11,19.0,4.0,4.0,3.0,11.0
2023-11-12,12.0,3.0,4.0,2.0,8.0
2023-11-13,19.0,4.0,4.0,3.0,12.0
2023-11-14,21.0,4.0,3.0,3.0,14.0
2023-11-15,17.0,4.0,4.0,3.0,14.0
2023-11-16,21.0,5.0,4.0,4.0,16.0
2023-11-17,24.0,5.0,4.0,4.0,19.0
2023-11-18,23.0,5.0,4.0,4.0,19.0
2023-11-19,15.0,3.0,3.0,3.0,15.0
2023-11-20,24.0,5.0,5.0,4.0,20.0
2023-11-21,24.0,5.0,5.0,5.0,21.0
2023-11-22,24.0,5.0,5.0,4.0,21.0
2023-11-23,23.0,4.0,4.0,4.0,19.0
2023-11-24,23.0,5.0,4.0,4.0,19.0
2023-11-25,23.0,5.0,4.0,4.0,18.0
2023-11-26,21.0,5.0,4.0,4.0,17.0
2023-11-27,23.0,5.0,5.0,5.0,20.0
2023-11-28,25.0,5.0,4.0,5.0,20.0
2023-11-29,28.0,5.0,5.0,6.0,22.0
2023-11-30,26.0,6.0,5.0,6.0,23.0
2023-12-01,27.0,5.0,5.0,4.0,26.0
2023-12-02,26.0,5.0,5.0,4.0,25.0
2023-12-03,19.0,5.0,4.0,3.0,21.0
2023-12-04,34.0,5.0,5.0,4.0,32.0
2023-12-05,48.0,5.0,5.0,4.0,33.0
2023-12-06,35.0,5.0,5.0,5.0,38.0
2023-12-07,32.0,6.0,5.0,5.0,31.0
2023-12-08,29.0,6.0,5.0,4.0,27.0
2023-12-09,29.0,6.0,5.0,4.0,27.0
2023-12-10,26.0,6.0,5.0,3.0,24.0
2023-12-11,28.0,6.0,5.0,5.0,30.0
2023-12-12,29.0,6.0,6.0,5.0,27.0
2023-12-13,28.0,6.0,5.0,5.0,24.0
2023-12-14,26.0,6.0,5.0,5.0,18.0
2023-12-15,27.0,7.0,5.0,4.0,14.0
2023-12-16,28.0,7.0,5.0,5.0,12.0
2023-12-17,22.0,6.0,4.0,5.0,11.0
2023-12-18,30.0,6.0,4.0,6.0,12.0
2023-12-19,25.0,7.0,5.0,7.0,12.0
2023-12-20,25.0,14.0,4.0,8.0,12.0
2023-12-21,25.0,15.0,5.0,7.0,13.0
2023-12-22,26.0,12.0,4.0,7.0,12.0
2023-12-23,29.0,13.0,4.5,7.0,12.5
2023-12-24,34.0,15.0,5.0,8.0,14.0
2023-12-25,34.0,16.0,5.0,10.0,17.0
2023-12-26,34.0,15.0,5.0,13.0,20.0
2023-12-27,42.0,16.0,5.0,12.0,24.0
2023-12-28,36.0,15.0,6.0,9.0,22.0
2023-12-29,34.0,15.0,5.0,6.0,25.0
2023-12-30,34.0,13.0,5.0,4.0,25.0
2023-12-31,27.0,11.0,5.0,4.0,21.0
2024-01-01,30.0,12.0,5.0,4.0,21.0
2024-01-02,38.0,15.0,6.0,5.0,26.0
2024-01-03,39.0,15.0,5.0,5.0,40.0
2024-01-04,39.0,15.0,6.0,5.0,45.0
2024-01-05,42.0,15.0,6.0,5.0,30.0
2024-01-06,41.0,15.0,6.0,8.0,23.0
2024-01-07,37.0,16.0,6.0,7.0,19.0
2024-01-08,40.0,19.0,8.0,6.0,20.0
2024-01-09,42.0,19.0,7.0,5.0,21.0
2024-01-10,43.0,13.0,7.0,4.0,19.0
2024-01-11,41.0,12.0,6.0,4.0,16.0
2024-01-12,36.0,10.0,6.0,3.0,15.0
2024-01-13,37.0,9.0,5.0,4.0,13.0
2024-01-14,30.0,8.0,4.0,3.0,12.0
2024-01-15,36.0,9.0,4.0,3.0,13.0
2024-01-16,41.0,9.0,5.0,3.0,18.0
2024-01-17,40.0,9.0,6.0,4.0,72.0
2024-01-18,45.0,9.0,5.0,3.0,55.0
2024-01-19,41.0,8.0,5.0,4.0,69.0
2024-01-20,34.0,8.0,5.0,4.0,27.0
2024-01-21,43.0,7.0,4.0,3.0,20.0
2024-01-22,32.0,6.0,3.0,3.0,16.0
2024-01-23,43.0,8.0,5.0,4.0,23.0
2024-01-24,43.0,9.0,5.0,5.0,21.0
2024-01-25,43.0,8.0,6.0,5.0,19.0
2024-01-26,36.0,8.0,5.0,3.0,14.0
2024-01-27,41.0,11.0,5.0,4.0,17.0
2024-01-28,49.0,12.0,5.0,4.0,16.0
2024-01-29,56.0,10.0,5.0,4.0,16.0
2024-01-30,46.0,8.0,5.0,5.0,19.0
2024-01-31,42.0,8.0,5.0,5.0,18.0
2024-02-01,37.0,9.0,6.0,5.0,17.0
2024-02-02,36.0,8.0,5.0,4.0,17.0
2024-02-03,33.0,8.0,5.0,4.0,16.0
2024-02-04,30.0,8.0,5.0,9.0,14.0
2024-02-05,35.0,7.0,6.0,7.0,17.0
2024-02-06,33.0,7.0,6.0,6.0,16.0
2024-02-07,33.0,8.0,6.0,5.0,17.0
2024-02-08,34.0,9.0,7.0,5.0,16.0
2024-02-09,32.0,8.0,6.0,5.0,16.0
2024-02-10,31.0,8.0,6.0,4.0,16.0
2024-02-11,28.0,7.0,6.0,4.0,13.0
2024-02-12,31.0,7.0,6.0,5.0,16.0
2024-02-13,31.0,8.0,6.0,5.0,15.0
2024-02-14,28.0,7.0,6.0,5.0,13.0
2024-02-15,31.0,7.0,7.0,5.0,17.0
2024-02-16,32.0,7.0,6.0,6.0,16.0
2024-02-17,30.0,7.0,5.0,5.0,15.0
2024-02-18,30.0,6.0,5.0,4.0,13.0
2024-02-19,35.0,7.0,6.0,9.0,17.0
2024-02-20,35.0,7.0,6.0,6.0,17.0
2024-02-21,36.0,7.0,6.0,6.0,16.0
2024-02-22,37.0,7.0,6.0,5.0,18.0
2024-02-23,34.0,8.0,6.0,5.0,16.0
2024-02-24,32.0,7.0,5.0,4.0,15.0
2024-02-25,32.0,7.0,5.0,3.0,13.0
2024-02-26,35.0,7.0,6.0,5.0,15.0
2024-02-27,34.0,7.0,6.0,4.0,18.0
2024-02-28,40.0,8.0,6.0,4.0,17.0
2024-02-29,37.0,8.0,6.0,5.0,19.0
2024-03-01,39.0,7.0,5.0,5.0,18.0
2024-03-02,36.0,8.0,5.0,4.0,16.0
2024-03-03,34.0,8.0,5.0,3.0,13.0
2024-03-04,36.0,9.0,5.0,4.0,15.0
2024-03-05,34.0,8.0,5.0,4.0,17.0
2024-03-06,34.0,9.0,6.0,4.0,17.0
2024-03-07,33.0,9.0,7.0,4.0,17.0
2024-03-08,27.0,9.0,5.0,3.0,12.0
2024-03-09,32.0,13.0,5.0,3.0,15.0
2024-03-10,30.0,10.0,5.0,4.0,13.0
2024-03-11,33.0,12.0,6.0,4.0,17.0
2024-03-12,32.0,13.0,6.0,4.0,18.0
2024-03-13,34.0,13.0,6.0,4.0,17.0
2024-03-14,36.0,15.0,6.0,4.0,17.0
2024-03-15,34.0,14.0,6.0,3.0,18.0
2024-03-16,32.0,13.0,6.0,4.0,16.0
2024-03-17,28.0,13.0,5.0,3.0,14.0
2024-03-18,32.0,14.0,5.0,4.0,18.0
2024-03-19,34.0,14.0,5.0,4.0,18.0
2024-03-20,34.0,14.0,4.0,4.0,17.0
2024-03-21,32.0,14.0,5.0,4.0,18.0
2024-03-22,28.0,14.0,4.0,3.0,16.0
2024-03-23,27.0,13.0,4.0,3.0,15.0
2024-03-24,21.0,10.0,3.0,3.0,11.0
2024-03-25,18.0,9.0,3.0,2.0,10.0
2024-03-26,26.0,13.0,4.0,4.0,14.0
2024-03-27,28.0,14.0,4.0,4.0,17.0
2024-03-28,30.0,14.0,3.0,4.0,23.0
2024-03-29,29.0,14.0,4.0,4.0,18.0
2024-03-30,30.0,14.0,4.0,4.0,16.0
2024-03-31,27.0,14.0,4.0,3.0,14.0
2024-04-01,33.0,17.0,4.0,5.0,19.0
2024-04-02,33.0,18.0,5.0,4.0,19.0
2024-04-03,32.0,19.0,4.0,4.0,20.0
2024-04-04,34.0,20.0,5.0,5.0,19.0
2024-04-05,32.0,18.0,4.0,4.0,19.0
2024-04-06,37.0,19.0,4.0,4.0,18.0
2024-04-07,28.0,18.0,4.0,3.0,16.0
2024-04-08,30.0,18.0,4.0,4.0,19.0
2024-04-09,31.0,19.0,4.0,4.0,18.0
2024-04-10,30.0,19.0,4.0,4.0,18.0
2024-04-11,32.0,20.0,3.0,4.0,17.0
2024-04-12,32.0,25.0,4.0,4.0,18.0
2024-04-13,32.0,22.0,4.0,4.0,18.0
2024-04-14,27.0,21.0,4.0,3.0,15.0
2024-04-15,29.0,22.0,4.0,4.0,18.0
2024-04-16,30.0,20.0,4.0,4.0,18.0
2024-04-17,30.0,20.0,4.0,4.0,17.0
2024-04-18,28.0,23.0,4.0,5.0,18.0
2024-04-19,29.0,29.0,4.0,4.0,19.0
2024-04-20,27.0,37.0,3.0,4.0,24.0
2024-04-21,26.0,33.0,3.0,4.0,33.0
2024-04-22,30.0,23.0,5.0,5.0,35.0
2024-04-23,30.0,18.0,4.0,5.0,34.0
2024-04-24,30.0,15.0,4.0,5.0,32.0
2024-04-25,32.0,13.0,5.0,5.0,31.0
2024-04-26,31.0,12.0,5.0,4.0,28.0
2024-04-27,30.0,10.0,5.0,5.0,27.0
2024-04-28,29.0,8.0,4.0,4.0,25.0
2024-04-29,37.0,10.0,6.0,5.0,32.0
2024-04-30,34.0,10.0,5.0,5.0,32.0
2024-05-01,34.0,11.0,6.0,7.0,33.0
2024-05-02,34.0,9.0,5.0,9.0,33.0
2024-05-03,34.0,9.0,5.0,7.0,35.0
2024-05-04,33.0,9.0,5.0,7.0,33.0
2024-05-05,32.0,10.0,4.0,6.0,32.0
2024-05-06,34.0,11.0,5.0,7.0,38.0
2024-05-07,36.0,10.0,5.0,7.0,35.0
2024-05-08,32.0,10.0,5.0,7.0,38.0
2024-05-09,34.0,18.0,5.0,7.0,40.0
2024-05-10,30.0,15.0,5.0,6.0,37.0
2024-05-11,33.0,12.0,5.0,6.0,30.0
2024-05-12,30.0,10.0,5.0,5.0,25.0
2024-05-13,32.0,12.0,5.0,7.0,30.0
2024-05-14,33.0,12.0,5.0,7.0,33.0
2024-05-15,33.0,17.0,5.0,7.0,37.0
2024-05-16,31.0,20.0,5.0,7.0,31.0
2024-05-17,36.0,21.0,6.0,7.0,32.0
2024-05-18,35.0,18.0,5.0,6.0,30.0
2024-05-19,33.0,18.0,5.0,6.0,27.0
2024-05-20,35.0,19.0,5.0,8.0,32.0
2024-05-21,33.0,17.0,5.0,10.0,30.0
2024-05-22,35.0,17.0,5.0,6.0,28.0
2024-05-23,33.0,17.0,5.0,6.0,27.0
2024-05-24,35.0,19.0,5.0,6.0,27.0
2024-05-25,32.0,18.0,5.0,6.0,26.0
2024-05-26,31.0,15.0,4.0,6.0,24.0
2024-05-27,35.0,18.0,5.0,7.0,29.0
2024-05-28,37.0,18.0,5.0,6.0,29.0
2024-05-29,32.0,17.0,5.0,6.0,28.0
2024-05-30,33.0,18.0,5.0,6.0,29.0
2024-05-31,36.0,18.0,6.0,6.0,29.0
2024-06-01,35.0,22.0,5.0,5.0,31.0
2024-06-02,33.0,24.0,5.0,5.0,27.0
2024-06-03,37.0,28.0,6.0,6.0,31.0
2024-06-04,21.0,47.0,3.0,3.0,19.0
2024-06-05,33.0,25.0,4.0,6.0,31.0
2024-06-06,38.0,15.0,5.0,6.0,31.0
2024-06-07,34.0,15.0,5.0,6.0,34.0
2024-06-08,36.0,12.0,5.0,6.0,32.0
2024-06-09,32.0,11.0,4.0,5.0,31.0
2024-06-10,38.0,11.0,5.0,7.0,38.0
2024-06-11,47.0,11.0,7.0,7.0,43.0
2024-06-12,43.0,10.0,4.0,6.0,45.0
2024-06-13,39.0,9.0,5.0,7.0,46.0
2024-06-14,42.0,9.0,8.0,7.0,52.0
2024-06-15,38.0,9.0,10.0,7.0,52.0
2024-06-16,35.0,9.0,7.0,7.0,51.0
2024-06-17,38.0,10.0,9.0,8.0,81.0
2024-06-18,41.0,10.0,10.0,8.0,99.0
2024-06-19,42.0,12.0,9.0,9.0,100.0
2024-06-20,35.0,8.0,6.5,9.0,60.0
2024-06-21,19.0,5.0,4.0,6.0,17.0
2024-06-22,20.0,5.0,4.0,4.0,15.0
2024-06-23,23.0,5.0,3.0,2.0,12.0
2024-06-24,49.0,5.0,4.0,3.0,13.0
2024-06-25,51.0,5.0,5.0,3.0,12.0
2024-06-26,44.0,6.0,5.0,3.0,12.0
2024-06-27,39.0,5.0,4.0,3.0,11.0
2024-06-28,37.0,5.0,4.0,3.0,11.0
2024-06-29,32.0,4.0,4.0,2.0,12.0
2024-06-30,29.0,4.0,4.0,2.0,8.0
2024-07-01,38.0,4.0,4.0,3.0,11.0
2024-07-02,38.0,3.0,5.0,3.0,12.0
2024-07-03,38.0,4.0,4.0,3.0,10.0
2024-07-04,33.0,3.0,4.0,2.0,9.0
2024-07-05,35.0,3.0,4.0,3.0,10.0
2024-07-06,31.0,3.0,4.0,2.0,9.0
2024-07-07,29.0,3.0,3.0,2.0,8.0
2024-07-08,34.0,4.0,4.0,3.0,10.0
2024-07-09,37.0,3.0,4.0,3.0,9.0
2024-07-10,35.0,3.0,5.0,3.0,10.0
2024-07-11,36.0,3.0,4.0,3.0,11.0
2024-07-12,34.0,3.0,4.0,3.0,11.0
2024-07-13,33.0,3.0,4.0,3.0,9.0
2024-07-14,30.0,3.0,3.0,2.0,9.0
2024-07-15,35.0,3.0,4.0,3.0,11.0
2024-07-16,36.0,3.0,4.0,3.0,11.0
2024-07-17,35.0,4.0,4.0,3.0,10.0
2024-07-18,38.0,3.0,4.0,3.0,10.0
2024-07-19,36.0,4.0,4.0,3.0,10.0
2024-07-20,36.0,3.0,4.0,3.0,10.0
2024-07-21,33.0,3.0,3.0,3.0,9.0
2024-07-22,42.0,3.0,4.0,4.0,11.0
2024-07-23,48.0,3.0,4.0,4.0,11.0
2024-07-24,51.0,3.0,4.0,5.0,11.0
2024-07-25,34.0,3.0,4.0,6.0,10.0
2024-07-26,35.0,3.0,4.0,6.0,10.0
2024-07-27,35.0,3.0,4.0,4.0,9.0
2024-07-28,23.0,3.0,4.0,3.0,8.0
2024-07-29,26.0,4.0,4.0,3.0,11.0
2024-07-30,25.0,4.0,4.0,3.0,10.0
2024-07-31,24.0,4.0,4.0,2.0,10.0
2024-08-01,25.0,4.0,4.0,2.0,10.0
2024-08-02,23.0,4.0,4.0,2.0,12.0
2024-08-03,22.0,4.0,4.0,2.0,11.0
2024-08-04,19.0,4.0,4.0,2.0,9.0
2024-08-05,22.0,4.0,4.0,2.0,11.0
2024-08-06,20.0,4.0,4.0,3.0,12.0
2024-08-07,22.0,4.0,4.0,3.0,11.0
2024-08-08,31.0,4.0,4.0,3.0,12.0
2024-08-09,29.0,4.0,4.0,5.0,12.0
2024-08-10,33.0,4.0,4.0,3.0,11.0
2024-08-11,24.0,4.0,3.0,2.0,10.0
2024-08-12,25.0,4.0,4.0,3.0,13.0
2024-08-13,25.0,4.0,4.0,2.0,13.0
2024-08-14,21.0,5.0,3.0,2.0,11.0
2024-08-15,19.0,4.0,3.0,1.0,10.0
2024-08-16,22.0,5.0,4.0,2.0,12.0
2024-08-17,19.0,5.0,3.0,2.0,12.0
2024-08-18,18.0,5.0,2.0,1.0,10.0
2024-08-19,17.0,4.0,2.0,1.0,9.0
2024-08-20,24.0,5.0,3.0,2.0,14.0
2024-08-21,24.0,6.0,3.0,2.0,19.0
2024-08-22,24.0,6.0,3.0,2.0,17.0
2024-08-23,24.0,8.0,3.0,2.0,15.0
2024-08-24,28.0,8.0,4.0,2.0,13.0
2024-08-25,25.0,7.0,3.0,2.0,12.0
2024-08-26,26.0,6.0,3.0,1.0,12.0
2024-08-27,36.0,8.0,3.0,2.0,16.0
2024-08-28,38.0,9.0,3.0,2.0,18.0
2024-08-29,38.0,9.0,3.0,2.0,16.0
2024-08-30,34.0,11.0,4.0,2.0,14.0
2024-08-31,32.0,14.0,4.0,2.0,12.0
2024-09-01,31.0,12.0,3.0,2.0,12.0
2024-09-02,37.0,10.0,3.0,2.0,14.0
2024-09-03,38.0,6.0,4.0,2.0,13.0
2024-09-04,36.0,4.0,4.0,2.0,11.0
2024-09-05,39.0,4.0,4.0,2.0,9.0
2024-09-06,36.0,3.0,4.0,2.0,8.0
2024-09-07,35.0,3.0,3.0,2.0,9.0
2024-09-08,39.0,3.0,3.0,2.0,10.0
2024-09-09,100.0,2.0,4.0,2.0,11.0
2024-09-10,77.0,2.0,4.0,2.0,10.0
2024-09-11,65.0,2.0,4.0,2.0,14.0
2024-09-12,57.0,3.0,4.0,4.0,17.0
2024-09-13,48.0,3.0,4.0,4.0,13.0
2024-09-14,37.0,3.0,4.0,3.0,11.0
2024-09-15,35.0,3.0,3.0,2.0,9.0
2024-09-16,40.0,3.0,4.0,2.0,10.0
2024-09-17,44.0,3.0,3.0,2.0,10.0
2024-09-18,48.0,4.0,4.0,3.0,11.0
2024-09-19,47.0,4.0,4.0,3.0,11.0
2024-09-20,40.0,7.0,4.0,2.0,11.0
2024-09-21,39.0,6.0,4.0,2.0,11.0
2024-09-22,35.0,4.0,3.0,2.0,9.0
2024-09-23,44.0,4.0,3.0,3.0,12.0
2024-09-24,41.0,4.0,3.0,2.0,13.0
2024-09-25,37.0,4.0,3.0,2.0,13.0
2024-09-26,35.0,3.0,3.0,2.0,13.0
2024-09-27,27.0,3.0,3.0,2.0,13.0
2024-09-28,25.0,3.0,3.0,2.0,13.0
2024-09-29,24.0,3.0,3.0,2.0,11.0
2024-09-30,35.0,3.0,3.0,2.0,15.0
2024-10-01,38.0,2.0,3.0,2.0,15.0
2024-10-02,32.0,2.0,3.0,2.0,10.0
2024-10-03,86.0,2.0,3.0,2.0,13.0
2024-10-04,100.0,2.0,3.0,2.0,13.0
2024-10-05,44.0,2.0,3.0,2.0,11.0
2024-10-06,27.0,2.0,3.0,2.0,9.0
2024-10-07,26.0,2.0,3.0,1.0,11.0
2024-10-08,21.0,2.0,3.0,2.0,11.0
2024-10-09,21.0,2.0,3.0,2.0,10.0
2024-10-10,16.0,2.0,9.0,1.0,9.0
2024-10-11,16.0,2.0,12.0,2.0,13.0
2024-10-12,14.0,1.0,11.0,1.0,12.0
2024-10-13,16.0,1.0,10.0,1.0,11.0
2024-10-14,19.0,2.0,13.0,4.0,15.0
2024-10-15,19.0,2.0,11.0,4.0,16.0
2024-10-16,18.0,2.0,10.0,3.0,16.0
2024-10-17,19.0,2.0,9.0,3.0,21.0
2024-10-18,19.0,2.0,8.0,3.0,20.0
2024-10-19,18.0,2.0,6.0,2.0,12.0
2024-10-20,16.0,2.0,5.0,2.0,9.0
2024-10-21,21.0,2.0,6.0,2.0,11.0
2024-10-22,18.0,2.0,6.0,2.0,11.0
2024-10-23,18.0,2.0,6.0,2.0,10.0
2024-10-24,17.0,2.0,7.0,2.0,9.0
2024-10-25,17.0,3.0,7.0,2.0,9.0
2024-10-26,16.0,2.0,7.0,2.0,8.0
2024-10-27,15.0,2.0,7.0,1.0,7.0
2024-10-28,16.0,2.0,6.0,2.0,7.0
2024-10-29,14.0,2.0,6.0,1.0,6.0
2024-10-30,12.0,2.0,5.0,1.0,5.0
2024-10-31,8.0,2.0,3.0,1.0,3.0
2024-11-01,13.0,2.0,4.0,1.0,5.0
2024-11-02,14.0,2.0,4.0,1.0,6.0
2024-11-03,15.0,2.0,5.0,1.0,6.0
2024-11-04,17.0,2.0,7.0,2.0,7.0
2024-11-05,17.0,2.0,7.0,2.0,8.0
2024-11-06,17.0,2.0,8.0,2.0,7.0
2024-11-07,16.0,2.0,8.0,2.0,7.0
2024-11-08,16.0,2.0,9.0,2.0,7.0
2024-11-09,16.0,2.0,10.0,2.0,7.0
2024-11-10,15.0,2.0,9.0,2.0,6.0
2024-11-11,18.0,2.0,9.0,2.0,8.0
2024-11-12,17.0,2.0,8.0,2.0,7.0
2024-11-13,18.0,2.0,9.0,2.0,8.0
2024-11-14,17.0,2.0,8.0,2.0,8.0
2024-11-15,17.0,2.0,8.0,2.0,6.0
2024-11-16,18.0,2.0,8.0,2.0,8.0
2024-11-17,16.0,2.0,7.0,2.0,6.0
2024-11-18,21.0,2.0,8.0,2.0,8.0
2024-11-19,21.0,2.0,9.0,2.0,10.0
2024-11-20,19.0,2.0,8.0,3.0,17.0
2024-11-21,20.0,2.0,8.0,2.0,15.0
2024-11-22,19.0,2.0,7.0,2.0,13.0
2024-11-23,15.0,2.0,7.0,2.0,11.0
2024-11-24,17.0,2.0,7.0,2.0,11.0
2024-11-25,21.0,2.0,8.0,2.0,13.0
2024-11-26,19.0,2.0,9.0,2.0,13.0
2024-11-27,18.0,2.0,8.0,2.0,13.0
2024-11-28,19.0,2.0,8.0,2.0,12.0
2024-11-29,18.0,2.0,8.0,2.0,12.0
2024-11-30,17.0,2.0,8.0,2.0,11.0
2024-12-01,16.0,2.0,7.0,2.0,10.0
2024-12-02,19.0,2.0,9.0,2.0,13.0
2024-12-03,19.0,2.0,9.0,3.0,13.0
2024-12-04,21.0,2.0,10.0,2.0,14.0
2024-12-05,44.0,2.0,10.0,2.0,13.0
2024-12-06,31.0,2.0,9.0,2.0,14.0
2024-12-07,24.0,2.0,9.0,2.0,13.0
2024-12-08,20.0,2.0,8.0,2.0,13.0
2024-12-09,21.0,2.0,12.0,4.0,18.0
2024-12-10,19.0,2.0,11.0,4.0,20.0
2024-12-11,17.0,6.0,17.0,3.0,16.0
2024-12-12,17.0,8.0,19.0,3.0,13.0
2024-12-13,15.0,7.0,16.0,3.0,13.0
2024-12-14,18.0,6.0,16.0,2.0,12.0
2024-12-15,16.0,6.0,14.0,2.0,10.0
2024-12-16,23.0,6.0,22.0,3.0,13.0
2024-12-17,24.0,7.5,26.0,3.5,17.0
2024-12-18,26.0,9.0,30.0,4.0,18.0
2024-12-19,24.0,8.0,30.0,4.0,19.0
2024-12-20,24.0,8.0,28.0,4.0,20.0
2024-12-21,23.0,7.0,26.0,3.0,19.0
2024-12-22,21.0,8.0,25.0,3.0,17.0
2024-12-23,24.0,8.0,24.0,4.0,22.0
2024-12-24,23.0,8.0,24.0,4.0,21.0
2024-12-25,20.0,8.0,24.0,4.0,17.0
2024-12-26,22.0,8.0,23.0,4.0,20.0
2024-12-27,21.0,8.0,22.0,4.0,20.0
2024-12-28,22.0,8.0,24.0,4.0,19.0
2024-12-29,20.0,8.0,21.0,4.0,20.0
2024-12-30,22.0,11.0,22.0,5.0,20.0
2024-12-31,22.0,11.0,20.0,3.0,17.0
2025-01-01,22.0,6.0,21.0,3.0,16.0
2025-01-02,25.0,5.0,26.0,4.0,24.0
2025-01-03,25.0,4.0,30.0,4.0,27.0
2025-01-04,23.0,4.0,27.0,4.0,25.0
2025-01-05,23.0,4.0,25.0,3.0,26.0
2025-01-06,25.0,3.0,26.0,4.0,28.0
2025-01-07,26.0,4.0,26.0,3.0,28.0
2025-01-08,26.0,3.0,28.0,3.0,25.0
2025-01-09,27.0,4.0,27.0,3.0,23.0
2025-01-10,24.0,4.0,26.0,3.0,18.0
2025-01-11,22.0,4.0,23.0,3.0,15.0
2025-01-12,21.0,4.0,20.0,2.0,12.0
2025-01-13,22.0,4.0,22.0,3.0,14.0
2025-01-14,21.0,3.0,19.0,3.0,11.0
2025-01-15,24.0,3.0,24.0,3.0,13.0
2025-01-16,25.0,3.0,23.0,4.0,12.0
2025-01-17,26.0,3.0,23.0,3.0,11.0
2025-01-18,54.0,3.0,24.0,3.0,10.0
2025-01-19,30.0,3.0,22.0,3.0,9.0
2025-01-20,42.0,3.0,24.0,3.0,12.0
2025-01-21,60.0,3.0,25.0,4.0,11.0
2025-01-22,47.0,3.0,25.0,4.0,11.0
2025-01-23,33.0,3.0,27.0,3.0,10.0
2025-01-24,29.0,3.0,27.0,3.0,11.0
2025-01-25,25.0,3.0,26.0,3.0,10.0
2025-01-26,21.0,3.0,22.0,2.0,9.0
2025-01-27,25.0,3.0,30.0,4.0,12.0
2025-01-28,26.0,3.0,27.0,4.0,11.0
2025-01-29,23.0,3.0,28.0,3.0,9.0
2025-01-30,22.0,3.0,26.0,4.0,10.0
2025-01-31,21.0,4.0,27.0,3.0,20.0
2025-02-01,21.0,3.0,26.0,3.0,23.0
2025-02-02,18.0,3.0,24.0,2.0,15.0
2025-02-03,21.0,3.0,27.0,3.0,16.0
2025-02-04,23.0,3.0,27.0,3.0,14.0
2025-02-05,20.0,3.0,28.0,3.0,13.0
2025-02-06,21.0,3.0,28.0,3.0,12.0
2025-02-07,20.0,3.0,29.0,3.0,12.0
2025-02-08,18.0,3.0,27.0,3.0,10.0
2025-02-09,18.0,3.0,26.0,3.0,10.0
2025-02-10,21.0,3.0,31.0,3.0,14.0
2025-02-11,20.0,3.0,31.0,3.0,14.0
2025-02-12,19.0,3.0,30.0,3.0,14.0
2025-02-13,21.0,3.0,31.0,3.0,14.0
2025-02-14,19.0,2.0,29.0,3.0,14.0
2025-02-15,18.0,2.0,31.0,3.0,14.0
2025-02-16,19.0,3.0,28.0,3.0,12.0
2025-02-17,22.0,3.0,32.0,4.0,15.0
2025-02-18,22.0,3.0,34.0,4.0,15.0
2025-02-19,21.0,3.0,60.0,4.0,14.0
2025-02-20,21.0,3.0,63.0,4.0,14.0
2025-02-21,20.0,3.0,52.0,4.0,18.0
2025-02-22,21.0,3.0,46.0,4.0,21.0
2025-02-23,21.0,3.0,45.0,4.0,24.0
2025-02-24,24.0,3.0,50.0,6.0,18.0
2025-02-25,23.0,3.0,55.0,7.0,14.0
2025-02-26,19.0,3.0,56.0,5.0,10.0
2025-02-27,22.0,3.0,100.0,7.0,12.0
2025-02-28,20.0,3.0,66.0,8.0,13.0
2025-03-01,20.0,3.0,34.0,6.0,12.0
2025-03-02,18.0,3.0,24.0,4.0,10.0
2025-03-03,21.0,4.0,20.0,4.0,13.0
2025-03-04,20.0,4.0,14.0,3.0,12.0
2025-03-05,23.0,4.0,13.0,3.0,12.0
2025-03-06,21.0,4.0,10.0,3.0,12.0
2025-03-07,20.0,4.0,12.0,3.0,11.0
2025-03-08,21.0,4.0,9.0,2.0,10.0
2025-03-09,17.0,4.0,7.0,2.0,8.0
2025-03-10,22.0,4.0,8.0,2.0,10.0
2025-03-11,25.0,5.0,7.0,4.0,10.0
2025-03-12,28.0,5.0,7.0,4.0,9.0
2025-03-13,57.0,5.0,6.0,3.0,8.0
2025-03-14,24.0,4.0,6.0,2.0,6.0
2025-03-15,28.0,5.0,17.0,2.0,8.0
2025-03-16,26.0,5.0,12.0,2.0,8.0
2025-03-17,29.0,7.0,12.0,2.0,10.0
2025-03-18,34.0,7.0,11.0,2.0,10.0
2025-03-19,28.0,7.0,33.0,2.0,11.0
2025-03-20,27.0,7.0,65.0,2.0,11.0
2025-03-21,26.0,7.0,29.0,2.0,11.0
2025-03-22,25.0,6.0,20.0,2.0,11.0
2025-03-23,22.0,6.0,17.0,2.0,9.0
2025-03-24,24.0,7.0,22.0,2.0,11.0
2025-03-25,22.0,7.0,43.0,3.0,11.0
2025-03-26,25.0,6.0,23.0,2.0,11.0
2025-03-27,24.0,7.0,16.0,2.0,11.0
2025-03-28,22.0,7.0,13.0,2.0,10.0
2025-03-29,23.0,7.0,11.0,2.0,9.0
2025-03-30,19.0,7.0,10.0,1.0,7.0
2025-03-31,23.0,8.0,10.0,2.0,8.0
2025-04-01,24.0,8.0,10.0,2.0,10.0
2025-04-02,24.0,8.0,10.0,3.0,10.0
2025-04-03,23.0,12.0,9.0,2.0,11.0
2025-04-04,22.0,10.0,10.0,2.0,11.0
2025-04-05,22.0,10.0,9.0,2.0,10.0
2025-04-06,23.0,8.0,8.0,2.0,8.0
2025-04-07,22.0,10.0,8.0,3.0,11.0
2025-04-08,23.0,10.0,9.0,3.0,11.0
2025-04-09,24.0,12.0,9.0,3.0,11.0
2025-04-10,21.0,12.0,9.0,3.0,10.0
2025-04-11,22.0,14.0,8.0,2.0,9.0
2025-04-12,22.0,19.0,8.0,2.0,8.0
2025-04-13,19.0,15.0,8.0,3.0,8.0
2025-04-14,22.0,11.0,8.0,3.0,9.0
2025-04-15,22.0,9.0,9.0,3.0,10.0
2025-04-16,24.0,8.0,8.0,3.0,15.0
2025-04-17,24.0,7.0,9.0,5.0,19.0
2025-04-18,22.0,6.0,8.0,7.0,17.0
2025-04-19,22.0,6.0,8.0,4.0,16.0
2025-04-20,19.0,5.0,8.0,3.0,13.0
2025-04-21,23.0,5.0,9.0,4.0,15.0
2025-04-22,27.0,5.0,8.0,3.0,16.0
2025-04-23,24.0,5.0,8.0,3.0,15.0
2025-04-24,25.0,5.0,8.0,3.0,15.0
2025-04-25,21.0,4.0,8.0,3.0,15.0
2025-04-26,22.0,5.0,8.0,3.0,14.0
2025-04-27,20.0,5.0,8.0,2.0,14.0
2025-04-28,23.0,11.0,8.0,3.0,15.0
2025-04-29,23.0,8.0,8.0,3.0,16.0
2025-04-30,22.0,5.0,8.0,4.0,16.0
2025-05-01,22.0,6.0,8.0,4.0,17.0
2025-05-02,23.0,6.0,8.0,4.0,19.0
2025-05-03,22.0,6.0,8.0,3.0,18.0
2025-05-04,21.0,6.0,7.0,3.0,18.0
2025-05-05,23.0,7.0,9.0,3.0,21.0
2025-05-06,23.0,6.0,8.0,3.0,23.0
2025-05-07,20.0,6.0,8.0,3.0,20.0
2025-05-08,20.0,5.0,31.0,3.0,16.0
2025-05-09,22.0,7.0,16.0,2.0,15.0
2025-05-10,21.0,7.0,11.0,2.0,14.0
2025-05-11,21.0,7.0,10.0,2.0,14.0
2025-05-12,24.0,7.0,10.0,2.0,16.0
2025-05-13,27.0,7.0,10.0,2.0,16.0
2025-05-14,25.0,7.0,10.0,3.0,16.0
2025-05-15,24.0,7.0,10.0,3.0,16.0
2025-05-16,22.0,5.0,9.0,3.0,14.0
2025-05-17,22.0,5.0,9.0,2.0,15.0
2025-05-18,22.0,5.0,7.0,2.0,13.0
2025-05-19,23.0,5.0,7.0,3.0,15.0
2025-05-20,22.0,5.0,7.0,3.0,15.0
2025-05-21,24.0,5.0,8.0,3.0,15.0
2025-05-22,24.0,5.0,8.0,3.0,15.0
2025-05-23,23.0,6.0,6.0,2.0,15.0
2025-05-24,24.0,5.0,6.0,2.0,14.0
2025-05-25,21.0,5.0,6.0,2.0,12.0
2025-05-26,24.0,5.0,6.0,2.0,15.0
2025-05-27,23.0,7.0,6.0,2.0,15.0
2025-05-28,27.0,12.0,6.0,3.0,16.0
2025-05-29,25.0,11.0,6.0,2.0,16.0
2025-05-30,25.0,12.0,7.0,2.0,16.0
2025-05-31,24.0,13.0,8.0,2.0,15.0
2025-06-01,24.0,12.0,8.0,2.0,15.0
2025-06-02,26.0,12.0,10.0,3.0,18.0
2025-06-03,26.0,11.0,9.0,4.0,18.0
2025-06-04,47.0,11.0,7.0,4.0,19.0
2025-06-05,42.0,12.0,6.0,4.0,17.0
2025-06-06,44.0,11.0,7.0,4.0,19.0
2025-06-07,45.0,11.0,6.0,3.0,18.0
2025-06-08,25.0,10.0,5.0,3.0,16.0
2025-06-09,54.0,12.0,6.0,4.0,18.0
2025-06-10,58.0,10.0,5.0,4.0,19.0
2025-06-11,51.0,11.0,6.0,3.0,20.0
2025-06-12,44.0,10.0,6.0,4.0,19.0
2025-06-13,41.0,11.0,7.0,3.0,20.0
2025-06-14,40.0,13.0,8.0,3.0,21.0
2025-06-15,52.5,16.0,9.5,4.0,22.0
2025-06-16,71.0,25.0,13.0,6.0,36.0
2025-06-17,71.0,27.0,13.0,6.0,34.0
2025-06-18,71.0,16.0,12.0,6.0,34.0
2025-06-19,75.0,16.0,13.0,6.0,36.0
2025-06-20,74.0,17.0,13.0,6.0,36.0
2025-06-21,67.0,12.0,12.0,6.0,33.0
2025-06-22,65.0,11.0,12.0,7.0,31.0
2025-06-23,76.0,10.0,12.0,7.0,38.0
2025-06-24,76.0,10.0,12.0,6.0,50.0
2025-06-25,76.0,10.0,13.0,7.0,57.0
2025-06-26,76.0,10.0,14.0,6.0,56.0
2025-06-27,73.0,10.0,17.0,5.0,48.0
2025-06-28,70.0,10.0,16.0,5.0,39.0
2025-06-29,67.0,9.0,15.0,5.0,27.0
2025-06-30,81.0,10.0,15.0,6.0,23.0
2025-07-01,87.0,11.0,17.0,6.0,21.0
2025-07-02,92.0,10.0,17.0,6.0,19.0
2025-07-03,97.0,10.0,17.0,6.0,19.0
2025-07-04,100.0,9.0,19.0,6.0,19.0
2025-07-05,60.0,9.0,17.0,5.0,18.0
2025-07-06,48.0,8.0,16.0,5.0,46.0
2025-07-07,55.0,10.0,17.0,6.0,33.0
2025-07-08,56.0,9.0,18.0,6.0,24.0
2025-07-09,59.0,9.0,17.0,6.0,20.0
2025-07-10,83.0,8.0,17.0,5.0,17.0
