Day,Sub-inspector: (Rajasthan),Sub-inspector: (Uttar Pradesh),Sub-inspector: (Jammu and Kashmir),Sub-inspector: (Bihar)
2020-07-02,0.0,3.0,0.0,0.0
2020-07-03,0.0,0.0,0.0,0.0
2020-07-04,0.0,0.0,0.0,0.0
2020-07-05,0.0,3.0,0.0,0.0
2020-07-06,0.0,0.0,0.0,0.0
2020-07-07,0.0,0.0,0.0,0.0
2020-07-08,0.0,0.0,0.0,0.0
2020-07-09,0.0,0.0,0.0,0.0
2020-07-10,0.0,4.0,0.0,0.0
2020-07-11,0.0,6.0,0.0,0.0
2020-07-12,0.0,0.0,0.0,0.0
2020-07-13,0.0,5.0,0.0,0.0
2020-07-14,0.0,6.0,0.0,0.0
2020-07-15,0.0,5.0,100.0,0.0
2020-07-16,0.0,4.0,0.0,0.0
2020-07-17,0.0,4.0,0.0,0.0
2020-07-18,0.0,3.0,0.0,0.0
2020-07-19,0.0,4.0,0.0,0.0
2020-07-20,0.0,0.0,0.0,0.0
2020-07-21,0.0,3.0,0.0,0.0
2020-07-22,0.0,3.0,0.0,0.0
2020-07-23,0.0,4.0,0.0,0.0
2020-07-24,0.0,0.0,0.0,0.0
2020-07-25,0.0,5.0,0.0,0.0
2020-07-26,0.0,4.0,0.0,0.0
2020-07-27,0.0,3.0,0.0,0.0
2020-07-28,0.0,0.0,0.0,0.0
2020-07-29,0.0,0.0,0.0,0.0
2020-07-30,0.0,0.0,0.0,0.0
2020-07-31,0.0,3.0,0.0,0.0
2020-08-01,0.0,4.0,0.0,0.0
2020-08-02,0.0,0.0,0.0,0.0
2020-08-03,0.0,4.0,0.0,0.0
2020-08-04,0.0,0.0,0.0,0.0
2020-08-05,0.0,4.0,0.0,0.0
2020-08-06,0.0,0.0,0.0,0.0
2020-08-07,0.0,6.0,0.0,0.0
2020-08-08,0.0,4.0,0.0,0.0
2020-08-09,0.0,4.0,0.0,0.0
2020-08-10,0.0,0.0,0.0,0.0
2020-08-11,0.0,5.0,0.0,0.0
2020-08-12,0.0,4.0,0.0,0.0
2020-08-13,0.0,5.0,0.0,0.0
2020-08-14,0.0,5.0,0.0,0.0
2020-08-15,0.0,5.0,0.0,0.0
2020-08-16,0.0,0.0,0.0,6.0
2020-08-17,0.0,4.0,0.0,0.0
2020-08-18,0.0,5.0,0.0,0.0
2020-08-19,0.0,5.0,0.0,5.0
2020-08-20,8.0,4.0,0.0,5.0
2020-08-21,0.0,0.0,0.0,0.0
2020-08-22,0.0,4.0,0.0,5.0
2020-08-23,0.0,7.0,0.0,0.0
2020-08-24,0.0,6.0,0.0,0.0
2020-08-25,0.0,6.0,0.0,0.0
2020-08-26,0.0,4.0,0.0,0.0
2020-08-27,0.0,4.0,0.0,0.0
2020-08-28,0.0,4.0,0.0,0.0
2020-08-29,0.0,0.0,0.0,0.0
2020-08-30,0.0,3.0,0.0,0.0
2020-08-31,0.0,5.0,0.0,0.0
2020-09-01,8.0,4.0,0.0,0.0
2020-09-02,0.0,0.0,0.0,0.0
2020-09-03,0.0,5.0,0.0,5.0
2020-09-04,0.0,5.0,0.0,0.0
2020-09-05,0.0,5.0,0.0,0.0
2020-09-06,0.0,0.0,0.0,0.0
2020-09-07,0.0,0.0,0.0,0.0
2020-09-08,0.0,0.0,0.0,0.0
2020-09-09,0.0,3.0,0.0,0.0
2020-09-10,0.0,3.0,0.0,0.0
2020-09-11,0.0,0.0,0.0,0.0
2020-09-12,0.0,6.0,0.0,0.0
2020-09-13,0.0,0.0,0.0,0.0
2020-09-14,0.0,5.0,0.0,0.0
2020-09-15,0.0,0.0,0.0,0.0
2020-09-16,0.0,4.0,0.0,0.0
2020-09-17,0.0,4.0,0.0,0.0
2020-09-18,0.0,4.0,0.0,6.0
2020-09-19,0.0,0.0,0.0,5.0
2020-09-20,0.0,0.0,0.0,0.0
2020-09-21,0.0,0.0,0.0,0.0
2020-09-22,0.0,0.0,0.0,0.0
2020-09-23,0.0,4.0,0.0,0.0
2020-09-24,0.0,0.0,0.0,0.0
2020-09-25,0.0,0.0,0.0,0.0
2020-09-26,0.0,0.0,0.0,0.0
2020-09-27,0.0,0.0,0.0,0.0
2020-09-28,0.0,0.0,0.0,0.0
2020-09-29,0.0,6.0,0.0,0.0
2020-09-30,0.0,6.0,0.0,0.0
2020-10-01,0.0,0.0,0.0,5.0
2020-10-02,0.0,5.0,0.0,0.0
2020-10-03,0.0,0.0,0.0,0.0
2020-10-04,0.0,0.0,0.0,0.0
2020-10-05,0.0,5.0,0.0,0.0
2020-10-06,0.0,5.0,0.0,0.0
2020-10-07,0.0,0.0,0.0,0.0
2020-10-08,0.0,0.0,0.0,0.0
2020-10-09,0.0,3.0,0.0,0.0
2020-10-10,0.0,0.0,0.0,0.0
2020-10-11,0.0,3.0,0.0,0.0
2020-10-12,0.0,4.0,0.0,0.0
2020-10-13,0.0,4.0,0.0,0.0
2020-10-14,0.0,4.0,0.0,0.0
2020-10-15,0.0,0.0,0.0,0.0
2020-10-16,0.0,0.0,0.0,0.0
2020-10-17,0.0,0.0,0.0,0.0
2020-10-18,0.0,0.0,0.0,0.0
2020-10-19,0.0,0.0,0.0,0.0
2020-10-20,0.0,4.0,0.0,0.0
2020-10-21,0.0,0.0,0.0,0.0
2020-10-22,0.0,0.0,0.0,0.0
2020-10-23,0.0,0.0,0.0,0.0
2020-10-24,0.0,0.0,0.0,0.0
2020-10-25,0.0,4.0,0.0,0.0
2020-10-26,0.0,0.0,0.0,0.0
2020-10-27,0.0,0.0,0.0,0.0
2020-10-28,0.0,0.0,0.0,0.0
2020-10-29,0.0,0.0,0.0,0.0
2020-10-30,0.0,0.0,0.0,0.0
2020-10-31,0.0,4.0,0.0,0.0
2020-11-01,0.0,0.0,0.0,0.0
2020-11-02,0.0,0.0,0.0,0.0
2020-11-03,0.0,0.0,0.0,0.0
2020-11-04,0.0,0.0,0.0,0.0
2020-11-05,0.0,0.0,0.0,0.0
2020-11-06,0.0,0.0,0.0,0.0
2020-11-07,0.0,4.0,0.0,0.0
2020-11-08,0.0,0.0,0.0,0.0
2020-11-09,0.0,4.0,0.0,7.0
2020-11-10,0.0,5.0,0.0,0.0
2020-11-11,0.0,0.0,0.0,0.0
2020-11-12,0.0,0.0,0.0,0.0
2020-11-13,0.0,0.0,0.0,0.0
2020-11-14,0.0,0.0,0.0,0.0
2020-11-15,0.0,0.0,0.0,0.0
2020-11-16,0.0,0.0,0.0,0.0
2020-11-17,0.0,5.0,0.0,0.0
2020-11-18,0.0,4.0,0.0,0.0
2020-11-19,0.0,4.0,0.0,0.0
2020-11-20,0.0,0.0,0.0,0.0
2020-11-21,0.0,0.0,0.0,0.0
2020-11-22,0.0,4.0,0.0,0.0
2020-11-23,0.0,4.0,0.0,0.0
2020-11-24,0.0,7.0,0.0,0.0
2020-11-25,0.0,0.0,0.0,0.0
2020-11-26,0.0,4.0,0.0,0.0
2020-11-27,0.0,0.0,0.0,0.0
2020-11-28,0.0,0.0,0.0,0.0
2020-11-29,0.0,0.0,0.0,0.0
2020-11-30,0.0,0.0,0.0,0.0
2020-12-01,0.0,0.0,0.0,0.0
2020-12-02,0.0,0.0,0.0,0.0
2020-12-03,0.0,4.0,0.0,0.0
2020-12-04,0.0,4.0,0.0,0.0
2020-12-05,0.0,4.0,0.0,6.0
2020-12-06,0.0,0.0,0.0,8.0
2020-12-07,0.0,0.0,0.0,0.0
2020-12-08,0.0,0.0,0.0,0.0
2020-12-09,0.0,0.0,0.0,0.0
2020-12-10,0.0,0.0,0.0,0.0
2020-12-11,0.0,0.0,0.0,0.0
2020-12-12,0.0,4.0,0.0,0.0
2020-12-13,0.0,4.0,0.0,0.0
2020-12-14,0.0,0.0,0.0,0.0
2020-12-15,0.0,0.0,0.0,0.0
2020-12-16,0.0,0.0,0.0,0.0
2020-12-17,0.0,0.0,0.0,0.0
2020-12-18,0.0,0.0,0.0,0.0
2020-12-19,0.0,0.0,0.0,0.0
2020-12-20,0.0,0.0,0.0,7.0
2020-12-21,0.0,0.0,0.0,0.0
2020-12-22,0.0,0.0,0.0,0.0
2020-12-23,9.0,0.0,0.0,0.0
2020-12-24,0.0,0.0,0.0,0.0
2020-12-25,0.0,0.0,0.0,0.0
2020-12-26,0.0,4.0,0.0,0.0
2020-12-27,0.0,0.0,0.0,0.0
2020-12-28,0.0,0.0,0.0,0.0
2020-12-29,0.0,9.0,0.0,0.0
2020-12-30,0.0,0.0,0.0,0.0
2020-12-31,0.0,0.0,0.0,0.0
2021-01-01,0.0,0.0,0.0,0.0
2021-01-02,0.0,0.0,0.0,0.0
2021-01-03,0.0,0.0,0.0,0.0
2021-01-04,0.0,0.0,0.0,0.0
2021-01-05,0.0,13.0,0.0,0.0
2021-01-06,0.0,15.0,0.0,23.0
2021-01-07,0.0,0.0,0.0,0.0
2021-01-08,0.0,0.0,0.0,0.0
2021-01-09,0.0,0.0,0.0,0.0
2021-01-10,0.0,0.0,0.0,0.0
2021-01-11,0.0,0.0,0.0,0.0
2021-01-12,0.0,0.0,0.0,0.0
2021-01-13,0.0,18.0,0.0,0.0
2021-01-14,0.0,0.0,0.0,0.0
2021-01-15,0.0,0.0,0.0,0.0
2021-01-16,0.0,15.0,0.0,0.0
2021-01-17,0.0,0.0,0.0,26.0
2021-01-18,0.0,18.0,0.0,0.0
2021-01-19,0.0,0.0,0.0,0.0
2021-01-20,0.0,0.0,0.0,0.0
2021-01-21,0.0,0.0,0.0,0.0
2021-01-22,0.0,15.0,0.0,0.0
2021-01-23,0.0,0.0,0.0,0.0
2021-01-24,0.0,0.0,0.0,0.0
2021-01-25,0.0,18.0,0.0,0.0
2021-01-26,0.0,0.0,0.0,0.0
2021-01-27,0.0,16.0,0.0,0.0
2021-01-28,0.0,15.0,0.0,0.0
2021-01-29,0.0,0.0,0.0,0.0
2021-01-30,0.0,13.0,0.0,0.0
2021-01-31,0.0,17.0,0.0,0.0
2021-02-01,0.0,14.0,0.0,0.0
2021-02-02,0.0,18.0,0.0,0.0
2021-02-03,41.0,0.0,0.0,0.0
2021-02-04,100.0,0.0,0.0,0.0
2021-02-05,69.0,14.0,0.0,0.0
2021-02-06,49.0,0.0,0.0,0.0
2021-02-07,46.0,0.0,0.0,0.0
2021-02-08,53.0,0.0,0.0,0.0
2021-02-09,51.0,0.0,0.0,0.0
2021-02-10,62.0,23.0,0.0,0.0
2021-02-11,52.0,0.0,0.0,0.0
2021-02-12,38.0,0.0,0.0,0.0
2021-02-13,38.0,0.0,0.0,0.0
2021-02-14,0.0,17.0,0.0,0.0
2021-02-15,43.0,0.0,0.0,0.0
2021-02-16,43.0,15.0,0.0,0.0
2021-02-17,43.0,15.0,0.0,0.0
2021-02-18,0.0,0.0,0.0,0.0
2021-02-19,50.0,0.0,0.0,0.0
2021-02-20,0.0,0.0,0.0,0.0
2021-02-21,76.0,0.0,0.0,0.0
2021-02-22,0.0,0.0,0.0,0.0
2021-02-23,59.0,26.0,0.0,0.0
2021-02-24,0.0,13.0,0.0,0.0
2021-02-25,55.0,37.0,0.0,23.0
2021-02-26,90.0,50.0,0.0,31.0
2021-02-27,75.0,50.0,0.0,38.0
2021-02-28,56.0,52.0,0.0,0.0
2021-03-01,68.0,52.0,0.0,0.0
2021-03-02,80.0,50.0,0.0,23.0
2021-03-03,55.0,52.0,0.0,0.0
2021-03-04,65.0,42.0,0.0,0.0
2021-03-05,84.0,51.0,0.0,0.0
2021-03-06,97.0,49.0,0.0,0.0
2021-03-07,86.0,47.0,0.0,24.0
2021-03-08,84.0,55.0,0.0,23.0
2021-03-09,93.0,46.0,0.0,0.0
2021-03-10,77.0,40.0,0.0,23.0
2021-03-11,66.0,43.0,0.0,21.0
2021-03-12,44.0,38.0,0.0,37.0
2021-03-13,52.0,47.0,0.0,26.0
2021-03-14,46.0,28.0,0.0,0.0
2021-03-15,0.0,44.0,0.0,33.0
2021-03-16,70.0,39.0,0.0,27.0
2021-03-17,44.0,48.0,0.0,29.0
2021-03-18,60.0,61.0,0.0,20.0
2021-03-19,46.0,35.0,0.0,27.0
2021-03-20,56.0,42.0,0.0,24.0
2021-03-21,47.0,43.0,0.0,0.0
2021-03-22,53.0,39.0,0.0,30.0
2021-03-23,0.0,0.0,0.0,0.0
2021-03-24,0.0,17.0,0.0,0.0
2021-03-25,0.0,17.0,0.0,0.0
2021-03-26,0.0,25.0,0.0,0.0
2021-03-27,0.0,26.0,0.0,0.0
2021-03-28,0.0,16.0,0.0,0.0
2021-03-29,0.0,0.0,0.0,0.0
2021-03-30,0.0,17.0,0.0,0.0
2021-03-31,45.0,25.0,0.0,0.0
2021-04-01,0.0,41.0,0.0,0.0
2021-04-02,0.0,33.0,0.0,0.0
2021-04-03,36.0,33.0,0.0,0.0
2021-04-04,0.0,23.0,0.0,0.0
2021-04-05,0.0,26.0,0.0,0.0
2021-04-06,0.0,29.0,0.0,0.0
2021-04-07,0.0,33.0,0.0,0.0
2021-04-08,0.0,18.0,0.0,0.0
2021-04-09,0.0,26.0,0.0,0.0
2021-04-10,0.0,28.0,0.0,0.0
2021-04-11,0.0,18.0,0.0,0.0
2021-04-12,0.0,26.0,0.0,0.0
2021-04-13,0.0,23.0,0.0,0.0
2021-04-14,0.0,33.0,0.0,0.0
2021-04-15,0.0,27.0,0.0,0.0
2021-04-16,0.0,34.0,0.0,0.0
2021-04-17,0.0,18.0,0.0,0.0
2021-04-18,0.0,21.0,0.0,0.0
2021-04-19,0.0,29.0,0.0,0.0
2021-04-20,0.0,30.0,0.0,0.0
2021-04-21,0.0,23.0,0.0,0.0
2021-04-22,0.0,23.0,0.0,0.0
2021-04-23,0.0,25.0,0.0,0.0
2021-04-24,0.0,13.0,0.0,0.0
2021-04-25,0.0,17.0,0.0,0.0
2021-04-26,0.0,17.0,0.0,0.0
2021-04-27,0.0,19.0,0.0,0.0
2021-04-28,0.0,20.0,0.0,0.0
2021-04-29,0.0,18.0,0.0,0.0
2021-04-30,0.0,25.0,0.0,0.0
2021-05-01,0.0,16.0,0.0,0.0
2021-05-02,0.0,16.0,0.0,0.0
2021-05-03,0.0,0.0,0.0,0.0
2021-05-04,0.0,23.0,0.0,0.0
2021-05-05,0.0,16.0,0.0,0.0
2021-05-06,0.0,15.0,0.0,0.0
2021-05-07,0.0,15.0,0.0,0.0
2021-05-08,0.0,16.0,0.0,0.0
2021-05-09,0.0,0.0,0.0,0.0
2021-05-10,0.0,13.0,0.0,0.0
2021-05-11,0.0,15.0,0.0,0.0
2021-05-12,0.0,0.0,0.0,0.0
2021-05-13,0.0,19.0,0.0,0.0
2021-05-14,0.0,18.0,0.0,0.0
2021-05-15,0.0,17.0,0.0,0.0
2021-05-16,0.0,16.0,0.0,0.0
2021-05-17,0.0,0.0,0.0,0.0
2021-05-18,0.0,23.0,0.0,0.0
2021-05-19,0.0,20.0,0.0,0.0
2021-05-20,0.0,16.0,0.0,0.0
2021-05-21,0.0,24.0,0.0,0.0
2021-05-22,0.0,22.0,0.0,21.0
2021-05-23,0.0,18.0,0.0,0.0
2021-05-24,0.0,0.0,0.0,0.0
2021-05-25,0.0,18.0,0.0,0.0
2021-05-26,0.0,17.0,0.0,0.0
2021-05-27,0.0,21.0,0.0,0.0
2021-05-28,0.0,20.0,0.0,0.0
2021-05-29,0.0,0.0,0.0,0.0
2021-05-30,0.0,0.0,0.0,0.0
2021-05-31,0.0,18.0,0.0,0.0
2021-06-01,0.0,22.0,0.0,0.0
2021-06-02,0.0,17.0,0.0,0.0
2021-06-03,0.0,21.0,0.0,0.0
2021-06-04,0.0,14.0,0.0,0.0
2021-06-05,0.0,16.0,0.0,0.0
2021-06-06,0.0,23.0,0.0,0.0
2021-06-07,0.0,15.0,0.0,0.0
2021-06-08,33.0,20.0,0.0,0.0
2021-06-09,0.0,23.0,0.0,22.0
2021-06-10,0.0,19.0,0.0,0.0
2021-06-11,0.0,21.0,0.0,0.0
2021-06-12,0.0,23.0,0.0,0.0
2021-06-13,0.0,23.0,0.0,0.0
2021-06-14,38.0,25.0,0.0,0.0
2021-06-15,0.0,40.0,0.0,0.0
2021-06-16,0.0,27.0,0.0,0.0
2021-06-17,0.0,22.0,0.0,0.0
2021-06-18,40.0,25.0,0.0,0.0
2021-06-19,0.0,35.0,0.0,20.0
2021-06-20,0.0,18.0,0.0,0.0
2021-06-21,33.0,19.0,0.0,0.0
2021-06-22,79.0,28.0,0.0,0.0
2021-06-23,91.0,0.0,0.0,0.0
2021-06-24,40.0,17.0,0.0,0.0
2021-06-25,81.0,26.0,0.0,20.0
2021-06-26,70.0,34.0,0.0,21.0
2021-06-27,27.0,25.0,0.0,0.0
2021-06-28,13.0,8.0,0.0,0.0
2021-06-29,16.0,8.0,0.0,5.0
2021-06-30,12.0,6.0,0.0,8.0
2021-07-01,14.0,8.0,0.0,8.0
2021-07-02,14.0,5.0,0.0,0.0
2021-07-03,12.0,7.0,0.0,0.0
2021-07-04,10.0,8.0,0.0,0.0
2021-07-05,14.0,6.0,0.0,6.0
2021-07-06,12.0,8.0,0.0,0.0
2021-07-07,15.0,7.0,0.0,6.0
2021-07-08,17.0,9.0,0.0,5.0
2021-07-09,12.0,6.0,0.0,8.0
2021-07-10,8.0,7.0,0.0,0.0
2021-07-11,12.0,7.0,0.0,6.0
2021-07-12,11.0,8.0,0.0,0.0
2021-07-13,16.0,8.0,0.0,8.0
2021-07-14,16.0,10.0,0.0,4.0
2021-07-15,18.0,8.0,0.0,0.0
2021-07-16,16.0,10.0,0.0,0.0
2021-07-17,14.0,7.0,0.0,0.0
2021-07-18,11.0,8.0,0.0,8.0
2021-07-19,15.0,4.0,0.0,0.0
2021-07-20,0.0,4.0,0.0,6.0
2021-07-21,0.0,6.0,0.0,7.0
2021-07-22,13.0,7.0,0.0,0.0
2021-07-23,0.0,10.0,0.0,0.0
2021-07-24,11.0,8.0,0.0,4.0
2021-07-25,0.0,6.0,0.0,7.0
2021-07-26,10.0,6.0,0.0,0.0
2021-07-27,8.0,8.0,0.0,5.0
2021-07-28,13.0,3.0,0.0,4.0
2021-07-29,13.0,5.0,0.0,0.0
2021-07-30,0.0,6.0,0.0,0.0
2021-07-31,10.0,6.0,0.0,0.0
2021-08-01,0.0,7.0,0.0,0.0
2021-08-02,0.0,4.0,0.0,5.0
2021-08-03,12.0,9.0,0.0,0.0
2021-08-04,13.0,5.0,0.0,5.0
2021-08-05,18.0,10.0,0.0,0.0
2021-08-06,15.0,6.0,0.0,5.0
2021-08-07,18.0,8.0,0.0,0.0
2021-08-08,16.0,8.0,0.0,5.0
2021-08-09,19.0,9.0,0.0,0.0
2021-08-10,18.0,9.0,0.0,6.0
2021-08-11,16.0,8.0,0.0,5.0
2021-08-12,15.0,8.0,0.0,8.0
2021-08-13,9.0,6.0,0.0,5.0
2021-08-14,15.0,9.0,0.0,5.0
2021-08-15,10.0,8.0,0.0,0.0
2021-08-16,11.0,6.0,0.0,6.0
2021-08-17,9.0,8.0,0.0,7.0
2021-08-18,13.0,7.0,0.0,5.0
2021-08-19,12.0,8.0,0.0,5.0
2021-08-20,16.0,6.0,0.0,0.0
2021-08-21,17.0,7.0,0.0,5.0
2021-08-22,14.0,6.0,0.0,6.0
2021-08-23,24.0,7.0,0.0,6.0
2021-08-24,9.0,7.0,0.0,0.0
2021-08-25,19.0,9.0,0.0,5.0
2021-08-26,18.0,5.0,0.0,0.0
2021-08-27,15.0,7.0,0.0,0.0
2021-08-28,16.0,9.0,0.0,6.0
2021-08-29,19.0,8.0,0.0,6.0
2021-08-30,18.0,5.0,0.0,7.0
2021-08-31,15.0,4.0,0.0,0.0
2021-09-01,19.0,5.0,0.0,0.0
2021-09-02,15.0,8.0,0.0,0.0
2021-09-03,28.0,4.0,0.0,0.0
2021-09-04,26.0,9.0,0.0,0.0
2021-09-05,35.0,6.0,0.0,0.0
2021-09-06,34.0,8.0,0.0,0.0
2021-09-07,51.0,9.0,0.0,0.0
2021-09-08,34.0,6.0,0.0,0.0
2021-09-09,45.0,8.0,0.0,0.0
2021-09-10,42.0,9.0,0.0,0.0
2021-09-11,48.0,9.0,0.0,0.0
2021-09-12,43.0,7.0,0.0,0.0
2021-09-13,72.0,9.0,0.0,0.0
2021-09-14,61.0,9.0,0.0,0.0
2021-09-15,58.0,4.0,0.0,0.0
2021-09-16,34.0,10.0,0.0,0.0
2021-09-17,28.0,7.0,0.0,0.0
2021-09-18,20.0,7.0,0.0,0.0
2021-09-19,13.0,5.0,0.0,0.0
2021-09-20,13.0,6.0,0.0,0.0
2021-09-21,12.0,0.0,0.0,0.0
2021-09-22,11.0,4.0,0.0,0.0
2021-09-23,0.0,4.0,0.0,0.0
2021-09-24,9.0,7.0,0.0,0.0
2021-09-25,0.0,4.0,0.0,0.0
2021-09-26,0.0,3.0,0.0,6.0
2021-09-27,13.0,5.0,0.0,0.0
2021-09-28,22.0,5.0,0.0,0.0
2021-09-29,0.0,7.0,0.0,0.0
2021-09-30,0.0,6.0,0.0,0.0
2021-10-01,0.0,7.0,0.0,0.0
2021-10-02,0.0,7.0,0.0,0.0
2021-10-03,0.0,5.0,0.0,0.0
2021-10-04,0.0,5.0,0.0,0.0
2021-10-05,0.0,8.0,0.0,0.0
2021-10-06,0.0,6.0,0.0,0.0
2021-10-07,0.0,0.0,0.0,0.0
2021-10-08,0.0,4.0,0.0,0.0
2021-10-09,0.0,7.0,0.0,0.0
2021-10-10,0.0,6.0,0.0,0.0
2021-10-11,11.0,6.0,0.0,0.0
2021-10-12,12.0,9.0,0.0,0.0
2021-10-13,0.0,8.0,0.0,0.0
2021-10-14,0.0,5.0,0.0,0.0
2021-10-15,0.0,8.0,0.0,0.0
2021-10-16,0.0,6.0,0.0,0.0
2021-10-17,8.0,9.0,0.0,0.0
2021-10-18,15.0,7.0,0.0,0.0
2021-10-19,0.0,5.0,0.0,8.0
2021-10-20,10.0,6.0,0.0,0.0
2021-10-21,10.0,7.0,0.0,0.0
2021-10-22,0.0,10.0,0.0,8.0
2021-10-23,0.0,11.0,0.0,5.0
2021-10-24,0.0,5.0,0.0,4.0
2021-10-25,14.0,6.0,0.0,5.0
2021-10-26,8.0,7.0,0.0,0.0
2021-10-27,0.0,7.0,0.0,0.0
2021-10-28,0.0,6.0,0.0,0.0
2021-10-29,0.0,7.0,0.0,0.0
2021-10-30,0.0,8.0,0.0,0.0
2021-10-31,0.0,8.0,0.0,5.0
2021-11-01,0.0,9.0,0.0,5.0
2021-11-02,8.0,15.0,0.0,0.0
2021-11-03,0.0,9.0,0.0,0.0
2021-11-04,0.0,10.0,0.0,0.0
2021-11-05,0.0,8.0,0.0,6.0
2021-11-06,0.0,9.0,0.0,6.0
2021-11-07,0.0,10.0,0.0,0.0
2021-11-08,9.0,9.0,0.0,0.0
2021-11-09,9.0,8.0,0.0,0.0
2021-11-10,0.0,13.0,0.0,0.0
2021-11-11,0.0,8.0,0.0,0.0
2021-11-12,0.0,19.0,0.0,6.0
2021-11-13,14.0,18.0,0.0,0.0
2021-11-14,14.0,16.0,0.0,0.0
2021-11-15,12.0,14.0,0.0,6.0
2021-11-16,9.0,14.0,0.0,10.0
2021-11-17,10.0,12.0,0.0,6.0
2021-11-18,11.0,11.0,0.0,12.0
2021-11-19,12.0,12.0,0.0,6.0
2021-11-20,14.0,14.0,0.0,7.0
2021-11-21,17.0,14.0,0.0,7.0
2021-11-22,9.0,14.0,0.0,8.0
2021-11-23,0.0,11.0,0.0,5.0
2021-11-24,11.0,11.0,0.0,8.0
2021-11-25,0.0,9.0,93.0,7.0
2021-11-26,0.0,7.0,0.0,0.0
2021-11-27,13.0,10.0,0.0,11.0
2021-11-28,13.0,10.0,0.0,5.0
2021-11-29,14.0,8.0,0.0,6.0
2021-11-30,9.0,9.0,0.0,8.0
2021-12-01,13.0,11.0,0.0,0.0
2021-12-02,13.0,10.0,0.0,6.0
2021-12-03,0.0,14.0,0.0,9.0
2021-12-04,9.0,10.0,0.0,6.0
2021-12-05,13.0,10.0,100.0,5.0
2021-12-06,0.0,9.0,0.0,6.0
2021-12-07,0.0,7.0,0.0,8.0
2021-12-08,13.0,11.0,0.0,0.0
2021-12-09,10.0,10.0,0.0,6.0
2021-12-10,16.0,18.0,0.0,12.0
2021-12-11,20.0,24.0,0.0,11.0
2021-12-12,13.0,15.0,0.0,11.0
2021-12-13,16.0,14.0,0.0,0.0
2021-12-14,0.0,13.0,0.0,0.0
2021-12-15,0.0,12.0,0.0,9.0
2021-12-16,16.0,12.0,0.0,7.0
2021-12-17,13.0,8.0,0.0,8.0
2021-12-18,0.0,9.0,0.0,8.0
2021-12-19,8.0,5.0,0.0,0.0
2021-12-20,12.0,8.0,0.0,0.0
2021-12-21,0.0,8.0,0.0,8.0
2021-12-22,13.0,7.0,0.0,9.0
2021-12-23,0.0,9.0,0.0,8.0
2021-12-24,8.5,6.5,0.0,4.0
2021-12-25,6.0,4.0,0.0,5.0
2021-12-26,0.0,4.0,0.0,17.0
2021-12-27,4.0,3.0,0.0,10.0
2021-12-28,4.0,3.0,0.0,4.0
2021-12-29,5.0,4.0,0.0,5.0
2021-12-30,0.0,3.0,0.0,0.0
2021-12-31,0.0,4.0,0.0,3.0
2022-01-01,0.0,5.0,0.0,3.0
2022-01-02,5.0,5.0,0.0,3.0
2022-01-03,5.0,5.0,0.0,0.0
2022-01-04,0.0,3.0,0.0,0.0
2022-01-05,0.0,3.0,0.0,0.0
2022-01-06,0.0,3.0,0.0,0.0
2022-01-07,5.0,4.0,0.0,3.0
2022-01-08,0.0,4.0,0.0,0.0
2022-01-09,0.0,3.0,0.0,0.0
2022-01-10,0.0,4.0,0.0,0.0
2022-01-11,0.0,3.0,0.0,4.0
2022-01-12,0.0,2.0,0.0,4.0
2022-01-13,0.0,3.0,0.0,0.0
2022-01-14,0.0,4.0,0.0,0.0
2022-01-15,0.0,3.0,0.0,0.0
2022-01-16,0.0,3.0,0.0,0.0
2022-01-17,0.0,3.0,0.0,0.0
2022-01-18,0.0,0.0,0.0,0.0
2022-01-19,0.0,3.0,0.0,0.0
2022-01-20,0.0,0.0,0.0,0.0
2022-01-21,0.0,2.0,0.0,0.0
2022-01-22,4.0,3.0,0.0,0.0
2022-01-23,0.0,2.0,0.0,0.0
2022-01-24,0.0,0.0,0.0,0.0
2022-01-25,0.0,3.0,0.0,0.0
2022-01-26,0.0,2.0,0.0,0.0
2022-01-27,0.0,3.0,0.0,0.0
2022-01-28,0.0,3.0,0.0,3.0
2022-01-29,4.0,3.0,0.0,4.0
2022-01-30,0.0,2.0,41.0,0.0
2022-01-31,0.0,2.0,0.0,3.0
2022-02-01,0.0,2.0,0.0,3.0
2022-02-02,0.0,3.0,0.0,0.0
2022-02-03,5.0,4.0,0.0,4.0
2022-02-04,8.0,6.0,0.0,0.0
2022-02-05,4.0,2.0,0.0,0.0
2022-02-06,0.0,2.0,0.0,0.0
2022-02-07,4.0,2.0,0.0,0.0
2022-02-08,0.0,2.0,0.0,0.0
2022-02-09,0.0,3.0,0.0,0.0
2022-02-10,0.0,2.0,0.0,0.0
2022-02-11,0.0,2.0,0.0,0.0
2022-02-12,6.0,2.0,0.0,0.0
2022-02-13,4.0,3.0,0.0,0.0
2022-02-14,0.0,2.0,0.0,0.0
2022-02-15,0.0,2.0,0.0,0.0
2022-02-16,0.0,0.0,0.0,4.0
2022-02-17,0.0,2.0,0.0,0.0
2022-02-18,6.0,2.0,0.0,0.0
2022-02-19,0.0,2.0,0.0,0.0
2022-02-20,0.0,1.0,0.0,0.0
2022-02-21,4.0,2.0,0.0,0.0
2022-02-22,0.0,2.0,0.0,0.0
2022-02-23,0.0,3.0,0.0,0.0
2022-02-24,0.0,0.0,0.0,0.0
2022-02-25,0.0,2.0,0.0,3.0
2022-02-26,0.0,1.0,0.0,0.0
2022-02-27,0.0,2.0,0.0,4.0
2022-02-28,0.0,0.0,0.0,0.0
2022-03-01,0.0,1.0,0.0,0.0
2022-03-02,0.0,0.0,0.0,0.0
2022-03-03,0.0,0.0,0.0,0.0
2022-03-04,0.0,2.0,0.0,0.0
2022-03-05,0.0,0.0,0.0,0.0
2022-03-06,0.0,2.0,0.0,0.0
2022-03-07,0.0,2.0,0.0,0.0
2022-03-08,0.0,2.0,0.0,0.0
2022-03-09,0.0,0.0,0.0,0.0
2022-03-10,0.0,2.0,0.0,3.0
2022-03-11,0.0,2.0,45.0,0.0
2022-03-12,0.0,3.0,0.0,0.0
2022-03-13,0.0,2.0,0.0,0.0
2022-03-14,0.0,2.0,0.0,0.0
2022-03-15,0.0,2.0,0.0,0.0
2022-03-16,0.0,2.0,0.0,0.0
2022-03-17,0.0,2.0,0.0,0.0
2022-03-18,0.0,2.0,0.0,0.0
2022-03-19,0.0,2.0,0.0,0.0
2022-03-20,0.0,2.0,0.0,0.0
2022-03-21,0.0,0.0,0.0,0.0
2022-03-22,0.0,2.0,0.0,0.0
2022-03-23,0.0,3.0,0.0,0.0
2022-03-24,5.0,2.0,0.0,0.0
2022-03-25,0.0,2.0,0.0,0.0
2022-03-26,6.0,2.0,0.0,0.0
2022-03-27,0.0,2.0,44.0,0.0
2022-03-28,0.0,3.0,0.0,3.0
2022-03-29,0.0,3.0,0.0,0.0
2022-03-30,0.0,3.0,0.0,0.0
2022-03-31,5.0,2.0,0.0,0.0
2022-04-01,0.0,3.0,0.0,4.0
2022-04-02,0.0,4.0,0.0,0.0
2022-04-03,0.0,3.0,0.0,0.0
2022-04-04,0.0,2.0,0.0,0.0
2022-04-05,7.0,6.0,0.0,0.0
2022-04-06,0.0,0.0,0.0,0.0
2022-04-07,0.0,0.0,0.0,0.0
2022-04-08,0.0,0.0,0.0,0.0
2022-04-09,0.0,0.0,0.0,0.0
2022-04-10,0.0,3.0,0.0,0.0
2022-04-11,0.0,3.0,0.0,0.0
2022-04-12,0.0,4.0,0.0,0.0
2022-04-13,0.0,3.0,0.0,0.0
2022-04-14,0.0,3.0,0.0,0.0
2022-04-15,0.0,5.0,0.0,0.0
2022-04-16,5.0,4.0,0.0,0.0
2022-04-17,0.0,3.0,0.0,0.0
2022-04-18,6.0,3.0,0.0,0.0
2022-04-19,0.0,0.0,0.0,0.0
2022-04-20,0.0,3.0,0.0,0.0
2022-04-21,0.0,3.0,0.0,0.0
2022-04-22,0.0,0.0,0.0,0.0
2022-04-23,5.0,6.0,0.0,0.0
2022-04-24,5.0,4.0,0.0,7.0
2022-04-25,5.0,5.0,0.0,3.0
2022-04-26,7.0,5.0,0.0,0.0
2022-04-27,0.0,4.0,0.0,3.0
2022-04-28,7.0,4.0,0.0,3.0
2022-04-29,0.0,4.0,0.0,0.0
2022-04-30,0.0,2.0,0.0,0.0
2022-05-01,0.0,2.0,0.0,3.0
2022-05-02,0.0,3.0,0.0,0.0
2022-05-03,0.0,0.0,0.0,0.0
2022-05-04,0.0,3.0,0.0,0.0
2022-05-05,0.0,0.0,0.0,0.0
2022-05-06,0.0,2.0,0.0,0.0
2022-05-07,0.0,0.0,0.0,0.0
2022-05-08,0.0,0.0,0.0,0.0
2022-05-09,0.0,2.0,0.0,0.0
2022-05-10,0.0,2.0,0.0,0.0
2022-05-11,0.0,2.0,0.0,0.0
2022-05-12,4.0,9.0,21.0,5.0
2022-05-13,5.0,10.0,16.0,4.0
2022-05-14,5.0,9.0,13.0,3.0
2022-05-15,6.0,12.0,14.0,4.0
2022-05-16,4.0,10.0,15.0,4.0
2022-05-17,5.0,10.0,14.0,3.0
2022-05-18,5.0,13.0,17.0,4.0
2022-05-19,6.0,9.0,14.0,4.0
2022-05-20,6.0,9.0,14.0,4.0
2022-05-21,5.0,10.0,15.0,5.0
2022-05-22,5.0,9.0,13.0,4.0
2022-05-23,5.0,9.0,16.0,4.0
2022-05-24,6.0,9.0,14.0,4.0
2022-05-25,6.0,8.0,12.0,4.0
2022-05-26,7.0,8.0,13.0,4.0
2022-05-27,6.0,8.0,9.0,5.0
2022-05-28,6.0,7.0,10.0,4.0
2022-05-29,6.0,8.0,8.0,4.0
2022-05-30,6.0,8.0,10.0,4.0
2022-05-31,5.0,8.0,11.0,4.0
2022-06-01,6.0,7.0,12.0,4.0
2022-06-02,6.0,6.0,10.0,4.0
2022-06-03,6.0,7.0,8.0,4.0
2022-06-04,10.0,10.0,100.0,6.0
2022-06-05,10.0,10.0,49.0,6.0
2022-06-06,9.0,10.0,33.0,6.0
2022-06-07,10.0,11.0,30.0,6.0
2022-06-08,11.0,11.0,31.0,7.0
2022-06-09,10.0,10.0,35.0,8.0
2022-06-10,11.0,12.0,28.0,11.0
2022-06-11,10.0,11.0,24.0,8.0
2022-06-12,11.0,25.0,21.0,8.0
2022-06-13,10.0,17.0,26.0,9.0
2022-06-14,10.0,13.0,20.0,6.0
2022-06-15,9.0,11.0,21.0,7.0
2022-06-16,10.0,11.0,18.0,7.0
2022-06-17,9.0,10.0,21.0,7.0
2022-06-18,10.0,10.0,24.0,7.0
2022-06-19,10.0,10.0,18.0,9.0
2022-06-20,11.0,11.0,19.0,7.0
2022-06-21,11.0,9.0,18.0,8.0
2022-06-22,14.0,16.5,32.0,15.5
2022-06-23,25.0,24.0,46.0,18.0
2022-06-24,26.0,23.0,54.0,19.0
2022-06-25,23.0,24.0,59.0,18.0
2022-06-26,22.0,21.0,44.0,17.0
2022-06-27,22.0,24.0,33.0,20.0
2022-06-28,20.0,23.0,40.0,15.0
2022-06-29,21.0,22.0,55.0,18.0
2022-06-30,14.0,20.0,50.0,18.0
2022-07-01,15.0,22.0,39.0,16.0
2022-07-02,19.0,21.0,42.0,15.0
2022-07-03,30.0,22.0,42.0,17.0
2022-07-04,23.0,18.0,37.0,16.0
2022-07-05,12.0,14.0,37.0,13.0
2022-07-06,15.0,13.0,32.0,13.0
2022-07-07,15.0,13.0,32.0,14.0
2022-07-08,15.0,13.0,53.0,11.0
2022-07-09,15.0,12.0,33.0,11.0
2022-07-10,15.0,11.0,22.0,10.0
2022-07-11,16.0,13.0,25.0,10.0
2022-07-12,15.0,13.0,20.0,11.0
2022-07-13,16.0,12.0,20.0,12.0
2022-07-14,18.0,14.0,17.0,29.0
2022-07-15,19.0,13.0,15.0,22.0
2022-07-16,19.0,14.0,16.0,19.0
2022-07-17,17.0,13.0,11.0,16.0
2022-07-18,13.0,15.0,20.0,14.0
2022-07-19,17.0,13.0,12.0,15.0
2022-07-20,16.0,13.0,15.0,15.0
2022-07-21,16.0,15.0,19.0,15.0
2022-07-22,12.0,13.0,17.0,12.0
2022-07-23,15.0,13.0,13.0,13.0
2022-07-24,18.0,13.0,13.0,11.0
2022-07-25,14.0,13.0,16.0,13.0
2022-07-26,19.0,12.0,14.0,12.0
2022-07-27,13.0,14.0,12.0,14.0
2022-07-28,17.0,17.0,9.0,14.0
2022-07-29,18.0,14.0,11.0,15.0
2022-07-30,20.0,13.0,8.0,15.0
2022-07-31,16.0,12.0,9.0,15.0
2022-08-01,17.0,13.0,10.0,11.0
2022-08-02,15.0,11.0,17.0,12.0
2022-08-03,18.0,13.0,14.0,11.0
2022-08-04,14.0,11.0,10.0,12.0
2022-08-05,14.0,14.0,22.0,13.0
2022-08-06,14.0,12.0,24.0,11.0
2022-08-07,14.0,11.0,11.0,11.0
2022-08-08,20.0,19.0,31.0,15.0
2022-08-09,21.0,20.0,30.0,15.0
2022-08-10,11.0,14.0,16.0,10.0
2022-08-11,14.0,13.0,14.0,10.0
2022-08-12,13.0,12.0,19.0,9.0
2022-08-13,13.0,12.0,14.0,12.0
2022-08-14,16.0,13.0,13.0,11.0
2022-08-15,14.0,13.0,12.0,11.0
2022-08-16,17.0,14.0,16.0,12.0
2022-08-17,20.0,15.0,18.0,11.0
2022-08-18,15.0,17.0,10.0,12.0
2022-08-19,14.0,11.0,25.0,11.0
2022-08-20,12.0,12.0,11.0,13.0
2022-08-21,15.0,11.0,20.0,16.0
2022-08-22,18.0,14.0,26.0,13.0
2022-08-23,12.0,14.0,25.0,12.0
2022-08-24,18.0,14.0,16.0,14.0
2022-08-25,15.0,14.0,18.0,11.0
2022-08-26,17.0,14.0,19.0,14.0
2022-08-27,15.0,14.0,22.0,10.0
2022-08-28,14.0,13.0,17.0,10.0
2022-08-29,16.0,13.0,17.0,9.0
2022-08-30,16.0,13.0,19.0,8.0
2022-08-31,13.0,11.0,18.0,11.0
2022-09-01,14.0,11.0,24.0,10.0
2022-09-02,16.0,11.0,17.0,11.0
2022-09-03,12.0,11.0,13.0,12.0
2022-09-04,12.0,12.0,12.0,9.0
2022-09-05,12.0,12.0,11.0,11.0
2022-09-06,12.0,13.0,13.0,10.0
2022-09-07,15.0,12.0,14.0,11.0
2022-09-08,13.0,11.0,15.0,11.0
2022-09-09,14.0,12.0,10.0,10.0
2022-09-10,13.0,12.0,15.0,12.0
2022-09-11,14.0,11.0,17.0,12.0
2022-09-12,13.0,12.0,19.0,11.0
2022-09-13,15.0,11.0,24.0,11.0
2022-09-14,13.0,12.0,16.0,11.0
2022-09-15,15.0,14.0,16.0,10.0
2022-09-16,16.0,12.0,13.0,9.0
2022-09-17,15.0,12.0,20.0,9.0
2022-09-18,12.0,11.0,13.0,8.0
2022-09-19,16.0,11.0,20.0,11.0
2022-09-20,15.0,11.0,18.0,10.0
2022-09-21,16.0,11.0,15.0,10.0
2022-09-22,13.0,13.0,21.0,10.0
2022-09-23,14.0,13.0,11.0,10.0
2022-09-24,15.0,12.0,20.0,11.0
2022-09-25,12.0,11.0,17.0,10.0
2022-09-26,12.0,11.0,13.0,9.0
2022-09-27,14.0,11.0,17.0,10.0
2022-09-28,11.0,12.0,16.0,9.0
2022-09-29,13.0,12.0,14.0,8.0
2022-09-30,14.0,12.0,13.0,10.0
2022-10-01,12.0,11.0,10.0,9.0
2022-10-02,12.0,11.0,15.0,9.0
2022-10-03,12.0,11.0,9.0,10.0
2022-10-04,11.0,11.0,9.0,9.0
2022-10-05,9.0,10.0,0.0,8.0
2022-10-06,13.0,11.0,13.0,9.0
2022-10-07,15.0,12.0,11.0,12.0
2022-10-08,10.0,11.0,9.0,11.0
2022-10-09,11.0,11.0,17.0,10.0
2022-10-10,11.0,11.0,13.0,12.0
2022-10-11,12.0,11.0,12.0,10.0
2022-10-12,13.0,11.0,18.0,11.0
2022-10-13,10.0,11.0,15.0,10.0
2022-10-14,13.0,11.0,15.0,14.0
2022-10-15,10.0,10.0,21.0,11.0
2022-10-16,13.0,10.0,17.0,11.0
2022-10-17,9.0,12.0,14.0,12.0
2022-10-18,13.0,12.0,12.0,12.0
2022-10-19,10.0,13.0,19.0,10.0
2022-10-20,11.0,11.0,18.0,10.0
2022-10-21,8.0,12.0,9.0,9.0
2022-10-22,12.0,10.0,0.0,8.0
2022-10-23,5.0,8.0,15.0,7.0
2022-10-24,5.0,7.0,12.0,5.0
2022-10-25,8.0,8.0,9.0,7.0
2022-10-26,8.0,9.0,10.0,9.0
2022-10-27,10.0,8.0,11.0,8.0
2022-10-28,11.0,10.0,11.0,8.0
2022-10-29,10.0,9.0,13.0,6.0
2022-10-30,11.0,8.0,18.0,5.0
2022-10-31,11.0,11.0,18.0,7.0
2022-11-01,12.0,10.0,23.0,10.0
2022-11-02,9.0,10.0,14.0,9.0
2022-11-03,12.0,10.0,24.0,8.0
2022-11-04,11.0,9.0,48.0,11.0
2022-11-05,12.0,10.0,24.0,11.0
2022-11-06,10.0,9.0,23.0,8.0
2022-11-07,11.0,9.0,31.0,10.0
2022-11-08,11.0,10.0,24.0,9.0
2022-11-09,12.0,10.0,30.0,10.0
2022-11-10,11.0,11.0,28.0,10.0
2022-11-11,13.0,11.0,18.0,9.0
2022-11-12,13.0,10.0,20.0,10.0
2022-11-13,12.0,10.0,24.0,11.0
2022-11-14,12.0,10.0,26.0,13.0
2022-11-15,16.0,10.0,27.0,12.0
2022-11-16,12.0,11.0,26.0,15.0
2022-11-17,14.0,13.0,20.0,15.0
2022-11-18,18.0,10.0,19.0,12.0
2022-11-19,11.0,9.0,21.0,11.0
2022-11-20,14.0,10.0,23.0,12.0
2022-11-21,11.0,9.0,26.0,11.0
2022-11-22,8.0,10.0,27.0,10.0
2022-11-23,13.0,10.0,26.0,11.0
2022-11-24,11.0,9.0,32.0,9.0
2022-11-25,11.0,8.0,28.0,10.0
2022-11-26,13.0,9.0,40.0,9.0
2022-11-27,13.0,9.0,26.0,11.0
2022-11-28,13.0,9.0,36.0,11.0
2022-11-29,12.0,10.0,41.0,9.0
2022-11-30,12.0,9.0,53.0,11.0
2022-12-01,12.0,9.0,44.0,9.0
2022-12-02,12.0,11.0,35.0,9.0
2022-12-03,13.0,12.0,32.0,8.0
2022-12-04,14.0,11.0,29.0,10.0
2022-12-05,14.0,11.0,49.0,10.0
2022-12-06,11.0,12.0,55.0,11.0
2022-12-07,11.0,12.0,100.0,10.0
2022-12-08,10.0,10.0,99.0,8.0
2022-12-09,12.0,10.0,84.0,9.0
2022-12-10,8.0,10.0,54.0,11.0
2022-12-11,11.0,11.0,56.0,10.0
2022-12-12,12.0,12.0,55.0,9.0
2022-12-13,9.0,10.0,38.0,10.0
2022-12-14,13.0,10.0,35.0,10.0
2022-12-15,12.0,13.0,44.0,10.0
2022-12-16,14.0,13.0,32.0,11.0
2022-12-17,11.0,12.0,38.0,11.0
2022-12-18,11.0,11.0,32.0,10.0
2022-12-19,11.0,11.5,23.0,9.5
2022-12-20,9.0,9.0,42.0,10.0
2022-12-21,9.0,9.0,25.0,8.0
2022-12-22,9.0,8.0,26.0,8.0
2022-12-23,9.0,8.0,24.0,7.0
2022-12-24,8.0,8.0,30.0,8.0
2022-12-25,8.0,7.0,24.0,8.0
2022-12-26,11.0,8.0,23.0,8.0
2022-12-27,10.0,10.0,25.0,9.0
2022-12-28,13.0,11.0,39.0,9.0
2022-12-29,31.0,11.0,44.0,8.0
2022-12-30,34.0,10.0,100.0,7.0
2022-12-31,24.0,10.0,41.0,6.0
2023-01-01,21.0,9.0,22.0,5.0
2023-01-02,18.0,9.0,24.0,9.0
2023-01-03,19.0,9.0,22.0,7.0
2023-01-04,16.0,10.0,14.0,8.0
2023-01-05,14.0,8.0,13.0,7.0
2023-01-06,15.0,8.0,18.0,8.0
2023-01-07,12.0,8.0,14.0,9.0
2023-01-08,12.0,9.0,11.0,9.0
2023-01-09,14.0,9.0,13.0,8.0
2023-01-10,14.0,8.0,11.0,11.0
2023-01-11,12.0,9.0,0.0,10.0
2023-01-12,13.0,8.0,8.0,7.0
2023-01-13,13.0,9.0,10.0,7.0
2023-01-14,10.0,9.0,7.0,8.0
2023-01-15,11.0,9.0,8.0,8.0
2023-01-16,12.0,9.0,15.0,10.0
2023-01-17,12.0,9.0,12.0,8.0
2023-01-18,13.0,8.0,12.0,8.0
2023-01-19,11.0,8.0,10.0,7.0
2023-01-20,13.0,10.0,9.0,9.0
2023-01-21,12.0,10.0,10.0,9.0
2023-01-22,11.0,10.0,10.0,8.0
2023-01-23,13.0,9.0,9.0,8.0
2023-01-24,14.0,9.0,15.0,8.0
2023-01-25,11.0,9.0,6.0,7.0
2023-01-26,9.0,7.0,10.0,6.0
2023-01-27,12.0,9.0,15.0,8.0
2023-01-28,10.0,9.0,9.0,9.0
2023-01-29,11.0,8.0,10.0,9.0
2023-01-30,12.0,10.0,12.0,8.0
2023-01-31,14.0,9.0,17.0,9.0
2023-02-01,10.0,9.0,9.0,7.0
2023-02-02,14.0,8.0,23.0,9.0
2023-02-03,13.0,9.0,7.0,10.0
2023-02-04,12.0,9.0,10.0,9.0
2023-02-05,13.0,9.0,8.0,9.0
2023-02-06,12.0,10.0,8.0,10.0
2023-02-07,12.0,8.0,6.0,8.0
2023-02-08,11.0,8.0,18.0,9.0
2023-02-09,14.0,9.0,9.0,8.0
2023-02-10,14.0,8.0,16.0,9.0
2023-02-11,12.0,8.0,16.0,8.0
2023-02-12,11.0,7.0,9.0,9.0
2023-02-13,13.0,9.0,0.0,9.0
2023-02-14,14.0,7.0,8.0,9.0
2023-02-15,11.0,7.0,10.0,9.0
2023-02-16,10.0,8.0,8.0,9.0
2023-02-17,10.0,7.0,7.0,7.0
2023-02-18,7.0,6.0,8.0,7.0
2023-02-19,11.0,7.0,9.0,8.0
2023-02-20,12.0,8.0,8.0,8.0
2023-02-21,13.0,8.0,0.0,8.0
2023-02-22,11.0,7.0,12.0,7.0
2023-02-23,11.0,6.0,0.0,8.0
2023-02-24,11.0,7.0,11.0,7.0
2023-02-25,9.0,8.0,6.0,8.0
2023-02-26,11.0,9.0,6.0,7.0
2023-02-27,17.0,10.0,14.0,8.0
2023-02-28,15.0,9.0,20.0,8.0
2023-03-01,15.0,10.0,10.0,8.0
2023-03-02,15.0,9.0,8.0,8.0
2023-03-03,15.0,9.0,7.0,8.0
2023-03-04,10.0,7.0,9.0,7.0
2023-03-05,11.0,7.0,9.0,6.0
2023-03-06,9.0,7.0,7.0,8.0
2023-03-07,7.0,7.0,9.0,7.0
2023-03-08,11.0,5.0,7.0,6.0
2023-03-09,13.0,7.0,7.0,6.0
2023-03-10,13.0,8.0,8.0,8.0
2023-03-11,13.0,8.0,13.0,9.0
2023-03-12,11.0,8.0,0.0,9.0
2023-03-13,13.0,8.0,0.0,6.0
2023-03-14,13.0,8.0,0.0,9.0
2023-03-15,11.0,10.0,8.0,8.0
2023-03-16,12.0,8.0,11.0,8.0
2023-03-17,12.0,8.0,0.0,7.0
2023-03-18,13.0,9.0,7.0,8.0
2023-03-19,10.0,9.0,9.0,10.0
2023-03-20,11.0,10.0,8.0,9.0
2023-03-21,13.0,8.0,8.0,8.0
2023-03-22,15.0,8.0,0.0,9.0
2023-03-23,12.0,8.0,0.0,8.0
2023-03-24,16.0,8.0,6.0,9.0
2023-03-25,13.0,8.0,9.0,9.0
2023-03-26,12.0,7.0,7.0,8.0
2023-03-27,12.0,7.0,0.0,8.0
2023-03-28,14.0,7.0,6.0,8.0
2023-03-29,12.0,8.0,11.0,8.0
2023-03-30,12.0,6.0,0.0,7.0
2023-03-31,10.0,6.0,7.0,5.0
2023-04-01,10.0,7.0,0.0,8.0
2023-04-02,12.0,8.0,0.0,7.0
2023-04-03,13.0,7.0,0.0,9.0
2023-04-04,11.0,7.0,0.0,8.0
2023-04-05,11.0,6.0,0.0,8.0
2023-04-06,10.0,7.0,7.0,8.0
2023-04-07,11.0,7.0,0.0,8.0
2023-04-08,10.0,7.0,10.0,7.0
2023-04-09,10.0,7.0,0.0,6.0
2023-04-10,11.0,7.0,8.0,8.0
2023-04-11,9.0,6.0,0.0,8.0
2023-04-12,11.0,7.0,0.0,9.0
2023-04-13,11.0,7.0,0.0,8.0
2023-04-14,9.0,7.0,0.0,6.0
2023-04-15,11.0,7.0,0.0,7.0
2023-04-16,7.0,6.0,6.0,7.0
2023-04-17,9.0,6.0,0.0,6.0
2023-04-18,12.0,7.0,0.0,7.0
2023-04-19,10.0,7.0,0.0,6.0
2023-04-20,12.0,6.0,0.0,7.0
2023-04-21,7.0,7.0,7.0,6.0
2023-04-22,9.0,6.0,0.0,8.0
2023-04-23,8.0,6.0,0.0,6.0
2023-04-24,10.0,7.0,0.0,8.0
2023-04-25,10.0,6.0,0.0,7.0
2023-04-26,10.0,9.0,0.0,7.0
2023-04-27,11.0,7.0,0.0,7.0
2023-04-28,9.0,8.0,8.0,8.0
2023-04-29,9.0,8.0,7.0,8.0
2023-04-30,8.0,7.0,0.0,6.0
2023-05-01,10.0,7.0,0.0,7.0
2023-05-02,10.0,8.0,0.0,8.0
2023-05-03,11.0,7.0,0.0,10.0
2023-05-04,12.0,8.0,0.0,10.0
2023-05-05,11.0,7.0,8.0,7.0
2023-05-06,9.0,7.0,8.0,9.0
2023-05-07,10.0,7.0,0.0,9.0
2023-05-08,12.0,6.0,10.0,8.0
2023-05-09,10.0,7.0,0.0,8.0
2023-05-10,11.0,6.0,0.0,9.0
2023-05-11,12.0,7.0,7.0,7.0
2023-05-12,11.0,8.0,7.0,7.0
2023-05-13,13.0,7.0,0.0,8.0
2023-05-14,11.0,7.0,0.0,8.0
2023-05-15,15.0,7.0,6.0,9.0
2023-05-16,16.0,6.0,0.0,8.0
2023-05-17,14.0,6.0,0.0,7.0
2023-05-18,13.0,6.0,10.0,6.0
2023-05-19,14.0,7.0,7.0,8.0
2023-05-20,13.0,7.0,7.0,6.0
2023-05-21,12.0,9.0,8.0,7.0
2023-05-22,14.0,7.0,0.0,8.0
2023-05-23,16.0,7.0,6.0,7.0
2023-05-24,14.0,6.0,6.0,7.0
2023-05-25,16.0,7.0,0.0,8.0
2023-05-26,17.0,7.0,14.0,7.0
2023-05-27,18.0,7.0,7.0,9.0
2023-05-28,17.0,6.0,0.0,6.0
2023-05-29,21.0,6.0,7.0,6.0
2023-05-30,21.0,6.0,10.0,8.0
2023-05-31,20.0,8.0,0.0,9.0
2023-06-01,53.0,9.0,0.0,8.0
2023-06-02,49.0,8.0,11.0,8.0
2023-06-03,32.0,7.0,6.0,9.0
2023-06-04,25.0,6.0,7.0,8.0
2023-06-05,24.0,7.0,0.0,8.0
2023-06-06,21.0,7.0,6.0,7.0
2023-06-07,19.0,7.0,0.0,7.0
2023-06-08,21.0,7.0,0.0,8.0
2023-06-09,18.0,7.0,10.0,10.0
2023-06-10,17.0,7.0,8.0,8.0
2023-06-11,16.0,7.0,8.0,7.0
2023-06-12,17.0,7.0,0.0,7.0
2023-06-13,16.0,7.0,6.0,10.0
2023-06-14,15.0,7.0,9.0,7.0
2023-06-15,15.0,6.0,0.0,7.0
2023-06-16,14.0,6.0,0.0,7.0
2023-06-17,19.5,9.5,0.0,9.5
2023-06-18,24.0,14.0,15.0,12.0
2023-06-19,26.0,17.0,12.0,14.0
2023-06-20,25.0,22.0,11.0,15.0
2023-06-21,24.0,20.0,17.0,13.0
2023-06-22,24.0,19.0,14.0,13.0
2023-06-23,26.0,16.0,11.0,12.0
2023-06-24,24.0,16.0,0.0,12.0
2023-06-25,22.0,16.0,13.0,13.0
2023-06-26,26.0,20.0,14.0,16.0
2023-06-27,25.0,19.0,12.0,16.0
2023-06-28,26.0,18.0,12.0,11.0
2023-06-29,27.0,18.0,0.0,15.0
2023-06-30,24.0,17.0,10.0,15.0
2023-07-01,22.0,18.0,14.0,15.0
2023-07-02,21.0,15.0,0.0,12.0
2023-07-03,21.0,15.0,0.0,13.0
2023-07-04,27.0,15.0,0.0,16.0
2023-07-05,23.0,17.0,19.0,13.0
2023-07-06,29.0,22.0,0.0,16.0
2023-07-07,19.0,24.0,13.0,14.0
2023-07-08,24.0,22.0,0.0,13.0
2023-07-09,25.0,21.0,0.0,14.0
2023-07-10,23.0,19.0,13.0,14.0
2023-07-11,27.0,20.0,0.0,13.0
2023-07-12,29.0,20.0,12.0,15.0
2023-07-13,24.0,22.0,13.0,15.0
2023-07-14,22.0,19.0,0.0,12.0
2023-07-15,23.0,20.0,0.0,14.0
2023-07-16,18.0,16.0,12.0,38.0
2023-07-17,18.0,16.0,15.0,23.0
2023-07-18,22.0,15.0,11.0,16.0
2023-07-19,27.0,19.0,12.0,14.0
2023-07-20,26.0,18.0,13.0,14.0
2023-07-21,25.0,20.0,11.0,13.0
2023-07-22,32.0,22.0,21.0,17.0
2023-07-23,24.0,23.0,18.0,15.0
2023-07-24,28.0,23.0,12.0,14.0
2023-07-25,29.0,20.0,15.0,13.0
2023-07-26,22.0,22.0,11.0,14.0
2023-07-27,28.0,20.0,18.0,14.0
2023-07-28,25.0,20.0,12.0,21.0
2023-07-29,20.0,22.0,13.0,14.0
2023-07-30,20.0,20.0,9.0,15.0
2023-07-31,25.0,18.0,17.0,16.0
2023-08-01,19.0,19.0,12.0,13.0
2023-08-02,24.0,19.0,13.0,13.0
2023-08-03,24.0,19.0,14.0,12.0
2023-08-04,20.0,19.0,0.0,13.0
2023-08-05,22.0,19.0,0.0,10.0
2023-08-06,14.0,16.0,0.0,13.0
2023-08-07,19.0,19.0,16.0,14.0
2023-08-08,19.0,16.0,14.0,13.0
2023-08-09,20.0,18.0,14.0,13.0
2023-08-10,18.0,17.0,0.0,13.0
2023-08-11,17.0,17.0,11.0,15.0
2023-08-12,19.0,17.0,16.0,14.0
2023-08-13,16.0,15.0,0.0,15.0
2023-08-14,22.0,17.0,17.0,12.0
2023-08-15,18.0,16.0,9.0,13.0
2023-08-16,20.0,20.0,16.0,14.0
2023-08-17,26.0,19.0,16.0,15.0
2023-08-18,20.0,19.0,18.0,16.0
2023-08-19,22.0,19.0,16.0,12.0
2023-08-20,20.0,18.0,12.0,14.0
2023-08-21,19.0,20.0,16.0,16.0
2023-08-22,18.0,17.0,15.0,16.0
2023-08-23,20.0,18.0,13.0,12.0
2023-08-24,18.0,18.0,16.0,15.0
2023-08-25,22.0,21.0,22.0,17.0
2023-08-26,21.0,20.0,15.0,18.0
2023-08-27,20.0,21.0,10.0,15.0
2023-08-28,20.0,18.0,12.0,15.0
2023-08-29,18.0,16.0,14.0,16.0
2023-08-30,16.0,14.0,12.0,12.0
2023-08-31,17.0,13.0,16.0,10.0
2023-09-01,25.0,16.0,13.0,12.0
2023-09-02,20.0,17.0,15.0,12.0
2023-09-03,21.0,19.0,17.0,17.0
2023-09-04,22.0,17.0,19.0,18.0
2023-09-05,18.0,20.0,11.0,13.0
2023-09-06,24.0,22.0,0.0,15.0
2023-09-07,18.0,18.0,12.0,15.0
2023-09-08,20.0,20.0,18.0,14.0
2023-09-09,21.0,22.0,0.0,13.0
2023-09-10,27.0,25.0,17.0,18.0
2023-09-11,26.0,25.0,16.0,18.0
2023-09-12,25.0,26.0,19.0,15.0
2023-09-13,24.0,25.0,23.0,17.0
2023-09-14,27.0,26.0,22.0,19.0
2023-09-15,31.0,25.0,29.0,16.0
2023-09-16,28.0,26.0,21.0,21.0
2023-09-17,25.0,25.0,14.0,17.0
2023-09-18,27.0,29.0,18.0,19.0
2023-09-19,27.0,32.0,24.0,23.0
2023-09-20,26.0,30.0,16.0,21.0
2023-09-21,28.0,29.0,0.0,19.0
2023-09-22,30.0,27.0,17.0,18.0
2023-09-23,30.0,26.0,20.0,20.0
2023-09-24,21.0,24.0,19.0,15.0
2023-09-25,23.0,28.0,18.0,17.0
2023-09-26,28.0,29.0,25.0,19.0
2023-09-27,27.0,23.0,22.0,15.0
2023-09-28,20.0,18.0,14.0,14.0
2023-09-29,20.0,21.0,13.0,12.0
2023-09-30,21.0,27.0,13.0,29.0
2023-10-01,22.0,26.0,13.0,32.0
2023-10-02,30.0,27.0,20.0,31.0
2023-10-03,34.0,25.0,22.0,28.0
2023-10-04,30.0,24.0,15.0,29.0
2023-10-05,30.0,25.0,18.0,37.0
2023-10-06,26.0,22.0,0.0,30.0
2023-10-07,24.0,23.0,11.0,25.0
2023-10-08,19.0,18.0,12.0,25.0
2023-10-09,24.0,20.0,17.0,26.0
2023-10-10,25.0,20.0,15.0,28.0
2023-10-11,19.0,22.0,14.0,25.0
2023-10-12,21.0,19.0,16.0,24.0
2023-10-13,20.0,18.0,11.0,23.0
2023-10-14,17.0,14.0,14.0,18.0
2023-10-15,14.0,13.0,0.0,16.0
2023-10-16,16.0,15.0,11.0,24.0
2023-10-17,18.0,16.0,0.0,21.0
2023-10-18,19.0,16.0,11.0,22.0
2023-10-19,17.0,15.0,18.0,24.0
2023-10-20,18.0,17.0,17.0,20.0
2023-10-21,18.0,15.0,0.0,20.0
2023-10-22,14.0,13.0,0.0,17.0
2023-10-23,18.0,12.0,14.0,18.0
2023-10-24,15.0,16.0,12.0,18.0
2023-10-25,19.0,15.0,20.0,23.0
2023-10-26,23.0,17.0,14.0,27.0
2023-10-27,12.0,16.0,0.0,27.0
2023-10-28,18.0,15.0,0.0,27.0
2023-10-29,13.0,15.0,20.0,29.0
2023-10-30,15.0,17.0,17.0,29.0
2023-10-31,18.0,18.0,0.0,32.0
2023-11-01,13.0,15.0,0.0,36.0
2023-11-02,17.0,19.0,0.0,35.0
2023-11-03,18.0,20.0,64.0,33.0
2023-11-04,13.0,22.0,100.0,36.0
2023-11-05,13.0,21.0,39.0,32.0
2023-11-06,13.0,20.0,52.0,23.0
2023-11-07,15.0,17.0,39.0,21.0
2023-11-08,14.0,15.0,29.0,19.0
2023-11-09,13.0,15.0,15.0,17.0
2023-11-10,13.0,14.0,33.0,14.0
2023-11-11,25.0,19.0,32.0,16.0
2023-11-12,17.0,16.0,17.0,10.0
2023-11-13,19.0,19.0,21.0,15.0
2023-11-14,22.0,20.0,27.0,20.0
2023-11-15,22.0,20.0,25.0,18.0
2023-11-16,28.0,20.0,22.0,16.0
2023-11-17,28.0,20.0,31.0,15.0
2023-11-18,25.0,19.0,17.0,13.0
2023-11-19,22.0,18.0,0.0,11.0
2023-11-20,25.0,21.0,19.0,17.0
2023-11-21,27.0,22.0,21.0,19.0
2023-11-22,24.0,23.0,19.0,28.0
2023-11-23,21.0,19.0,18.0,21.0
2023-11-24,15.0,13.0,25.0,26.0
2023-11-25,15.0,15.0,17.0,19.0
2023-11-26,20.0,21.0,24.0,20.0
2023-11-27,20.0,20.0,17.0,22.0
2023-11-28,19.0,15.0,13.0,18.0
2023-11-29,15.0,15.0,11.0,22.0
2023-11-30,19.0,18.0,12.0,24.0
2023-12-01,16.0,17.0,13.0,41.0
2023-12-02,19.0,17.0,13.0,30.0
2023-12-03,10.0,14.0,15.0,24.0
2023-12-04,15.0,17.0,14.0,27.0
2023-12-05,18.0,15.0,22.0,26.0
2023-12-06,17.0,18.0,35.0,23.0
2023-12-07,16.0,18.0,35.0,24.0
2023-12-08,19.0,18.0,0.0,22.0
2023-12-09,18.0,16.0,15.0,22.0
2023-12-10,16.0,15.0,19.0,23.0
2023-12-11,21.0,20.0,20.0,28.0
2023-12-12,23.0,22.0,22.0,26.0
2023-12-13,15.0,19.0,32.0,30.0
2023-12-14,17.0,14.5,24.5,20.5
2023-12-15,9.0,10.0,13.0,16.0
2023-12-16,11.0,9.0,13.0,25.0
2023-12-17,10.0,9.0,12.0,100.0
2023-12-18,10.0,11.0,16.0,52.0
2023-12-19,12.0,13.0,20.0,30.0
2023-12-20,11.0,13.0,18.0,22.0
2023-12-21,10.0,13.0,12.0,18.0
2023-12-22,10.0,11.0,10.0,15.0
2023-12-23,10.0,14.0,6.0,14.0
2023-12-24,9.0,12.0,8.0,12.0
2023-12-25,9.0,11.0,13.0,11.0
2023-12-26,9.0,12.0,10.0,13.0
2023-12-27,10.0,14.0,14.0,11.0
2023-12-28,12.0,18.0,11.0,14.0
2023-12-29,14.0,23.0,17.0,14.0
2023-12-30,12.0,17.0,21.0,11.0
2023-12-31,11.0,16.0,19.0,10.0
2024-01-01,13.0,14.0,12.0,8.0
2024-01-02,14.0,16.0,21.0,12.0
2024-01-03,14.0,16.0,17.0,13.0
2024-01-04,13.0,16.0,16.0,11.0
2024-01-05,10.0,13.0,17.0,9.0
2024-01-06,13.0,11.0,9.0,9.0
2024-01-07,12.0,14.0,11.0,11.0
2024-01-08,11.0,11.0,7.0,10.0
2024-01-09,13.0,12.0,14.0,10.0
2024-01-10,9.0,12.0,14.0,9.0
2024-01-11,11.0,13.0,10.0,10.0
2024-01-12,11.0,11.0,11.0,8.0
2024-01-13,11.0,12.0,12.0,9.0
2024-01-14,7.0,10.0,12.0,7.0
2024-01-15,7.0,10.0,8.0,8.0
2024-01-16,12.0,12.0,9.0,9.0
2024-01-17,11.0,11.0,11.0,8.0
2024-01-18,8.0,10.0,10.0,9.0
2024-01-19,8.0,9.0,9.0,8.0
2024-01-20,6.0,8.0,6.0,8.0
2024-01-21,7.0,6.0,5.0,6.0
2024-01-22,5.0,5.0,6.0,6.0
2024-01-23,7.0,7.0,9.0,8.0
2024-01-24,9.0,8.0,7.0,8.0
2024-01-25,9.0,10.0,8.0,32.0
2024-01-26,7.0,8.0,10.0,14.0
2024-01-27,10.0,9.0,10.0,11.0
2024-01-28,8.0,8.0,12.0,17.0
2024-01-29,8.0,8.0,18.0,14.0
2024-01-30,11.0,10.0,15.0,10.0
2024-01-31,8.0,12.0,14.0,10.0
2024-02-01,9.0,10.0,12.0,10.0
2024-02-02,7.0,10.0,13.0,9.0
2024-02-03,8.0,8.0,12.0,7.0
2024-02-04,7.0,7.0,8.0,7.0
2024-02-05,6.0,8.0,12.0,8.0
2024-02-06,8.0,7.0,9.0,9.0
2024-02-07,9.0,8.0,8.0,8.0
2024-02-08,8.0,8.0,11.0,6.0
2024-02-09,7.0,6.0,10.0,7.0
2024-02-10,8.0,6.0,14.0,6.0
2024-02-11,6.0,6.0,16.0,6.0
2024-02-12,7.0,6.0,16.0,5.0
2024-02-13,7.0,7.0,12.0,5.0
2024-02-14,6.0,6.0,12.0,4.0
2024-02-15,7.0,7.0,10.0,7.0
2024-02-16,7.0,7.0,9.0,7.0
2024-02-17,7.0,11.0,12.0,7.0
2024-02-18,8.0,16.0,14.0,7.0
2024-02-19,8.0,12.0,11.0,7.0
2024-02-20,8.0,12.0,14.0,7.0
2024-02-21,9.0,11.0,12.0,7.0
2024-02-22,9.0,10.0,11.0,7.0
2024-02-23,7.0,8.0,15.0,6.0
2024-02-24,8.0,8.0,14.0,9.0
2024-02-25,8.0,9.0,12.0,28.0
2024-02-26,18.0,19.0,16.0,24.0
2024-02-27,13.0,12.0,12.0,15.0
2024-02-28,10.0,8.0,15.0,10.0
2024-02-29,9.0,7.0,11.0,9.0
2024-03-01,9.0,9.0,11.0,8.0
2024-03-02,9.0,11.0,12.0,9.0
2024-03-03,7.0,8.0,16.0,8.0
2024-03-04,13.0,9.0,23.0,8.0
2024-03-05,34.0,11.0,20.0,11.0
2024-03-06,41.0,10.0,18.0,9.0
2024-03-07,42.0,10.0,17.0,8.0
2024-03-08,19.0,7.0,11.0,8.0
2024-03-09,19.0,8.0,20.0,8.0
2024-03-10,17.0,8.0,56.0,7.0
2024-03-11,15.0,7.0,29.0,7.0
2024-03-12,14.0,7.0,16.0,10.0
2024-03-13,13.0,7.0,12.0,9.0
2024-03-14,12.0,8.0,10.0,7.0
2024-03-15,11.0,8.0,13.0,14.0
2024-03-16,10.0,9.0,11.0,15.0
2024-03-17,9.0,8.0,10.0,8.0
2024-03-18,10.0,8.0,7.0,7.0
2024-03-19,9.0,7.0,5.0,7.0
2024-03-20,10.0,7.0,8.0,7.0
2024-03-21,11.0,6.0,10.0,5.0
2024-03-22,9.0,6.0,8.0,4.0
2024-03-23,8.0,4.0,14.0,5.0
2024-03-24,6.0,3.0,8.0,4.0
2024-03-25,5.0,3.0,7.0,3.0
2024-03-26,7.0,4.0,8.0,4.0
2024-03-27,8.0,6.0,6.0,5.0
2024-03-28,8.0,6.0,16.0,5.0
2024-03-29,6.0,5.0,14.0,5.0
2024-03-30,8.0,5.0,9.0,5.0
2024-03-31,5.0,5.0,0.0,4.0
2024-04-01,6.0,5.0,0.0,4.0
2024-04-02,9.0,5.0,0.0,3.0
2024-04-03,8.0,5.0,10.0,4.0
2024-04-04,9.0,5.0,6.0,4.0
2024-04-05,8.0,5.0,8.0,4.0
2024-04-06,9.0,6.0,0.0,4.0
2024-04-07,5.0,5.0,7.0,4.0
2024-04-08,8.0,4.0,0.0,3.0
2024-04-09,6.0,4.0,6.0,4.0
2024-04-10,7.0,4.0,6.0,3.0
2024-04-11,5.0,4.0,0.0,5.0
2024-04-12,6.0,4.0,0.0,5.0
2024-04-13,5.0,4.0,5.0,4.0
2024-04-14,7.0,5.0,7.0,5.0
2024-04-15,8.0,7.0,9.0,8.0
2024-04-16,7.0,7.0,10.0,6.0
2024-04-17,7.0,6.0,9.0,5.0
2024-04-18,7.0,6.0,9.0,4.0
2024-04-19,8.0,6.0,8.0,4.0
2024-04-20,8.0,5.0,9.0,5.0
2024-04-21,5.0,6.0,7.0,5.0
2024-04-22,9.0,6.0,0.0,4.0
2024-04-23,7.0,6.0,6.0,5.0
2024-04-24,8.0,6.0,10.0,5.0
2024-04-25,7.0,5.0,0.0,4.0
2024-04-26,6.0,5.0,0.0,5.0
2024-04-27,7.0,6.0,5.0,5.0
2024-04-28,6.0,5.0,7.0,5.0
2024-04-29,6.0,7.0,7.0,5.0
2024-04-30,8.0,6.0,6.0,5.0
2024-05-01,7.0,7.0,7.0,6.0
2024-05-02,7.0,7.0,0.0,7.0
2024-05-03,9.0,6.0,0.0,6.0
2024-05-04,8.0,6.0,0.0,6.0
2024-05-05,7.0,6.0,6.0,7.0
2024-05-06,8.0,7.0,0.0,7.0
2024-05-07,9.0,6.0,0.0,6.0
2024-05-08,8.0,7.0,6.0,7.0
2024-05-09,9.0,6.0,7.0,7.0
2024-05-10,7.0,6.0,7.0,6.0
2024-05-11,8.0,6.0,7.0,8.0
2024-05-12,7.0,6.0,10.0,7.0
2024-05-13,8.0,9.0,9.0,8.0
2024-05-14,12.0,9.0,13.0,9.0
2024-05-15,6.0,6.0,6.0,5.0
2024-05-16,7.0,5.0,6.0,4.0
2024-05-17,6.0,5.0,6.0,5.0
2024-05-18,4.0,4.0,0.0,4.0
2024-05-19,5.0,4.0,0.0,4.0
2024-05-20,6.0,4.0,0.0,4.0
2024-05-21,4.0,5.0,0.0,4.0
2024-05-22,6.0,4.0,0.0,4.0
2024-05-23,4.0,4.0,0.0,4.0
2024-05-24,5.0,4.0,0.0,3.0
2024-05-25,5.0,4.0,5.0,3.0
2024-05-26,4.0,4.0,0.0,2.0
2024-05-27,4.0,4.0,0.0,2.0
2024-05-28,5.0,4.0,0.0,3.0
2024-05-29,5.0,4.0,6.0,3.0
2024-05-30,5.0,4.0,0.0,3.0
2024-05-31,6.0,3.0,0.0,3.0
2024-06-01,5.0,5.0,0.0,3.0
2024-06-02,5.0,3.0,9.0,3.0
2024-06-03,5.0,4.0,0.0,2.0
2024-06-04,1.0,2.0,0.0,1.0
2024-06-05,5.0,3.0,0.0,2.0
2024-06-06,4.0,3.0,0.0,3.0
2024-06-07,4.0,4.0,0.0,3.0
2024-06-08,5.0,4.0,0.0,2.0
2024-06-09,4.0,3.0,0.0,3.0
2024-06-10,4.0,4.0,0.0,6.0
2024-06-11,11.5,7.5,0.0,8.5
2024-06-12,14.0,12.0,0.0,9.0
2024-06-13,13.0,11.0,0.0,12.0
2024-06-14,19.0,12.0,0.0,13.0
2024-06-15,13.0,11.0,0.0,12.0
2024-06-16,16.0,11.0,0.0,10.0
2024-06-17,13.0,12.0,25.0,11.0
2024-06-18,14.0,10.0,0.0,11.0
2024-06-19,15.0,10.0,17.0,16.0
2024-06-20,18.0,12.0,18.0,13.0
2024-06-21,15.0,11.0,0.0,12.0
2024-06-22,14.0,11.0,16.0,13.0
2024-06-23,13.0,12.0,13.0,12.0
2024-06-24,15.0,12.0,25.0,15.0
2024-06-25,17.0,11.0,14.0,12.0
2024-06-26,14.0,14.0,19.0,16.0
2024-06-27,13.0,13.0,24.0,16.0
2024-06-28,15.0,14.0,13.0,14.0
2024-06-29,13.0,13.0,0.0,14.0
2024-06-30,14.0,11.0,13.0,12.0
2024-07-01,15.0,12.0,0.0,13.0
2024-07-02,16.0,10.0,0.0,13.0
2024-07-03,13.0,9.0,21.0,9.0
2024-07-04,18.0,11.0,0.0,13.0
2024-07-05,25.0,14.0,15.0,13.0
2024-07-06,19.0,14.0,27.0,11.0
2024-07-07,19.0,14.0,24.0,13.0
2024-07-08,23.0,13.0,14.0,10.0
2024-07-09,18.0,14.0,14.0,28.0
2024-07-10,16.0,13.0,19.0,19.0
2024-07-11,16.0,12.0,0.0,16.0
2024-07-12,18.0,13.0,14.0,12.0
2024-07-13,14.0,12.0,0.0,12.0
2024-07-14,12.0,12.0,0.0,11.0
2024-07-15,17.0,12.0,15.0,11.0
2024-07-16,14.0,11.0,0.0,13.0
2024-07-17,14.0,11.0,21.0,11.0
2024-07-18,15.0,12.0,14.0,13.0
2024-07-19,14.0,10.0,0.0,12.0
2024-07-20,14.0,12.0,31.0,11.0
2024-07-21,12.0,11.0,15.0,10.0
2024-07-22,16.0,10.0,22.0,10.0
2024-07-23,14.0,10.0,24.0,10.0
2024-07-24,13.0,11.0,0.0,14.0
2024-07-25,15.0,12.0,19.0,10.0
2024-07-26,13.0,10.0,33.0,12.0
2024-07-27,15.0,11.0,23.0,10.0
2024-07-28,14.0,9.0,22.0,10.0
2024-07-29,10.0,10.0,0.0,11.0
2024-07-30,16.0,11.0,16.0,11.0
2024-07-31,9.0,12.0,0.0,11.0
2024-08-01,15.0,12.0,16.0,13.0
2024-08-02,13.0,10.0,14.0,13.0
2024-08-03,11.0,12.0,17.0,11.0
2024-08-04,11.0,11.0,17.0,11.0
2024-08-05,10.0,11.0,14.0,10.0
2024-08-06,12.0,11.0,0.0,15.0
2024-08-07,13.0,11.0,0.0,10.0
2024-08-08,15.0,12.0,17.0,11.0
2024-08-09,9.0,11.0,15.0,9.0
2024-08-10,8.0,11.0,0.0,12.0
2024-08-11,9.0,9.0,0.0,10.0
2024-08-12,14.0,11.0,23.0,9.0
2024-08-13,7.0,9.0,21.0,10.0
2024-08-14,11.0,12.0,25.0,10.0
2024-08-15,10.0,10.0,0.0,10.0
2024-08-16,10.0,7.0,0.0,8.0
2024-08-17,11.0,9.0,0.0,8.0
2024-08-18,6.0,7.0,16.0,8.0
2024-08-19,7.0,7.0,15.0,12.0
2024-08-20,8.0,12.0,17.0,19.0
2024-08-21,7.0,11.0,15.0,13.0
2024-08-22,10.0,13.0,15.0,18.0
2024-08-23,10.0,17.0,0.0,14.0
2024-08-24,12.0,23.0,18.0,14.0
2024-08-25,14.0,27.0,15.0,13.0
2024-08-26,8.0,28.0,0.0,12.0
2024-08-27,8.0,30.0,15.0,16.0
2024-08-28,14.0,29.0,0.0,12.0
2024-08-29,12.0,28.0,0.0,16.0
2024-08-30,14.0,28.0,22.0,14.0
2024-08-31,15.0,32.0,14.0,14.0
2024-09-01,15.0,37.0,15.0,14.0
2024-09-02,23.0,45.0,16.0,14.0
2024-09-03,33.0,44.0,24.0,17.0
2024-09-04,23.0,36.0,0.0,12.0
2024-09-05,16.0,31.0,0.0,10.0
2024-09-06,18.0,27.0,0.0,12.0
2024-09-07,14.0,31.0,0.0,10.0
2024-09-08,14.0,27.0,0.0,13.0
2024-09-09,17.0,27.0,0.0,11.0
2024-09-10,16.0,28.0,0.0,10.0
2024-09-11,13.0,24.0,15.0,16.0
2024-09-12,12.0,25.0,0.0,13.0
2024-09-13,14.0,23.0,18.0,12.0
2024-09-14,15.0,20.0,16.0,8.0
2024-09-15,12.0,19.0,0.0,15.0
2024-09-16,16.0,24.0,0.0,13.0
2024-09-17,13.0,21.0,0.0,11.0
2024-09-18,12.0,23.0,15.0,13.0
2024-09-19,12.0,23.0,0.0,10.0
2024-09-20,15.0,19.0,0.0,12.0
2024-09-21,14.0,19.0,0.0,12.0
2024-09-22,12.0,17.0,0.0,14.0
2024-09-23,12.0,18.0,0.0,12.0
2024-09-24,13.0,16.0,15.0,10.0
2024-09-25,12.0,19.0,0.0,9.0
2024-09-26,16.0,19.0,14.0,12.0
2024-09-27,8.0,17.0,14.0,12.0
2024-09-28,11.0,18.0,25.0,9.0
2024-09-29,10.0,17.0,0.0,10.0
2024-09-30,25.0,31.0,26.0,19.0
2024-10-01,25.0,22.0,0.0,17.0
2024-10-02,20.0,15.0,0.0,13.0
2024-10-03,14.0,15.0,15.0,13.0
2024-10-04,15.0,16.0,17.0,11.0
2024-10-05,23.0,15.0,0.0,12.0
2024-10-06,15.0,14.0,0.0,10.0
2024-10-07,39.0,29.0,0.0,21.0
2024-10-08,30.0,26.0,20.0,15.0
2024-10-09,29.0,16.0,17.0,13.0
2024-10-10,28.0,15.0,0.0,8.0
2024-10-11,23.0,14.0,0.0,7.0
2024-10-12,20.0,13.0,16.0,8.0
2024-10-13,35.0,15.0,0.0,8.0
2024-10-14,35.0,17.0,0.0,10.0
2024-10-15,26.0,17.0,0.0,12.0
2024-10-16,19.0,16.0,15.0,11.0
2024-10-17,25.0,12.0,0.0,11.0
2024-10-18,18.0,14.0,15.0,9.0
2024-10-19,15.0,11.0,0.0,8.0
2024-10-20,12.0,10.0,15.0,10.0
2024-10-21,24.0,15.0,0.0,16.0
2024-10-22,16.0,18.0,26.0,13.0
2024-10-23,16.0,18.0,0.0,14.0
2024-10-24,16.0,15.0,0.0,13.0
2024-10-25,19.0,15.0,0.0,14.0
2024-10-26,13.0,14.0,0.0,12.0
2024-10-27,9.0,12.0,14.0,13.0
2024-10-28,12.0,15.0,16.0,11.0
2024-10-29,13.0,12.0,0.0,6.0
2024-10-30,11.0,10.0,0.0,8.0
2024-10-31,6.0,8.0,14.0,4.0
2024-11-01,11.0,10.0,16.0,12.0
2024-11-02,11.0,13.0,0.0,13.0
2024-11-03,11.0,11.0,0.0,10.0
2024-11-04,15.0,18.0,19.0,11.0
2024-11-05,17.0,17.0,0.0,9.0
2024-11-06,17.0,17.0,0.0,6.0
2024-11-07,15.0,16.0,0.0,7.0
2024-11-08,14.0,14.0,16.0,7.0
2024-11-09,12.0,11.0,17.0,10.0
2024-11-10,10.0,10.0,19.0,9.0
2024-11-11,12.0,13.0,0.0,10.0
2024-11-12,23.0,12.0,14.0,10.0
2024-11-13,17.0,11.0,0.0,10.0
2024-11-14,12.0,10.0,0.0,14.0
2024-11-15,9.0,10.0,0.0,15.0
2024-11-16,14.0,12.0,0.0,16.0
2024-11-17,14.0,11.0,0.0,16.0
2024-11-18,19.0,13.0,18.0,15.0
2024-11-19,19.0,17.0,0.0,15.0
2024-11-20,38.0,15.0,0.0,16.0
2024-11-21,34.0,24.0,0.0,15.0
2024-11-22,52.0,42.0,63.0,27.0
2024-11-23,41.0,42.0,77.0,30.0
2024-11-24,39.0,33.0,26.0,26.0
2024-11-25,30.0,30.0,38.0,23.0
2024-11-26,29.0,36.0,45.0,24.0
2024-11-27,31.0,36.0,43.0,26.0
2024-11-28,34.0,39.0,43.0,28.0
2024-11-29,36.0,37.0,45.0,31.0
2024-11-30,34.0,38.0,30.0,34.0
2024-12-01,32.0,38.0,62.0,34.0
2024-12-02,69.0,71.0,100.0,54.0
2024-12-03,58.0,48.0,89.0,41.0
2024-12-04,39.0,36.0,74.0,24.0
2024-12-05,41.0,32.0,64.0,26.0
2024-12-06,29.0,30.0,61.0,20.0
2024-12-07,29.0,29.0,65.0,24.0
2024-12-08,31.5,26.5,46.5,24.5
2024-12-09,34.0,31.0,69.0,26.0
2024-12-10,40.0,25.0,69.0,20.0
2024-12-11,28.0,28.0,59.0,25.0
2024-12-12,30.0,28.0,83.0,23.0
2024-12-13,28.0,26.0,50.0,23.0
2024-12-14,24.0,20.0,47.0,32.0
2024-12-15,22.0,16.0,51.0,25.0
2024-12-16,19.0,20.0,53.0,27.0
2024-12-17,46.0,31.0,57.0,39.0
2024-12-18,26.0,32.0,45.0,29.0
2024-12-19,26.0,25.0,43.0,29.0
2024-12-20,24.0,25.0,64.0,22.0
2024-12-21,26.0,22.0,48.0,21.0
2024-12-22,16.0,21.0,46.0,22.0
2024-12-23,21.0,24.0,54.0,19.0
2024-12-24,19.0,21.0,57.0,20.0
2024-12-25,20.0,18.0,46.0,20.0
2024-12-26,58.0,22.0,79.0,17.0
2024-12-27,47.0,20.0,80.0,17.0
2024-12-28,41.0,17.0,45.0,17.0
2024-12-29,19.0,14.0,47.0,15.0
2024-12-30,17.0,19.0,52.0,13.0
2024-12-31,30.0,15.0,62.0,16.0
2025-01-01,22.0,14.0,66.0,9.0
2025-01-02,23.0,18.0,100.0,18.0
2025-01-03,23.0,16.0,40.0,17.0
2025-01-04,18.0,16.0,33.0,16.0
2025-01-05,15.0,15.0,33.0,14.0
2025-01-06,20.0,14.0,20.0,12.0
2025-01-07,14.0,13.0,25.0,14.0
2025-01-08,15.0,14.0,35.0,15.0
2025-01-09,28.0,18.0,22.0,15.0
2025-01-10,15.0,14.0,33.0,10.0
2025-01-11,10.0,14.0,27.0,11.0
2025-01-12,11.0,24.0,34.0,12.0
2025-01-13,10.0,17.0,32.0,11.0
2025-01-14,10.0,14.0,25.0,11.0
2025-01-15,8.0,13.0,32.0,13.0
2025-01-16,12.0,15.0,24.0,15.0
2025-01-17,11.0,15.0,0.0,15.0
2025-01-18,10.0,13.0,25.0,13.0
2025-01-19,9.0,14.0,21.0,13.0
2025-01-20,10.0,17.0,25.0,9.0
2025-01-21,12.0,17.0,23.0,13.0
2025-01-22,13.0,13.0,13.0,9.0
2025-01-23,16.0,15.0,27.0,12.0
2025-01-24,13.0,14.0,0.0,11.0
2025-01-25,12.0,15.0,16.0,14.0
2025-01-26,13.0,12.0,0.0,15.0
2025-01-27,12.0,16.0,25.0,16.0
2025-01-28,15.0,16.0,29.0,15.0
2025-01-29,13.0,14.0,24.0,14.0
2025-01-30,12.0,15.0,22.0,12.0
2025-01-31,16.0,14.0,16.0,12.0
2025-02-01,10.0,13.0,29.0,16.0
2025-02-02,11.0,12.0,0.0,14.0
2025-02-03,13.0,12.0,23.0,9.0
2025-02-04,12.0,14.0,0.0,13.0
2025-02-05,15.0,13.0,18.0,12.0
2025-02-06,9.0,12.0,0.0,15.0
2025-02-07,15.0,14.0,17.0,16.0
2025-02-08,11.0,12.0,24.0,12.0
2025-02-09,9.0,10.0,0.0,15.0
2025-02-10,26.0,12.0,14.0,14.0
2025-02-11,23.0,13.0,26.0,13.0
2025-02-12,21.0,13.0,25.0,12.0
2025-02-13,18.0,15.0,16.0,14.0
2025-02-14,21.0,15.0,0.0,13.0
2025-02-15,16.0,14.0,16.0,10.0
2025-02-16,9.0,12.0,16.0,12.0
2025-02-17,20.0,11.0,26.0,13.0
2025-02-18,19.0,13.0,0.0,13.0
2025-02-19,21.0,13.0,27.0,15.0
2025-02-20,25.0,18.0,21.0,13.0
2025-02-21,22.0,16.0,16.0,13.0
2025-02-22,13.0,14.0,0.0,12.0
2025-02-23,11.0,11.0,0.0,11.0
2025-02-24,11.0,16.0,19.0,20.0
2025-02-25,9.0,17.0,13.0,23.0
2025-02-26,11.0,13.0,19.0,16.0
2025-02-27,14.0,18.0,16.0,20.0
2025-02-28,13.0,15.0,14.0,16.0
2025-03-01,18.0,15.0,0.0,16.0
2025-03-02,13.0,18.0,14.0,17.0
2025-03-03,31.0,35.0,25.0,32.0
2025-03-04,20.0,24.0,21.0,24.0
2025-03-05,17.0,20.0,18.0,19.0
2025-03-06,21.0,21.0,23.0,18.0
2025-03-07,19.0,20.0,25.0,19.0
2025-03-08,17.0,15.0,0.0,17.0
2025-03-09,12.0,14.0,16.0,15.0
2025-03-10,12.0,16.0,21.0,16.0
2025-03-11,10.0,14.0,23.0,15.0
2025-03-12,10.0,14.0,21.0,11.0
2025-03-13,11.0,15.0,26.0,11.0
2025-03-14,7.0,15.0,13.0,10.0
2025-03-15,13.0,19.0,16.0,9.0
2025-03-16,13.0,20.0,18.0,15.0
2025-03-17,12.0,21.0,19.0,16.0
2025-03-18,13.0,23.0,0.0,18.0
2025-03-19,19.0,18.0,24.0,14.0
2025-03-20,25.0,20.0,22.0,15.0
2025-03-21,27.0,19.0,18.0,14.0
2025-03-22,24.0,18.0,20.0,13.0
2025-03-23,15.0,18.0,0.0,12.0
2025-03-24,18.0,18.0,18.0,14.0
2025-03-25,18.0,16.0,0.0,14.0
2025-03-26,15.0,16.0,16.0,16.0
2025-03-27,17.0,44.0,0.0,23.0
2025-03-28,15.0,59.0,0.0,20.0
2025-03-29,17.0,44.0,0.0,17.0
2025-03-30,13.0,42.0,18.0,17.0
2025-03-31,13.0,43.0,18.0,16.0
2025-04-01,17.0,44.0,22.0,17.0
2025-04-02,15.0,40.0,18.0,14.0
2025-04-03,16.0,33.0,22.0,16.0
2025-04-04,15.0,32.0,17.0,15.0
2025-04-05,19.0,32.0,22.0,14.0
2025-04-06,14.0,30.0,14.0,14.0
2025-04-07,14.0,35.0,16.0,12.0
2025-04-08,13.0,32.0,23.0,13.0
2025-04-09,17.0,32.0,15.0,13.0
2025-04-10,14.0,28.0,24.0,14.0
2025-04-11,13.0,24.0,21.0,13.0
2025-04-12,8.0,23.0,0.0,17.0
2025-04-13,12.0,21.0,0.0,11.0
2025-04-14,16.0,22.0,18.0,13.0
2025-04-15,17.0,22.0,23.0,13.0
2025-04-16,15.0,22.0,20.0,14.0
2025-04-17,15.0,25.0,0.0,12.0
2025-04-18,11.0,24.0,0.0,10.0
2025-04-19,12.0,21.0,16.0,13.0
2025-04-20,13.0,24.0,22.0,11.0
2025-04-21,18.0,27.0,18.0,10.0
2025-04-22,24.0,27.0,16.0,11.0
2025-04-23,18.0,24.0,17.0,10.0
2025-04-24,17.0,23.0,0.0,10.0
2025-04-25,18.0,22.0,0.0,12.0
2025-04-26,21.0,24.0,0.0,11.0
2025-04-27,14.0,25.0,0.0,10.0
2025-04-28,20.0,30.0,17.0,13.0
2025-04-29,19.0,28.0,0.0,11.0
2025-04-30,18.0,26.0,24.0,13.0
2025-05-01,38.0,28.0,0.0,14.0
2025-05-02,45.0,26.0,18.0,10.0
2025-05-03,29.0,24.0,0.0,14.0
2025-05-04,19.0,21.0,0.0,14.0
2025-05-05,26.0,25.0,0.0,12.0
2025-05-06,22.0,23.0,14.0,12.0
2025-05-07,9.0,20.0,0.0,10.0
2025-05-08,14.0,19.0,0.0,6.0
2025-05-09,15.0,19.0,0.0,12.0
2025-05-10,11.0,18.0,0.0,15.0
2025-05-11,13.0,18.0,0.0,16.0
2025-05-12,17.0,22.0,0.0,9.0
2025-05-13,22.0,21.0,0.0,14.0
2025-05-14,21.0,24.0,17.0,15.0
2025-05-15,27.0,23.0,26.0,14.0
2025-05-16,18.0,21.0,17.0,14.0
2025-05-17,20.0,17.0,20.0,20.0
2025-05-18,13.0,19.0,0.0,35.0
2025-05-19,19.0,18.0,17.0,24.0
2025-05-20,24.0,17.0,0.0,17.0
2025-05-21,22.0,18.0,0.0,15.0
2025-05-22,19.0,16.0,0.0,15.0
2025-05-23,24.0,19.0,0.0,13.0
2025-05-24,24.0,18.0,15.0,11.0
2025-05-25,39.0,14.0,16.0,13.0
2025-05-26,42.0,18.0,18.0,11.0
2025-05-27,20.0,16.0,0.0,12.0
2025-05-28,17.0,17.0,26.0,16.0
2025-05-29,15.0,16.0,0.0,23.0
2025-05-30,15.0,18.0,0.0,17.0
2025-05-31,12.0,16.0,17.0,17.0
2025-06-01,16.0,17.0,15.0,11.0
2025-06-02,15.0,19.0,21.0,13.0
2025-06-03,17.0,21.0,15.0,11.0
2025-06-04,18.0,21.0,0.0,14.0
2025-06-05,17.0,24.0,22.0,9.0
2025-06-06,33.0,34.0,0.0,20.5
2025-06-07,46.0,66.0,0.0,38.0
2025-06-08,39.0,55.0,0.0,34.0
2025-06-09,39.0,65.0,62.0,34.0
2025-06-10,42.0,56.0,67.0,35.0
2025-06-11,38.0,56.0,61.0,34.0
2025-06-12,43.0,59.0,0.0,36.0
2025-06-13,33.0,58.0,0.0,32.0
2025-06-14,38.0,56.0,0.0,27.0
2025-06-15,37.0,83.0,0.0,39.0
2025-06-16,52.0,87.0,59.0,35.0
2025-06-17,51.0,95.0,80.0,39.0
2025-06-18,55.0,100.0,76.0,36.0
2025-06-19,49.0,96.0,63.0,35.0
2025-06-20,45.0,86.0,63.0,37.0
2025-06-21,45.0,79.0,53.0,35.0
2025-06-22,43.0,73.0,60.0,34.0
2025-06-23,44.0,84.0,55.0,39.0
2025-06-24,43.0,74.0,42.0,43.0
2025-06-25,47.0,78.0,54.0,41.0
2025-06-26,40.0,70.0,46.0,42.0
2025-06-27,39.0,71.0,43.0,38.0
2025-06-28,43.0,68.0,47.0,49.0
2025-06-29,39.0,63.0,41.0,50.0
2025-06-30,48.0,65.0,49.0,51.0
2025-07-01,89.0,69.0,48.0,35.0
