Date,Combined Graduate Level Examination: (India),NDA Exam: (India),REET: (India),CSIR UGC NET: (India),UGC NET: (India)
2020-07-12,20.0,22.0,13.0,0.0,23.0
2020-07-13,19.0,13.0,16.0,0.0,22.0
2020-07-14,22.0,16.0,11.0,0.0,24.0
2020-07-15,26.0,17.0,10.0,0.0,28.999999999999996
2020-07-16,24.0,17.0,13.0,6.0,20.0
2020-07-17,27.0,21.0,12.0,0.0,19.0
2020-07-18,22.0,14.000000000000002,16.0,0.0,26.0
2020-07-19,25.0,20.0,12.0,0.0,14.000000000000002
2020-07-20,18.0,18.0,8.0,0.0,13.0
2020-07-21,23.0,20.0,10.0,0.0,16.0
2020-07-22,20.0,18.0,13.0,0.0,16.0
2020-07-23,23.0,17.0,9.0,0.0,22.0
2020-07-24,22.0,16.0,14.000000000000002,0.0,19.0
2020-07-25,19.0,19.0,6.0,0.0,16.0
2020-07-26,18.0,14.000000000000002,13.0,0.0,15.0
2020-07-27,24.0,17.0,10.0,0.0,16.0
2020-07-28,19.0,17.0,12.0,0.0,30.0
2020-07-29,25.0,17.0,9.0,0.0,19.0
2020-07-30,18.0,23.0,13.0,0.0,26.0
2020-07-31,19.0,14.000000000000002,11.0,0.0,20.0
2020-08-01,21.0,15.0,7.000000000000001,0.0,20.0
2020-08-02,14.000000000000002,20.0,0.0,0.0,14.000000000000002
2020-08-03,17.0,11.0,6.0,0.0,17.0
2020-08-04,26.0,18.0,12.0,0.0,18.0
2020-08-05,24.0,18.0,8.0,0.0,19.0
2020-08-06,24.0,19.0,10.0,0.0,20.0
2020-08-07,18.0,18.0,9.0,0.0,21.0
2020-08-08,22.0,18.0,11.0,0.0,21.0
2020-08-09,22.0,16.0,14.000000000000002,0.0,28.999999999999996
2020-08-10,24.0,23.0,12.0,0.0,20.0
2020-08-11,23.0,26.0,12.0,0.0,19.0
2020-08-12,21.0,23.0,9.0,0.0,19.0
2020-08-13,20.0,28.999999999999996,12.0,0.0,26.0
2020-08-14,23.0,25.0,8.0,0.0,20.0
2020-08-15,20.0,31.0,10.0,0.0,20.0
2020-08-16,20.0,31.0,14.000000000000002,6.0,20.0
2020-08-17,28.999999999999996,21.0,12.0,0.0,24.0
2020-08-18,25.0,28.000000000000004,13.0,0.0,24.0
2020-08-19,19.0,32.0,14.000000000000002,0.0,20.0
2020-08-20,21.0,30.0,13.0,0.0,14.000000000000002
2020-08-21,20.0,23.0,7.000000000000001,0.0,38.0
2020-08-22,18.0,25.0,11.0,7.000000000000001,34.0
2020-08-23,22.0,26.0,18.0,0.0,32.0
2020-08-24,18.0,21.0,15.0,0.0,36.0
2020-08-25,21.0,33.0,12.0,0.0,32.0
2020-08-26,20.0,30.0,13.0,0.0,36.0
2020-08-27,19.0,26.0,13.0,0.0,36.0
2020-08-28,28.000000000000004,23.0,19.0,11.0,40.0
2020-08-29,17.0,25.0,11.0,0.0,30.0
2020-08-30,20.0,36.0,12.0,0.0,26.0
2020-08-31,22.0,35.0,12.0,0.0,28.000000000000004
2020-09-01,32.0,25.0,15.0,0.0,42.0
2020-09-02,14.000000000000002,34.0,13.0,0.0,42.0
2020-09-03,28.000000000000004,40.0,15.0,0.0,31.0
2020-09-04,19.0,45.0,11.0,0.0,35.0
2020-09-05,14.000000000000002,60.0,21.0,0.0,31.0
2020-09-06,13.0,40.0,17.0,0.0,37.0
2020-09-07,20.0,41.0,26.0,9.0,50.0
2020-09-08,20.0,34.0,22.0,0.0,36.0
2020-09-09,19.0,25.0,19.0,0.0,37.0
2020-09-10,19.0,16.0,19.0,0.0,56.99999999999999
2020-09-11,21.0,11.0,20.0,0.0,47.0
2020-09-12,36.0,12.0,16.0,0.0,42.0
2020-09-13,36.0,15.0,17.0,0.0,49.0
2020-09-14,42.0,15.0,13.0,7.000000000000001,51.0
2020-09-15,37.0,19.0,19.0,0.0,50.0
2020-09-16,43.0,12.0,19.0,0.0,39.0
2020-09-17,44.0,12.0,20.0,0.0,35.0
2020-09-18,37.0,14.000000000000002,14.000000000000002,7.000000000000001,44.0
2020-09-19,35.0,17.0,22.0,0.0,60.0
2020-09-20,42.0,10.0,11.0,0.0,39.0
2020-09-21,33.0,15.0,13.0,0.0,35.0
2020-09-22,49.0,8.0,13.0,0.0,39.0
2020-09-23,43.0,11.0,15.0,0.0,40.0
2020-09-24,38.0,10.0,16.0,0.0,47.0
2020-09-25,40.0,6.0,15.0,0.0,41.0
2020-09-26,39.0,14.000000000000002,11.0,0.0,35.0
2020-09-27,33.0,7.000000000000001,12.0,0.0,42.0
2020-09-28,43.0,13.0,13.0,0.0,44.0
2020-09-29,41.0,7.000000000000001,18.0,0.0,33.0
2020-09-30,49.0,25.0,10.0,0.0,35.0
2020-10-01,50.0,11.0,16.0,0.0,28.000000000000004
2020-10-02,42.0,7.000000000000001,19.0,0.0,37.0
2020-10-03,45.0,12.0,11.0,0.0,30.0
2020-10-04,36.0,14.000000000000002,9.0,7.000000000000001,20.0
2020-10-05,47.0,13.0,12.0,0.0,34.0
2020-10-06,42.0,8.0,14.000000000000002,0.0,32.0
2020-10-07,54.0,12.0,11.0,0.0,32.0
2020-10-08,54.0,13.0,10.0,0.0,35.0
2020-10-09,54.0,16.0,15.0,7.000000000000001,30.0
2020-10-10,56.00000000000001,18.0,14.000000000000002,0.0,30.0
2020-10-11,48.0,17.0,14.000000000000002,0.0,26.0
2020-10-12,67.0,16.0,16.0,7.000000000000001,32.0
2020-10-13,57.99999999999999,8.0,15.0,6.0,24.0
2020-10-14,49.0,10.0,22.0,0.0,26.0
2020-10-15,48.0,11.0,28.999999999999996,0.0,27.0
2020-10-16,46.0,12.0,26.0,0.0,33.0
2020-10-17,43.0,13.0,18.0,0.0,28.000000000000004
2020-10-18,30.0,9.0,16.0,0.0,21.0
2020-10-19,43.0,12.0,15.0,0.0,19.0
2020-10-20,39.0,8.0,12.0,0.0,23.0
2020-10-21,41.0,12.0,18.0,0.0,16.0
2020-10-22,39.0,8.0,22.0,0.0,21.0
2020-10-23,40.0,9.0,16.0,0.0,17.0
2020-10-24,41.0,0.0,17.0,0.0,25.0
2020-10-25,28.000000000000004,10.0,10.0,0.0,15.0
2020-10-26,43.0,12.0,31.0,0.0,16.0
2020-10-27,41.0,10.0,22.0,0.0,21.0
2020-10-28,49.0,10.0,19.0,10.0,23.0
2020-10-29,42.0,7.000000000000001,15.0,0.0,25.0
2020-10-30,46.0,8.0,17.0,9.0,27.0
2020-10-31,48.0,11.0,18.0,0.0,23.0
2020-11-01,50.0,7.000000000000001,17.0,0.0,19.0
2020-11-02,48.0,12.0,14.000000000000002,8.0,27.0
2020-11-03,53.0,7.000000000000001,16.0,0.0,27.0
2020-11-04,36.0,13.0,24.0,0.0,28.000000000000004
2020-11-05,38.0,11.0,21.0,0.0,27.0
2020-11-06,48.0,12.0,19.0,0.0,34.0
2020-11-07,54.0,9.0,15.0,0.0,32.0
2020-11-08,56.99999999999999,13.0,13.0,0.0,28.999999999999996
2020-11-09,53.0,9.0,18.0,0.0,34.0
2020-11-10,47.0,18.0,18.0,8.0,34.0
2020-11-11,59.0,26.0,15.0,0.0,28.999999999999996
2020-11-12,48.0,11.0,14.000000000000002,11.0,27.0
2020-11-13,40.0,0.0,10.0,11.0,18.0
2020-11-14,38.0,7.000000000000001,9.0,0.0,11.0
2020-11-15,83.0,10.0,15.0,0.0,23.0
2020-11-16,76.0,13.0,20.0,7.000000000000001,18.0
2020-11-17,63.0,0.0,17.0,0.0,26.0
2020-11-18,73.0,0.0,15.0,0.0,24.0
2020-11-19,75.0,9.0,18.0,9.0,31.0
2020-11-20,66.0,12.0,19.0,12.0,19.0
2020-11-21,72.0,10.0,17.0,0.0,17.0
2020-11-22,55.00000000000001,11.0,19.0,0.0,9.0
2020-11-23,55.00000000000001,10.0,19.0,0.0,16.0
2020-11-24,52.0,8.0,17.0,0.0,28.000000000000004
2020-11-25,56.99999999999999,0.0,16.0,7.000000000000001,28.999999999999996
2020-11-26,54.0,10.0,25.0,9.0,24.0
2020-11-27,51.0,8.0,19.0,11.0,28.999999999999996
2020-11-28,56.00000000000001,11.0,17.0,0.0,32.0
2020-11-29,59.0,11.0,9.0,0.0,21.0
2020-11-30,56.99999999999999,0.0,12.0,0.0,33.0
2020-12-01,62.0,11.0,16.0,0.0,47.0
2020-12-02,36.0,9.0,12.0,0.0,25.0
2020-12-03,51.0,12.0,11.0,8.0,23.0
2020-12-04,48.0,9.0,13.0,0.0,26.0
2020-12-05,48.0,8.0,14.000000000000002,0.0,21.0
2020-12-06,49.0,0.0,13.0,0.0,15.0
2020-12-07,57.99999999999999,10.0,13.0,0.0,17.0
2020-12-08,52.0,9.0,9.0,0.0,20.0
2020-12-09,56.00000000000001,8.0,20.0,0.0,16.0
2020-12-10,57.99999999999999,18.0,16.0,0.0,20.0
2020-12-11,60.0,9.0,15.0,0.0,16.0
2020-12-12,61.0,0.0,22.0,8.0,21.0
2020-12-13,71.0,10.0,22.0,0.0,15.0
2020-12-14,68.0,16.0,17.0,0.0,21.0
2020-12-15,86.0,9.0,18.0,0.0,21.0
2020-12-16,77.0,10.0,21.0,0.0,20.0
2020-12-17,83.0,8.0,31.0,0.0,24.0
2020-12-18,74.0,8.0,42.0,0.0,18.0
2020-12-19,68.0,9.0,32.0,0.0,27.0
2020-12-20,57.99999999999999,12.0,19.0,0.0,12.0
2020-12-21,67.0,10.0,28.999999999999996,0.0,20.0
2020-12-22,67.0,8.0,24.0,0.0,21.0
2020-12-23,52.0,6.0,32.0,0.0,25.0
2020-12-24,57.99999999999999,0.0,26.0,0.0,20.0
2020-12-25,54.0,14.000000000000002,23.0,0.0,17.0
2020-12-26,50.0,17.0,22.0,0.0,23.0
2020-12-27,61.0,22.0,28.999999999999996,0.0,21.0
2020-12-28,47.0,15.0,22.0,0.0,18.0
2020-12-29,100.0,18.0,22.0,11.0,20.0
2020-12-30,74.0,22.0,25.0,0.0,20.0
2020-12-31,81.0,24.0,27.0,0.0,16.0
2021-01-01,61.0,23.0,20.0,0.0,16.0
2021-01-02,82.0,25.0,26.0,0.0,21.0
2021-01-03,71.0,24.0,30.0,0.0,14.000000000000002
2021-01-04,89.0,23.0,39.0,0.0,19.0
2021-01-05,85.0,25.0,50.0,0.0,20.0
2021-01-06,90.0,23.0,36.0,0.0,17.0
2021-01-07,77.0,23.0,25.0,0.0,19.0
2021-01-08,78.0,23.0,32.0,0.0,18.0
2021-01-08,72.0,21.0,28.999999999999996,0.0,16.0
2021-01-09,63.0,27.0,24.0,0.0,19.0
2021-01-10,79.0,23.0,30.0,0.0,17.0
2021-01-11,73.0,21.0,49.0,0.0,14.000000000000002
2021-01-12,70.0,19.0,37.0,0.0,16.0
2021-01-13,68.0,22.0,30.0,0.0,10.0
2021-01-14,57.99999999999999,18.0,21.0,0.0,14.000000000000002
2021-01-15,70.0,19.0,34.0,7.000000000000001,18.0
2021-01-16,77.0,19.0,33.0,0.0,15.0
2021-01-17,60.0,20.0,39.0,0.0,17.0
2021-01-18,71.0,19.0,35.0,0.0,17.0
2021-01-19,59.0,26.0,39.0,0.0,17.0
2021-01-20,73.0,18.0,31.0,0.0,18.0
2021-01-21,77.0,12.0,34.0,0.0,24.0
2021-01-22,71.0,12.0,35.0,0.0,13.0
2021-01-23,77.0,11.0,28.000000000000004,0.0,15.0
2021-01-24,74.0,11.0,30.0,0.0,17.0
2021-01-25,73.0,16.0,32.0,0.0,16.0
2021-01-26,64.0,10.0,13.0,0.0,12.0
2021-01-27,75.0,10.0,23.0,0.0,18.0
2021-01-28,78.0,14.000000000000002,17.0,0.0,14.000000000000002
2021-01-29,97.0,11.0,21.0,0.0,16.0
2021-01-30,92.0,10.0,15.0,0.0,18.0
2021-01-31,100.0,10.0,24.0,0.0,16.0
2021-02-01,57.99999999999999,16.0,22.0,0.0,15.0
2021-02-02,54.0,8.0,35.0,11.0,21.0
2021-02-03,61.0,9.0,24.0,0.0,37.0
2021-02-04,47.0,12.0,22.0,0.0,33.0
2021-02-05,56.00000000000001,11.0,25.0,12.0,32.0
2021-02-06,50.0,9.0,28.000000000000004,0.0,18.0
2021-02-07,59.0,12.0,15.0,0.0,24.0
2021-02-08,48.0,8.0,21.0,0.0,26.0
2021-02-09,56.00000000000001,6.0,21.0,0.0,30.0
2021-02-10,67.0,11.0,19.0,0.0,30.0
2021-02-11,63.0,10.0,24.0,0.0,26.0
2021-02-12,68.0,6.0,11.0,0.0,27.0
2021-02-13,54.0,10.0,19.0,0.0,25.0
2021-02-14,49.0,7.000000000000001,16.0,0.0,14.000000000000002
2021-02-15,56.99999999999999,9.0,20.0,0.0,20.0
2021-02-16,56.99999999999999,9.0,27.0,0.0,28.000000000000004
2021-02-17,50.0,11.0,16.0,0.0,30.0
2021-02-18,51.0,10.0,13.0,0.0,27.0
2021-02-19,83.0,9.0,24.0,0.0,31.0
2021-02-20,80.0,11.0,20.0,0.0,28.000000000000004
2021-02-21,68.0,8.0,14.000000000000002,0.0,22.0
2021-02-22,73.0,11.0,18.0,0.0,26.0
2021-02-23,60.0,7.000000000000001,10.0,0.0,34.0
2021-02-24,66.0,11.0,8.0,0.0,25.0
2021-02-25,60.0,13.0,0.0,0.0,35.0
2021-02-26,62.0,15.0,7.000000000000001,0.0,37.0
2021-02-27,48.0,13.0,7.000000000000001,0.0,26.0
2021-02-28,56.00000000000001,11.0,8.0,0.0,30.0
2021-03-01,66.0,14.000000000000002,8.0,0.0,39.0
2021-03-02,55.00000000000001,15.0,7.000000000000001,0.0,47.0
2021-03-03,61.0,12.0,8.0,0.0,28.000000000000004
2021-03-04,54.0,12.0,8.0,0.0,28.999999999999996
2021-03-05,52.0,9.0,0.0,0.0,35.0
2021-03-06,57.99999999999999,17.0,0.0,0.0,26.0
2021-03-07,59.0,13.0,6.0,0.0,28.999999999999996
2021-03-08,63.0,15.0,11.0,6.0,40.0
2021-03-09,60.0,12.0,12.0,0.0,27.0
2021-03-10,51.0,11.0,9.0,0.0,28.000000000000004
2021-03-11,50.0,14.000000000000002,0.0,0.0,20.0
2021-03-12,49.0,17.0,7.000000000000001,0.0,27.0
2021-03-13,42.0,16.0,7.000000000000001,0.0,24.0
2021-03-14,47.0,17.0,9.0,0.0,25.0
2021-03-15,59.0,14.000000000000002,0.0,0.0,25.0
2021-03-16,50.0,17.0,0.0,0.0,28.000000000000004
2021-03-17,55.00000000000001,16.0,0.0,0.0,36.0
2021-03-18,61.0,15.0,8.0,0.0,31.0
2021-03-19,59.0,10.0,11.0,0.0,27.0
2021-03-20,56.99999999999999,10.0,0.0,0.0,24.0
2021-03-21,45.0,14.000000000000002,0.0,0.0,21.0
2021-03-22,53.0,17.0,8.0,0.0,31.0
2021-03-23,50.0,12.0,9.0,0.0,32.0
2021-03-24,48.0,15.0,0.0,0.0,28.999999999999996
2021-03-25,49.0,13.0,9.0,0.0,25.0
2021-03-26,50.0,12.0,14.000000000000002,0.0,20.0
2021-03-27,44.0,19.0,11.0,0.0,19.0
2021-03-28,28.000000000000004,14.000000000000002,0.0,0.0,23.0
2021-03-29,42.0,11.0,0.0,0.0,12.0
2021-03-30,45.0,10.0,0.0,0.0,24.0
2021-03-31,54.0,15.0,0.0,0.0,23.0
2021-04-01,61.0,15.0,0.0,0.0,28.000000000000004
2021-04-02,54.0,23.0,0.0,0.0,32.0
2021-04-03,55.00000000000001,16.0,0.0,0.0,28.000000000000004
2021-04-04,48.0,23.0,0.0,0.0,24.0
2021-04-05,64.0,16.0,0.0,0.0,25.0
2021-04-06,54.0,23.0,0.0,0.0,25.0
2021-04-07,57.99999999999999,13.0,0.0,0.0,30.0
2021-04-08,51.0,21.0,8.0,0.0,30.0
2021-04-09,51.0,20.0,0.0,0.0,31.0
2021-04-10,56.99999999999999,23.0,0.0,0.0,28.999999999999996
2021-04-11,50.0,22.0,6.0,0.0,23.0
2021-04-12,55.00000000000001,26.0,0.0,0.0,24.0
2021-04-13,46.0,40.0,0.0,6.0,32.0
2021-04-14,54.0,37.0,0.0,0.0,26.0
2021-04-15,56.99999999999999,44.0,0.0,0.0,38.0
2021-04-16,46.0,65.0,0.0,0.0,40.0
2021-04-17,36.0,72.0,0.0,0.0,33.0
2021-04-18,44.0,38.0,6.0,0.0,34.0
2021-04-19,43.0,34.0,0.0,0.0,24.0
2021-04-20,45.0,26.0,0.0,0.0,26.0
2021-04-21,47.0,19.0,0.0,0.0,28.000000000000004
2021-04-22,41.0,10.0,0.0,7.000000000000001,28.000000000000004
2021-04-23,31.0,19.0,0.0,0.0,24.0
2021-04-24,37.0,13.0,7.000000000000001,0.0,27.0
2021-04-25,40.0,22.0,0.0,0.0,20.0
2021-04-26,39.0,13.0,0.0,0.0,20.0
2021-04-27,32.0,16.0,0.0,0.0,20.0
2021-04-28,37.0,12.0,0.0,0.0,19.0
2021-04-29,32.0,14.000000000000002,0.0,6.0,13.0
2021-04-30,34.0,17.0,0.0,0.0,21.0
2021-05-01,28.000000000000004,14.000000000000002,0.0,0.0,16.0
2021-05-02,30.0,18.0,0.0,0.0,18.0
2021-05-03,39.0,16.0,0.0,0.0,17.0
2021-05-04,40.0,12.0,0.0,0.0,19.0
2021-05-05,40.0,13.0,0.0,0.0,19.0
2021-05-06,47.0,19.0,0.0,0.0,22.0
2021-05-07,38.0,14.000000000000002,0.0,0.0,16.0
2021-05-08,34.0,14.000000000000002,0.0,0.0,18.0
2021-05-09,28.000000000000004,20.0,0.0,0.0,17.0
2021-05-10,35.0,17.0,0.0,0.0,19.0
2021-05-11,33.0,11.0,7.000000000000001,0.0,11.0
2021-05-12,37.0,16.0,0.0,0.0,9.0
2021-05-13,30.0,14.000000000000002,0.0,0.0,18.0
2021-05-14,37.0,17.0,0.0,0.0,16.0
2021-05-15,33.0,12.0,0.0,0.0,16.0
2021-05-16,30.0,15.0,7.000000000000001,0.0,17.0
2021-05-17,32.0,20.0,0.0,0.0,18.0
2021-05-18,31.0,14.000000000000002,0.0,0.0,16.0
2021-05-19,36.0,22.0,0.0,0.0,18.0
2021-05-20,31.0,20.0,0.0,0.0,19.0
2021-05-21,36.0,15.0,0.0,0.0,20.0
2021-05-22,32.0,14.000000000000002,0.0,0.0,22.0
2021-05-23,32.0,17.0,0.0,0.0,19.0
2021-05-24,32.0,13.0,6.0,9.0,28.999999999999996
2021-05-25,34.0,18.0,0.0,0.0,14.000000000000002
2021-05-26,27.0,16.0,0.0,0.0,19.0
2021-05-27,25.0,21.0,0.0,0.0,24.0
2021-05-28,32.0,14.000000000000002,0.0,0.0,23.0
2021-05-29,28.000000000000004,24.0,0.0,0.0,21.0
2021-05-30,27.0,18.0,0.0,0.0,14.000000000000002
2021-05-31,28.999999999999996,17.0,0.0,0.0,17.0
2021-06-01,33.0,17.0,0.0,0.0,20.0
2021-06-02,23.0,21.0,0.0,0.0,18.0
2021-06-03,42.0,24.0,0.0,0.0,13.0
2021-06-04,34.0,21.0,8.0,0.0,19.0
2021-06-05,28.000000000000004,24.0,0.0,0.0,20.0
2021-06-06,24.0,20.0,6.0,0.0,23.0
2021-06-07,28.000000000000004,32.0,0.0,0.0,17.0
2021-06-08,28.999999999999996,27.0,0.0,6.0,20.0
2021-06-09,38.0,35.0,8.0,0.0,19.0
2021-06-10,39.0,38.0,13.0,0.0,20.0
2021-06-11,35.0,34.0,12.0,0.0,18.0
2021-06-12,31.0,37.0,8.0,0.0,20.0
2021-06-13,35.0,28.999999999999996,14.000000000000002,0.0,21.0
2021-06-14,39.0,46.0,14.000000000000002,7.000000000000001,19.0
2021-06-15,36.0,37.0,12.0,0.0,26.0
2021-06-16,38.0,37.0,19.0,6.0,20.0
2021-06-17,36.0,32.0,18.0,0.0,23.0
2021-06-18,28.999999999999996,35.0,14.000000000000002,0.0,18.0
2021-06-19,36.0,28.000000000000004,9.0,0.0,24.0
2021-06-20,33.0,18.0,8.0,0.0,21.0
2021-06-21,35.0,34.0,7.000000000000001,0.0,18.0
2021-06-22,34.0,34.0,7.000000000000001,5.0,21.0
2021-06-23,37.0,46.0,9.0,0.0,17.0
2021-06-24,35.0,31.0,6.0,0.0,23.0
2021-06-25,36.0,27.0,0.0,0.0,20.0
2021-06-26,35.0,30.0,0.0,0.0,20.0
2021-06-27,34.0,27.0,0.0,0.0,21.0
2021-06-28,39.0,30.0,0.0,0.0,23.0
2021-06-29,50.0,37.0,0.0,0.0,19.0
2021-06-30,47.0,45.0,0.0,0.0,17.0
2021-07-01,47.0,27.0,0.0,0.0,18.0
2021-07-02,48.0,24.0,0.0,0.0,21.0
2021-07-03,44.0,25.0,0.0,0.0,22.0
2021-07-04,37.0,30.0,0.0,0.0,21.0
2021-07-05,40.0,22.0,6.0,0.0,22.0
2021-07-06,30.0,26.0,0.0,0.0,18.0
2021-07-07,30.0,25.0,0.0,0.0,15.0
2021-07-07,14.000000000000002,12.0,0.0,0.0,7.000000000000001
2021-07-08,19.0,11.0,0.0,3.0,10.0
2021-07-09,27.0,12.0,0.0,0.0,10.0
2021-07-10,24.0,14.000000000000002,3.0,0.0,9.0
2021-07-11,20.0,10.0,0.0,0.0,9.0
2021-07-12,17.0,14.000000000000002,3.0,0.0,11.0
2021-07-13,20.0,12.0,0.0,0.0,12.0
2021-07-14,22.0,11.0,0.0,0.0,12.0
2021-07-15,23.0,13.0,0.0,0.0,10.0
2021-07-16,25.0,12.0,0.0,0.0,14.000000000000002
2021-07-17,27.0,11.0,0.0,0.0,9.0
2021-07-18,24.0,13.0,0.0,0.0,7.000000000000001
2021-07-19,20.0,10.0,0.0,0.0,13.0
2021-07-20,18.0,9.0,0.0,0.0,12.0
2021-07-21,19.0,9.0,4.0,0.0,9.0
2021-07-22,18.0,12.0,0.0,0.0,12.0
2021-07-23,19.0,12.0,0.0,0.0,11.0
2021-07-24,18.0,10.0,3.0,0.0,11.0
2021-07-25,18.0,10.0,0.0,0.0,8.0
2021-07-26,21.0,12.0,0.0,0.0,11.0
2021-07-27,17.0,11.0,0.0,0.0,9.0
2021-07-28,18.0,7.000000000000001,0.0,0.0,11.0
2021-07-29,21.0,10.0,4.0,0.0,11.0
2021-07-30,20.0,10.0,0.0,0.0,11.0
2021-07-31,21.0,7.000000000000001,0.0,0.0,10.0
2021-08-01,27.0,8.0,0.0,0.0,12.0
2021-08-02,23.0,8.0,0.0,0.0,7.000000000000001
2021-08-03,22.0,6.0,3.0,0.0,12.0
2021-08-04,25.0,9.0,0.0,0.0,10.0
2021-08-05,25.0,10.0,4.0,0.0,12.0
2021-08-06,28.000000000000004,9.0,0.0,0.0,8.0
2021-08-07,24.0,11.0,0.0,0.0,12.0
2021-08-08,27.0,8.0,0.0,0.0,13.0
2021-08-09,30.0,10.0,3.0,0.0,12.0
2021-08-10,34.0,10.0,3.0,0.0,12.0
2021-08-11,33.0,10.0,0.0,0.0,13.0
2021-08-12,37.0,9.0,0.0,0.0,18.0
2021-08-13,55.00000000000001,8.0,0.0,0.0,10.0
2021-08-14,46.0,9.0,0.0,0.0,11.0
2021-08-15,31.0,7.000000000000001,0.0,0.0,9.0
2021-08-16,55.00000000000001,10.0,3.0,0.0,15.0
2021-08-17,44.0,9.0,3.0,0.0,14.000000000000002
2021-08-18,40.0,15.0,3.0,0.0,12.0
2021-08-19,34.0,17.0,3.0,0.0,13.0
2021-08-20,31.0,16.0,0.0,0.0,13.0
2021-08-21,25.0,12.0,0.0,0.0,12.0
2021-08-22,23.0,9.0,3.0,0.0,10.0
2021-08-23,33.0,9.0,0.0,0.0,14.000000000000002
2021-08-24,25.0,10.0,3.0,0.0,13.0
2021-08-25,25.0,9.0,0.0,0.0,14.000000000000002
2021-08-26,19.0,6.0,3.0,0.0,13.0
2021-08-27,21.0,9.0,4.0,0.0,14.000000000000002
2021-08-28,22.0,11.0,0.0,0.0,15.0
2021-08-29,23.0,7.000000000000001,3.0,0.0,14.000000000000002
2021-08-30,23.0,11.0,3.0,0.0,11.0
2021-08-31,23.0,12.0,6.0,0.0,19.0
2021-09-01,25.0,10.0,6.0,0.0,17.0
2021-09-02,33.0,11.0,10.0,0.0,15.0
2021-09-03,30.0,10.0,7.000000000000001,0.0,19.0
2021-09-04,23.0,8.0,9.0,0.0,13.0
2021-09-05,21.0,10.0,6.0,0.0,12.0
2021-09-06,20.0,13.0,8.0,0.0,19.0
2021-09-07,22.0,12.0,6.0,0.0,17.0
2021-09-08,19.0,14.000000000000002,6.0,0.0,18.0
2021-09-09,19.0,13.0,3.0,3.0,14.000000000000002
2021-09-10,16.0,8.0,7.000000000000001,0.0,20.0
2021-09-11,18.0,11.0,7.000000000000001,0.0,19.0
2021-09-12,16.0,10.0,8.0,0.0,17.0
2021-09-13,19.0,9.0,5.0,0.0,17.0
2021-09-14,16.0,14.000000000000002,7.000000000000001,0.0,18.0
2021-09-15,22.0,10.0,8.0,0.0,16.0
2021-09-16,17.0,10.0,15.0,5.0,16.0
2021-09-17,21.0,10.0,22.0,0.0,17.0
2021-09-18,18.0,14.000000000000002,13.0,0.0,17.0
2021-09-19,15.0,11.0,8.0,0.0,16.0
2021-09-20,17.0,10.0,6.0,0.0,15.0
2021-09-21,11.0,14.000000000000002,6.0,4.0,20.0
2021-09-22,13.0,15.0,7.000000000000001,0.0,20.0
2021-09-23,10.0,14.000000000000002,13.0,0.0,20.0
2021-09-24,11.0,16.0,13.0,0.0,20.0
2021-09-25,12.0,24.0,18.0,0.0,21.0
2021-09-26,13.0,18.0,39.0,0.0,19.0
2021-09-27,14.000000000000002,21.0,45.0,0.0,22.0
2021-09-28,14.000000000000002,21.0,27.0,0.0,21.0
2021-09-29,13.0,21.0,18.0,0.0,22.0
2021-09-30,10.0,22.0,14.000000000000002,0.0,25.0
2021-10-01,14.000000000000002,20.0,14.000000000000002,0.0,30.0
2021-10-02,12.0,24.0,14.000000000000002,0.0,15.0
2021-10-03,11.0,16.0,9.0,0.0,17.0
2021-10-04,11.0,17.0,7.000000000000001,0.0,21.0
2021-10-05,13.0,21.0,8.0,3.0,19.0
2021-10-06,12.0,19.0,8.0,4.0,16.0
2021-10-07,12.0,20.0,5.0,0.0,21.0
2021-10-08,9.0,22.0,0.0,0.0,17.0
2021-10-09,12.0,19.0,6.0,0.0,20.0
2021-10-10,7.000000000000001,12.0,5.0,0.0,14.000000000000002
2021-10-11,13.0,16.0,7.000000000000001,0.0,14.000000000000002
2021-10-12,9.0,15.0,13.0,0.0,16.0
2021-10-13,15.0,17.0,9.0,0.0,15.0
2021-10-14,10.0,15.0,10.0,0.0,11.0
2021-10-15,11.0,17.0,8.0,0.0,13.0
2021-10-16,18.0,14.000000000000002,13.0,0.0,16.0
2021-10-17,18.0,18.0,9.0,0.0,15.0
2021-10-18,14.000000000000002,16.0,11.0,0.0,15.0
2021-10-19,16.0,16.0,11.0,0.0,13.0
2021-10-20,17.0,17.0,8.0,0.0,14.000000000000002
2021-10-21,17.0,13.0,11.0,0.0,17.0
2021-10-22,17.0,15.0,6.0,0.0,15.0
2021-10-23,14.000000000000002,16.0,6.0,0.0,13.0
2021-10-24,14.000000000000002,16.0,13.0,0.0,11.0
2021-10-25,21.0,15.0,16.0,0.0,15.0
2021-10-26,15.0,14.000000000000002,14.000000000000002,0.0,15.0
2021-10-27,18.0,17.0,9.0,0.0,17.0
2021-10-28,17.0,18.0,13.0,0.0,13.0
2021-10-29,15.0,19.0,10.0,0.0,16.0
2021-10-30,19.0,19.0,8.0,0.0,14.000000000000002
2021-10-31,15.0,18.0,8.0,0.0,14.000000000000002
2021-11-01,14.000000000000002,16.0,10.0,0.0,14.000000000000002
2021-11-02,14.000000000000002,21.0,100.0,0.0,14.000000000000002
2021-11-03,9.0,18.0,95.0,0.0,11.0
2021-11-04,7.000000000000001,12.0,28.000000000000004,4.0,9.0
2021-11-05,12.0,17.0,12.0,0.0,13.0
2021-11-06,13.0,17.0,14.000000000000002,0.0,14.000000000000002
2021-11-07,15.0,20.0,14.000000000000002,0.0,16.0
2021-11-08,14.000000000000002,25.0,13.0,0.0,18.0
2021-11-09,19.0,25.0,11.0,0.0,19.0
2021-11-10,19.0,20.0,13.0,0.0,17.0
2021-11-11,16.0,24.0,10.0,0.0,19.0
2021-11-12,15.0,37.0,11.0,0.0,18.0
2021-11-13,16.0,35.0,8.0,0.0,19.0
2021-11-14,16.0,24.0,7.000000000000001,0.0,15.0
2021-11-15,18.0,23.0,13.0,0.0,24.0
2021-11-16,20.0,19.0,8.0,0.0,21.0
2021-11-17,13.0,15.0,11.0,0.0,22.0
2021-11-18,14.000000000000002,9.0,9.0,0.0,19.0
2021-11-19,15.0,10.0,9.0,0.0,19.0
2021-11-20,15.0,11.0,8.0,0.0,26.0
2021-11-21,15.0,8.0,10.0,0.0,20.0
2021-11-22,13.0,6.0,10.0,0.0,18.0
2021-11-23,19.0,7.000000000000001,15.0,0.0,22.0
2021-11-24,17.0,7.000000000000001,12.0,0.0,19.0
2021-11-25,13.0,8.0,17.0,0.0,22.0
2021-11-26,25.0,9.0,11.0,0.0,18.0
2021-11-27,18.0,8.0,10.0,0.0,16.0
2021-11-28,16.0,8.0,11.0,0.0,16.0
2021-11-29,20.0,8.0,13.0,0.0,18.0
2021-11-30,21.0,8.0,9.0,0.0,13.0
2021-12-01,18.0,9.0,11.0,0.0,18.0
2021-12-02,17.0,7.000000000000001,9.0,0.0,15.0
2021-12-03,23.0,10.0,10.0,0.0,13.0
2021-12-04,18.0,8.0,8.0,0.0,11.0
2021-12-05,16.0,8.0,9.0,4.0,12.0
2021-12-06,19.0,8.0,10.0,3.0,11.0
2021-12-07,18.0,8.0,9.0,0.0,17.0
2021-12-08,20.0,10.0,5.0,0.0,9.0
2021-12-09,13.0,10.0,8.0,5.0,12.0
2021-12-10,15.0,9.0,7.000000000000001,0.0,13.0
2021-12-11,16.0,11.0,6.0,3.0,12.0
2021-12-12,17.0,8.0,7.000000000000001,0.0,12.0
2021-12-13,16.0,11.0,7.000000000000001,0.0,9.0
2021-12-14,16.0,11.0,7.000000000000001,0.0,13.0
2021-12-15,14.000000000000002,16.0,7.000000000000001,4.0,15.0
2021-12-16,15.0,14.000000000000002,11.0,0.0,14.000000000000002
2021-12-17,17.0,17.0,9.0,0.0,11.0
2021-12-18,18.0,13.0,7.000000000000001,0.0,14.000000000000002
2021-12-19,16.0,15.0,5.0,3.0,8.0
2021-12-20,20.0,12.0,9.0,0.0,12.0
2021-12-21,23.0,15.0,8.0,0.0,13.0
2021-12-22,18.0,21.0,6.0,0.0,14.000000000000002
2021-12-23,35.0,23.0,7.000000000000001,0.0,13.0
2021-12-24,40.0,20.0,6.0,4.0,13.0
2021-12-25,34.0,19.0,6.0,0.0,13.0
2021-12-26,33.0,18.0,11.0,4.0,12.0
2021-12-27,35.0,23.0,7.000000000000001,0.0,15.0
2021-12-28,32.0,20.0,11.0,4.0,13.0
2021-12-29,39.0,22.0,8.0,4.0,13.0
2021-12-30,37.0,17.0,11.0,3.0,12.0
2021-12-31,23.0,16.0,20.0,3.0,10.0
2022-01-01,25.0,16.0,17.0,0.0,11.0
2022-01-02,28.999999999999996,19.0,21.0,3.0,11.0
2022-01-03,43.0,30.0,22.0,4.0,19.0
2022-01-03,32.0,22.0,17.0,3.0,14.000000000000002
2022-01-04,45.0,25.0,20.0,6.0,19.0
2022-01-05,47.0,28.000000000000004,19.0,5.0,14.000000000000002
2022-01-06,42.0,27.0,15.0,0.0,17.0
2022-01-07,39.0,28.000000000000004,16.0,5.0,15.0
2022-01-08,38.0,26.0,15.0,0.0,16.0
2022-01-09,43.0,27.0,18.0,3.0,18.0
2022-01-10,42.0,31.0,22.0,0.0,15.0
2022-01-11,34.0,30.0,18.0,5.0,14.000000000000002
2022-01-12,39.0,22.0,19.0,6.0,14.000000000000002
2022-01-13,39.0,24.0,15.0,0.0,13.0
2022-01-14,28.000000000000004,21.0,17.0,0.0,12.0
2022-01-15,38.0,21.0,13.0,0.0,9.0
2022-01-16,37.0,18.0,16.0,0.0,15.0
2022-01-17,50.0,17.0,20.0,5.0,16.0
2022-01-18,49.0,23.0,15.0,0.0,17.0
2022-01-19,40.0,18.0,13.0,0.0,17.0
2022-01-20,48.0,18.0,16.0,0.0,16.0
2022-01-21,45.0,15.0,11.0,0.0,18.0
2022-01-22,57.99999999999999,17.0,17.0,3.0,26.0
2022-01-23,62.0,19.0,14.000000000000002,0.0,20.0
2022-01-24,31.0,0.0,0.0,0.0,22.0
2022-01-25,34.0,18.0,12.0,0.0,15.0
2022-01-26,34.0,13.0,16.0,4.0,14.000000000000002
2022-01-27,41.0,18.0,18.0,4.0,17.0
2022-01-28,41.0,18.0,21.0,4.0,21.0
2022-01-29,39.0,17.0,21.0,0.0,19.0
2022-01-30,39.0,16.0,19.0,0.0,15.0
2022-01-31,34.0,15.0,18.0,0.0,14.000000000000002
2022-02-01,43.0,19.0,19.0,0.0,18.0
2022-02-02,41.0,14.000000000000002,20.0,0.0,18.0
2022-02-03,45.0,18.0,18.0,6.0,20.0
2022-02-04,40.0,16.0,16.0,0.0,16.0
2022-02-05,38.0,12.0,16.0,0.0,19.0
2022-02-06,28.000000000000004,12.0,15.0,0.0,11.0
2022-02-07,28.999999999999996,10.0,48.0,6.0,18.0
2022-02-08,34.0,10.0,30.0,0.0,18.0
2022-02-09,38.0,18.0,21.0,5.0,16.0
2022-02-10,36.0,13.0,22.0,4.0,21.0
2022-02-11,38.0,12.0,14.000000000000002,5.0,19.0
2022-02-12,35.0,8.0,15.0,7.000000000000001,18.0
2022-02-13,34.0,12.0,14.000000000000002,7.000000000000001,16.0
2022-02-14,39.0,12.0,13.0,7.000000000000001,15.0
2022-02-15,42.0,11.0,16.0,6.0,23.0
2022-02-16,36.0,16.0,13.0,7.000000000000001,25.0
2022-02-17,33.0,13.0,12.0,5.0,24.0
2022-02-18,32.0,11.0,13.0,7.000000000000001,28.000000000000004
2022-02-19,25.0,12.0,14.000000000000002,0.0,40.0
2022-02-20,26.0,11.0,11.0,0.0,19.0
2022-02-21,28.000000000000004,10.0,15.0,0.0,21.0
2022-02-22,33.0,10.0,15.0,0.0,21.0
2022-02-23,33.0,14.000000000000002,16.0,6.0,20.0
2022-02-24,28.999999999999996,13.0,21.0,0.0,21.0
2022-02-25,30.0,12.0,15.0,0.0,16.0
2022-02-26,30.0,12.0,19.0,0.0,16.0
2022-02-27,33.0,11.0,35.0,0.0,12.0
2022-02-28,31.0,11.0,25.0,0.0,18.0
2022-03-01,30.0,12.0,18.0,0.0,15.0
2022-03-02,31.0,12.0,14.000000000000002,4.0,19.0
2022-03-03,39.0,10.0,13.0,0.0,17.0
2022-03-04,34.0,12.0,13.0,0.0,16.0
2022-03-05,27.0,9.0,11.0,0.0,15.0
2022-03-06,31.0,15.0,13.0,0.0,14.000000000000002
2022-03-07,40.0,11.0,15.0,5.0,15.0
2022-03-08,33.0,14.000000000000002,10.0,0.0,15.0
2022-03-09,31.0,14.000000000000002,15.0,0.0,16.0
2022-03-10,30.0,13.0,13.0,5.0,13.0
2022-03-11,33.0,12.0,14.000000000000002,0.0,14.000000000000002
2022-03-12,26.0,11.0,12.0,0.0,13.0
2022-03-13,22.0,14.000000000000002,12.0,0.0,16.0
2022-03-14,34.0,11.0,11.0,0.0,16.0
2022-03-15,38.0,12.0,11.0,4.0,15.0
2022-03-16,27.0,18.0,7.000000000000001,0.0,15.0
2022-03-17,28.999999999999996,14.000000000000002,8.0,0.0,13.0
2022-03-18,18.0,15.0,8.0,0.0,9.0
2022-03-19,24.0,20.0,10.0,0.0,11.0
2022-03-20,24.0,16.0,8.0,4.0,16.0
2022-03-21,39.0,21.0,12.0,0.0,15.0
2022-03-22,38.0,19.0,12.0,0.0,12.0
2022-03-23,41.0,18.0,11.0,0.0,14.000000000000002
2022-03-24,37.0,14.000000000000002,9.0,0.0,14.000000000000002
2022-03-25,38.0,18.0,14.000000000000002,6.0,15.0
2022-03-26,44.0,24.0,9.0,0.0,18.0
2022-03-27,31.0,16.0,11.0,0.0,14.000000000000002
2022-03-28,45.0,20.0,10.0,0.0,19.0
2022-03-29,37.0,20.0,11.0,0.0,16.0
2022-03-30,32.0,18.0,10.0,4.0,16.0
2022-03-31,38.0,21.0,8.0,0.0,16.0
2022-04-01,38.0,21.0,10.0,0.0,19.0
2022-04-02,44.0,20.0,20.0,0.0,13.0
2022-04-03,36.0,25.0,10.0,0.0,16.0
2022-04-04,42.0,24.0,8.0,4.0,16.0
2022-04-05,42.0,25.0,12.0,0.0,16.0
2022-04-06,28.999999999999996,17.0,0.0,0.0,21.0
2022-04-07,32.0,31.0,0.0,0.0,14.000000000000002
2022-04-08,50.0,27.0,0.0,0.0,17.0
2022-04-09,36.0,55.00000000000001,0.0,0.0,14.000000000000002
2022-04-10,50.0,31.0,11.0,0.0,13.0
2022-04-11,100.0,27.0,9.0,0.0,17.0
2022-04-12,75.0,20.0,15.0,0.0,18.0
2022-04-13,52.0,20.0,13.0,0.0,15.0
2022-04-14,44.0,17.0,11.0,0.0,13.0
2022-04-15,47.0,10.0,8.0,0.0,17.0
2022-04-16,42.0,16.0,15.0,0.0,19.0
2022-04-17,53.0,10.0,19.0,0.0,14.000000000000002
2022-04-18,51.0,16.0,17.0,0.0,16.0
2022-04-19,40.0,9.0,14.000000000000002,0.0,13.0
2022-04-20,38.0,13.0,14.000000000000002,0.0,16.0
2022-04-21,31.0,12.0,11.0,4.0,15.0
2022-04-22,30.0,13.0,12.0,0.0,20.0
2022-04-23,25.0,16.0,15.0,0.0,15.0
2022-04-24,25.0,12.0,12.0,0.0,15.0
2022-04-25,30.0,8.0,13.0,0.0,13.0
2022-04-26,27.0,13.0,19.0,0.0,18.0
2022-04-27,37.0,14.000000000000002,14.000000000000002,0.0,14.000000000000002
2022-04-28,25.0,11.0,16.0,0.0,15.0
2022-04-29,28.999999999999996,10.0,14.000000000000002,0.0,13.0
2022-04-30,23.0,12.0,15.0,0.0,17.0
2022-05-01,19.0,13.0,9.0,0.0,22.0
2022-05-02,36.0,13.0,11.0,0.0,23.0
2022-05-03,30.0,14.000000000000002,14.000000000000002,0.0,23.0
2022-05-04,24.0,14.000000000000002,13.0,0.0,22.0
2022-05-05,22.0,18.0,11.0,0.0,23.0
2022-05-06,18.0,13.0,13.0,0.0,22.0
2022-05-07,17.0,16.0,13.0,0.0,21.0
2022-05-08,18.0,17.0,13.0,0.0,17.0
2022-05-09,20.0,22.0,13.0,0.0,19.0
2022-05-10,25.0,21.0,16.0,4.0,25.0
2022-05-11,18.0,21.0,15.0,0.0,26.0
2022-05-12,53.0,37.0,56.99999999999999,8.0,53.0
2022-05-13,53.0,37.0,65.0,8.0,48.0
2022-05-14,56.99999999999999,39.0,55.00000000000001,7.000000000000001,50.0
2022-05-15,50.0,37.0,53.0,7.000000000000001,50.0
2022-05-16,50.0,38.0,56.99999999999999,8.0,59.0
2022-05-17,48.0,40.0,60.0,7.000000000000001,57.99999999999999
2022-05-18,49.0,64.0,62.0,6.0,61.0
2022-05-19,52.0,70.0,63.0,7.000000000000001,70.0
2022-05-20,49.0,63.0,67.0,8.0,81.0
2022-05-21,48.0,63.0,59.0,7.000000000000001,57.99999999999999
2022-05-22,45.0,60.0,55.00000000000001,8.0,50.0
2022-05-23,51.0,62.0,56.99999999999999,7.000000000000001,54.0
2022-05-24,52.0,61.0,59.0,8.0,51.0
2022-05-25,48.0,57.99999999999999,65.0,7.000000000000001,51.0
2022-05-26,49.0,61.0,70.0,8.0,52.0
2022-05-27,46.0,59.0,61.0,7.000000000000001,48.0
2022-05-28,48.0,61.0,60.0,7.000000000000001,46.0
2022-05-29,46.0,47.0,49.0,6.0,46.0
2022-05-30,46.0,47.0,53.0,6.0,49.0
2022-05-31,48.0,48.0,53.0,7.000000000000001,45.0
2022-06-01,46.0,47.0,60.0,7.000000000000001,44.0
2022-06-02,48.0,54.0,68.0,7.000000000000001,47.0
2022-06-03,44.0,54.0,60.0,8.0,45.0
2022-06-04,66.0,51.0,66.0,7.000000000000001,44.0
2022-06-05,63.0,56.00000000000001,60.0,6.0,41.0
2022-06-06,64.0,71.0,61.0,8.0,43.0
2022-06-07,63.0,76.0,64.0,8.0,48.0
2022-06-08,60.0,60.0,62.0,8.0,47.0
2022-06-09,61.0,55.00000000000001,61.0,7.000000000000001,44.0
2022-06-10,55.00000000000001,54.0,56.99999999999999,7.000000000000001,42.0
2022-06-11,64.0,51.0,60.0,7.000000000000001,39.0
2022-06-12,64.0,51.0,56.00000000000001,6.0,37.0
2022-06-13,62.0,48.0,60.0,7.000000000000001,44.0
2022-06-14,57.99999999999999,53.0,59.0,8.0,44.0
2022-06-15,66.0,52.0,65.0,9.0,45.0
2022-06-16,62.0,51.0,61.0,8.0,48.0
2022-06-17,61.0,48.0,60.0,8.0,45.0
2022-06-18,59.0,44.0,63.0,7.000000000000001,41.0
2022-06-19,53.0,47.0,60.0,8.0,38.0
2022-06-20,70.0,46.0,68.0,9.0,45.0
2022-06-21,69.0,48.0,67.0,7.000000000000001,43.0
2022-06-22,70.0,46.0,71.0,7.000000000000001,43.0
2022-06-23,61.0,49.0,70.0,7.000000000000001,45.0
2022-06-24,66.0,45.0,72.0,6.0,42.0
2022-06-25,64.0,49.0,72.0,9.0,47.0
2022-06-26,57.99999999999999,46.0,66.0,8.0,61.0
2022-06-27,68.0,49.0,73.0,9.0,65.0
2022-06-28,64.0,46.0,70.0,8.0,64.0
2022-06-29,65.0,44.0,28.000000000000004,8.0,63.0
2022-06-30,62.0,43.0,30.0,7.000000000000001,69.0
2022-07-01,68.0,47.0,44.0,8.0,75.0
2022-07-02,64.0,45.0,73.0,7.000000000000001,74.0
2022-07-02,12.0,8.0,13.0,1.0,13.0
2022-07-03,11.0,7.000000000000001,15.0,1.0,14.000000000000002
2022-07-04,17.0,8.0,16.0,2.0,15.0
2022-07-05,18.0,8.0,13.0,2.0,11.0
2022-07-06,17.0,8.0,14.000000000000002,1.0,10.0
2022-07-07,18.0,8.0,14.000000000000002,2.0,12.0
2022-07-08,15.0,8.0,13.0,1.0,10.0
2022-07-09,15.0,7.000000000000001,12.0,1.0,10.0
2022-07-10,12.0,7.000000000000001,13.0,1.0,9.0
2022-07-11,17.0,8.0,16.0,2.0,10.0
2022-07-12,20.0,7.000000000000001,17.0,3.0,10.0
2022-07-13,17.0,8.0,18.0,2.0,9.0
2022-07-14,16.0,7.000000000000001,35.0,2.0,9.0
2022-07-15,16.0,6.0,24.0,2.0,8.0
2022-07-16,17.0,6.0,21.0,2.0,8.0
2022-07-17,15.0,6.0,21.0,2.0,8.0
2022-07-18,17.0,6.0,27.0,2.0,8.0
2022-07-19,17.0,6.0,32.0,2.0,8.0
2022-07-20,23.0,6.0,37.0,2.0,9.0
2022-07-21,17.0,6.0,28.000000000000004,2.0,8.0
2022-07-22,17.0,6.0,36.0,2.0,8.0
2022-07-23,17.0,6.0,69.0,2.0,8.0
2022-07-24,15.0,6.0,56.00000000000001,2.0,7.000000000000001
2022-07-25,17.0,6.0,50.0,2.0,8.0
2022-07-26,16.0,6.0,100.0,2.0,8.0
2022-07-27,18.0,7.000000000000001,41.0,2.0,9.0
2022-07-28,17.0,6.0,23.0,2.0,8.0
2022-07-29,18.0,6.0,17.0,2.0,8.0
2022-07-30,16.0,6.0,15.0,2.0,8.0
2022-07-31,16.0,6.0,12.0,2.0,8.0
2022-08-01,18.0,6.0,13.0,2.0,11.0
2022-08-02,19.0,8.0,11.0,2.0,11.0
2022-08-03,18.0,8.0,9.0,2.0,11.0
2022-08-04,18.0,8.0,9.0,2.0,13.0
2022-08-05,17.0,7.000000000000001,8.0,2.0,13.0
2022-08-06,15.0,6.0,7.000000000000001,2.0,13.0
2022-08-07,14.000000000000002,6.0,6.0,2.0,15.0
2022-08-08,18.0,6.0,7.000000000000001,3.0,17.0
2022-08-09,17.0,7.000000000000001,7.000000000000001,3.0,9.0
2022-08-10,15.0,7.000000000000001,11.0,3.0,7.000000000000001
2022-08-11,13.0,6.0,8.0,2.0,5.0
2022-08-12,14.000000000000002,6.0,8.0,2.0,6.0
2022-08-13,16.0,8.0,8.0,2.0,6.0
2022-08-14,16.0,8.0,7.000000000000001,2.0,5.0
2022-08-15,15.0,8.0,7.000000000000001,2.0,5.0
2022-08-16,17.0,10.0,10.0,2.0,6.0
2022-08-17,20.0,10.0,8.0,3.0,6.0
2022-08-18,19.0,9.0,13.0,2.0,6.0
2022-08-19,18.0,9.0,16.0,2.0,5.0
2022-08-20,20.0,10.0,10.0,2.0,6.0
2022-08-21,17.0,10.0,8.0,2.0,6.0
2022-08-22,19.0,11.0,9.0,2.0,7.000000000000001
2022-08-23,18.0,11.0,9.0,2.0,7.000000000000001
2022-08-24,20.0,11.0,7.000000000000001,3.0,7.000000000000001
2022-08-25,20.0,11.0,8.0,2.0,7.000000000000001
2022-08-26,19.0,11.0,7.000000000000001,3.0,6.0
2022-08-27,17.0,10.0,6.0,2.0,6.0
2022-08-28,15.0,10.0,6.0,2.0,5.0
2022-08-29,16.0,10.0,6.0,2.0,7.000000000000001
2022-08-30,17.0,11.0,7.000000000000001,3.0,6.0
2022-08-31,16.0,10.0,6.0,2.0,6.0
2022-09-01,18.0,13.0,6.0,3.0,7.000000000000001
2022-09-02,16.0,17.0,7.000000000000001,4.0,7.000000000000001
2022-09-03,16.0,21.0,8.0,3.0,7.000000000000001
2022-09-04,14.000000000000002,18.0,7.000000000000001,3.0,7.000000000000001
2022-09-05,15.0,14.000000000000002,7.000000000000001,3.0,7.000000000000001
2022-09-06,15.0,8.0,7.000000000000001,3.0,8.0
2022-09-07,17.0,8.0,7.000000000000001,3.0,8.0
2022-09-08,15.0,9.0,7.000000000000001,3.0,8.0
2022-09-09,17.0,6.0,6.0,3.0,8.0
2022-09-10,22.0,6.0,6.0,4.0,9.0
2022-09-11,19.0,6.0,6.0,4.0,11.0
2022-09-12,23.0,5.0,8.0,4.0,11.0
2022-09-13,20.0,6.0,9.0,4.0,16.0
2022-09-14,20.0,5.0,8.0,4.0,13.0
2022-09-15,17.0,5.0,7.000000000000001,4.0,11.0
2022-09-16,17.0,6.0,7.000000000000001,6.0,14.000000000000002
2022-09-17,32.0,5.0,7.000000000000001,5.0,12.0
2022-09-18,52.0,5.0,6.0,4.0,9.0
2022-09-19,50.0,10.0,8.0,3.0,10.0
2022-09-20,43.0,10.0,10.0,3.0,10.0
2022-09-21,39.0,7.000000000000001,8.0,2.0,10.0
2022-09-22,36.0,6.0,6.0,2.0,10.0
2022-09-23,31.0,6.0,7.000000000000001,2.0,10.0
2022-09-24,30.0,5.0,6.0,2.0,9.0
2022-09-25,27.0,5.0,6.0,2.0,9.0
2022-09-26,30.0,4.0,6.0,2.0,11.0
2022-09-27,32.0,4.0,7.000000000000001,2.0,12.0
2022-09-28,30.0,4.0,8.0,2.0,13.0
2022-09-29,28.000000000000004,4.0,23.0,2.0,12.0
2022-09-30,30.0,4.0,17.0,2.0,10.0
2022-10-01,35.0,4.0,9.0,3.0,8.0
2022-10-02,30.0,4.0,7.000000000000001,2.0,7.000000000000001
2022-10-03,30.0,3.0,6.0,2.0,8.0
2022-10-04,25.0,4.0,6.0,2.0,8.0
2022-10-05,28.000000000000004,4.0,6.0,1.0,8.0
2022-10-06,39.0,4.0,6.0,2.0,10.0
2022-10-07,42.0,4.0,6.0,2.0,11.0
2022-10-08,45.0,4.0,6.0,2.0,10.0
2022-10-09,34.0,4.0,5.0,1.0,10.0
2022-10-10,39.0,4.0,5.0,2.0,13.0
2022-10-11,41.0,4.0,5.0,2.0,13.0
2022-10-12,41.0,4.0,5.0,2.0,11.0
2022-10-13,38.0,4.0,4.0,2.0,9.0
2022-10-14,30.0,4.0,5.0,2.0,8.0
2022-10-15,28.999999999999996,3.0,5.0,2.0,7.000000000000001
2022-10-16,28.999999999999996,4.0,5.0,2.0,6.0
2022-10-17,36.0,4.0,6.0,2.0,6.0
2022-10-18,35.0,3.0,8.0,2.0,6.0
2022-10-19,31.0,3.0,6.0,2.0,9.0
2022-10-20,26.0,3.0,5.0,1.0,8.0
2022-10-21,24.0,2.0,5.0,2.0,7.000000000000001
2022-10-22,21.0,2.0,4.0,1.0,11.0
2022-10-23,18.0,2.0,3.0,1.0,7.000000000000001
2022-10-24,14.000000000000002,2.0,2.0,1.0,4.0
2022-10-25,17.0,2.0,3.0,1.0,5.0
2022-10-26,28.000000000000004,3.0,4.0,1.0,6.0
2022-10-27,26.0,3.0,4.0,1.0,6.0
2022-10-28,31.0,3.0,5.0,3.0,7.000000000000001
2022-10-29,26.0,3.0,4.0,4.0,7.000000000000001
2022-10-30,21.0,3.0,4.0,2.0,6.0
2022-10-31,36.0,3.0,5.0,2.0,7.000000000000001
2022-11-01,42.0,3.0,5.0,2.0,9.0
2022-11-02,38.0,3.0,6.0,2.0,11.0
2022-11-03,37.0,3.0,6.0,2.0,11.0
2022-11-04,32.0,3.0,5.0,2.0,8.0
2022-11-05,31.0,3.0,5.0,2.0,24.0
2022-11-06,27.0,3.0,4.0,2.0,13.0
2022-11-07,35.0,3.0,5.0,2.0,10.0
2022-11-08,35.0,3.0,5.0,2.0,7.000000000000001
2022-11-09,36.0,2.0,5.0,2.0,8.0
2022-11-10,32.0,3.0,5.0,2.0,7.000000000000001
2022-11-11,37.0,2.0,5.0,2.0,7.000000000000001
2022-11-12,37.0,2.0,5.0,1.0,6.0
2022-11-13,33.0,2.0,4.0,1.0,5.0
2022-11-14,41.0,2.0,6.0,2.0,5.0
2022-11-15,39.0,2.0,6.0,2.0,6.0
2022-11-16,40.0,2.0,6.0,2.0,6.0
2022-11-17,40.0,2.0,6.0,3.0,6.0
2022-11-18,39.0,3.0,6.0,2.0,6.0
2022-11-19,37.0,3.0,6.0,1.0,6.0
2022-11-20,34.0,2.0,5.0,1.0,4.0
2022-11-21,43.0,2.0,6.0,1.0,5.0
2022-11-22,47.0,2.0,6.0,2.0,6.0
2022-11-23,47.0,2.0,7.000000000000001,1.0,5.0
2022-11-24,45.0,2.0,6.0,2.0,5.0
2022-11-25,38.0,2.0,5.0,1.0,5.0
2022-11-26,37.0,2.0,4.0,1.0,5.0
2022-11-27,34.0,3.0,4.0,1.0,4.0
2022-11-28,41.0,3.0,5.0,1.0,5.0
2022-11-29,44.0,3.0,5.0,1.0,5.0
2022-11-30,46.0,3.0,7.000000000000001,1.0,5.0
2022-12-01,91.0,2.0,5.0,1.0,4.0
2022-12-02,70.0,3.0,5.0,1.0,5.0
2022-12-03,54.0,3.0,4.0,1.0,4.0
2022-12-04,45.0,3.0,5.0,1.0,4.0
2022-12-05,59.0,3.0,6.0,1.0,5.0
2022-12-06,54.0,3.0,6.0,1.0,5.0
2022-12-07,55.00000000000001,3.0,6.0,1.0,5.0
2022-12-08,45.0,3.0,5.0,1.0,5.0
2022-12-09,44.0,3.0,6.0,1.0,5.0
2022-12-10,35.0,3.0,5.0,1.0,5.0
2022-12-11,39.0,3.0,6.0,1.0,4.0
2022-12-12,47.0,3.0,6.0,1.0,6.0
2022-12-13,43.0,3.0,7.000000000000001,1.0,6.0
2022-12-14,36.0,3.0,9.0,1.0,5.0
2022-12-15,37.0,3.0,8.0,1.0,6.0
2022-12-16,38.0,3.0,7.000000000000001,1.0,5.0
2022-12-17,67.0,3.0,6.0,1.0,5.0
2022-12-18,46.0,3.0,5.0,1.0,5.0
2022-12-19,43.0,4.0,5.0,1.0,5.0
2022-12-20,37.0,4.0,5.0,2.0,5.0
2022-12-21,30.0,9.0,6.0,1.0,5.0
2022-12-22,27.0,8.0,6.0,1.0,5.0
2022-12-23,41.0,9.0,7.000000000000001,1.0,4.0
2022-12-24,28.999999999999996,7.000000000000001,6.0,1.0,4.0
2022-12-25,21.0,7.000000000000001,6.0,1.0,4.0
2022-12-26,30.0,8.0,7.000000000000001,1.0,5.0
2022-12-27,28.000000000000004,8.0,7.000000000000001,1.0,5.0
2022-12-28,23.0,7.000000000000001,7.000000000000001,1.0,5.0
2022-12-29,26.0,8.0,7.000000000000001,2.0,10.0
2022-12-29,42.0,13.0,12.0,2.0,16.0
2022-12-30,45.0,10.0,10.0,3.0,22.0
2022-12-31,40.0,12.0,11.0,2.0,15.0
2023-01-01,31.0,9.0,9.0,2.0,13.0
2023-01-02,38.0,13.0,16.0,3.0,17.0
2023-01-03,40.0,13.0,16.0,3.0,20.0
2023-01-04,45.0,13.0,16.0,2.0,19.0
2023-01-05,36.0,12.0,14.000000000000002,2.0,17.0
2023-01-06,37.0,13.0,13.0,2.0,17.0
2023-01-07,33.0,13.0,11.0,2.0,17.0
2023-01-08,35.0,13.0,12.0,2.0,15.0
2023-01-09,36.0,16.0,15.0,2.0,18.0
2023-01-10,37.0,16.0,13.0,3.0,19.0
2023-01-11,37.0,14.000000000000002,15.0,3.0,19.0
2023-01-12,36.0,11.0,15.0,2.0,19.0
2023-01-13,31.0,8.0,13.0,2.0,18.0
2023-01-14,27.0,6.0,10.0,2.0,17.0
2023-01-15,28.000000000000004,7.000000000000001,12.0,2.0,16.0
2023-01-16,36.0,8.0,14.000000000000002,2.0,23.0
2023-01-17,32.0,7.000000000000001,16.0,3.0,26.0
2023-01-18,31.0,7.000000000000001,17.0,2.0,19.0
2023-01-19,33.0,7.000000000000001,17.0,2.0,18.0
2023-01-20,37.0,7.000000000000001,18.0,2.0,17.0
2023-01-21,36.0,6.0,17.0,2.0,17.0
2023-01-22,32.0,5.0,15.0,2.0,16.0
2023-01-23,34.0,6.0,15.0,2.0,18.0
2023-01-24,33.0,6.0,14.000000000000002,2.0,16.0
2023-01-25,32.0,5.0,13.0,2.0,12.0
2023-01-26,25.0,5.0,11.0,2.0,11.0
2023-01-27,31.0,6.0,14.000000000000002,2.0,14.000000000000002
2023-01-28,30.0,5.0,14.000000000000002,2.0,13.0
2023-01-29,30.0,5.0,10.0,2.0,11.0
2023-01-30,38.0,5.0,11.0,2.0,14.000000000000002
2023-01-31,42.0,5.0,12.0,2.0,14.000000000000002
2023-02-01,38.0,6.0,12.0,2.0,15.0
2023-02-02,35.0,6.0,12.0,2.0,14.000000000000002
2023-02-03,34.0,5.0,12.0,2.0,15.0
2023-02-04,33.0,5.0,10.0,2.0,13.0
2023-02-05,34.0,5.0,10.0,1.0,11.0
2023-02-06,50.0,5.0,12.0,2.0,15.0
2023-02-07,63.0,6.0,13.0,2.0,17.0
2023-02-08,51.0,7.000000000000001,13.0,3.0,16.0
2023-02-09,77.0,6.0,12.0,2.0,15.0
2023-02-10,60.0,6.0,11.0,2.0,16.0
2023-02-11,42.0,6.0,11.0,2.0,17.0
2023-02-12,36.0,5.0,11.0,2.0,14.000000000000002
2023-02-13,41.0,6.0,13.0,2.0,17.0
2023-02-14,37.0,6.0,14.000000000000002,3.0,18.0
2023-02-15,42.0,6.0,14.000000000000002,3.0,18.0
2023-02-16,38.0,6.0,15.0,2.0,18.0
2023-02-17,34.0,5.0,27.0,2.0,15.0
2023-02-18,31.0,4.0,15.0,2.0,14.000000000000002
2023-02-19,28.999999999999996,5.0,14.000000000000002,1.0,15.0
2023-02-20,40.0,6.0,15.0,2.0,18.0
2023-02-21,40.0,6.0,16.0,2.0,23.0
2023-02-22,55.00000000000001,5.0,15.0,2.0,19.0
2023-02-23,45.0,6.0,17.0,2.0,20.0
2023-02-24,45.0,6.0,18.0,2.0,19.0
2023-02-25,38.0,6.0,69.0,2.0,19.0
2023-02-26,39.0,5.0,49.0,2.0,18.0
2023-02-27,54.0,6.0,46.0,3.0,23.0
2023-02-28,47.0,6.0,35.0,2.0,27.0
2023-03-01,44.0,6.0,27.0,3.0,28.000000000000004
2023-03-02,82.0,6.0,19.0,3.0,23.0
2023-03-03,68.0,6.0,16.0,2.0,23.0
2023-03-04,43.0,6.0,14.000000000000002,2.0,21.0
2023-03-05,40.0,6.0,11.0,2.0,17.0
2023-03-06,54.0,6.0,10.0,2.0,18.0
2023-03-07,43.0,5.0,9.0,2.0,14.000000000000002
2023-03-08,34.0,4.0,9.0,2.0,11.0
2023-03-09,36.0,7.000000000000001,10.0,3.0,17.0
2023-03-10,35.0,7.000000000000001,10.0,3.0,17.0
2023-03-11,37.0,7.000000000000001,9.0,5.0,17.0
2023-03-12,34.0,7.000000000000001,7.000000000000001,4.0,17.0
2023-03-13,52.0,8.0,8.0,5.0,18.0
2023-03-14,100.0,9.0,8.0,5.0,18.0
2023-03-15,80.0,9.0,8.0,4.0,16.0
2023-03-16,56.00000000000001,10.0,9.0,4.0,15.0
2023-03-17,56.99999999999999,10.0,9.0,4.0,14.000000000000002
2023-03-18,59.0,9.0,31.0,4.0,13.0
2023-03-19,41.0,8.0,21.0,3.0,12.0
2023-03-20,48.0,9.0,15.0,4.0,15.0
2023-03-21,39.0,10.0,13.0,4.0,16.0
2023-03-22,32.0,9.0,11.0,3.0,15.0
2023-03-23,33.0,13.0,10.0,4.0,22.0
2023-03-24,33.0,15.0,10.0,4.0,26.0
2023-03-25,33.0,14.000000000000002,9.0,4.0,20.0
2023-03-26,30.0,13.0,8.0,3.0,15.0
2023-03-27,31.0,15.0,9.0,4.0,15.0
2023-03-28,28.999999999999996,15.0,9.0,4.0,16.0
2023-03-29,32.0,14.000000000000002,8.0,4.0,14.000000000000002
2023-03-30,28.999999999999996,14.000000000000002,7.000000000000001,4.0,14.000000000000002
2023-03-31,39.0,15.0,8.0,3.0,16.0
2023-04-01,50.0,16.0,9.0,3.0,17.0
2023-04-02,50.0,16.0,8.0,3.0,16.0
2023-04-03,64.0,16.0,7.000000000000001,4.0,18.0
2023-04-04,73.0,17.0,8.0,4.0,18.0
2023-04-05,56.99999999999999,15.0,8.0,4.0,17.0
2023-04-06,46.0,15.0,8.0,4.0,22.0
2023-04-07,43.0,16.0,7.000000000000001,4.0,20.0
2023-04-08,43.0,15.0,7.000000000000001,4.0,18.0
2023-04-09,40.0,15.0,8.0,4.0,18.0
2023-04-10,46.0,18.0,10.0,5.0,22.0
2023-04-11,46.0,19.0,9.0,4.0,20.0
2023-04-12,45.0,22.0,10.0,4.0,20.0
2023-04-13,41.0,24.0,9.0,4.0,37.0
2023-04-14,41.0,23.0,7.000000000000001,4.0,26.0
2023-04-15,34.0,31.0,8.0,3.0,17.0
2023-04-16,32.0,25.0,7.000000000000001,3.0,13.0
2023-04-17,38.0,20.0,8.0,4.0,15.0
2023-04-18,40.0,18.0,9.0,4.0,15.0
2023-04-19,39.0,16.0,8.0,4.0,14.000000000000002
2023-04-20,39.0,20.0,7.000000000000001,4.0,14.000000000000002
2023-04-21,37.0,15.0,7.000000000000001,3.0,11.0
2023-04-22,35.0,13.0,6.0,3.0,12.0
2023-04-23,32.0,13.0,6.0,3.0,10.0
2023-04-24,46.0,14.000000000000002,6.0,4.0,13.0
2023-04-25,52.0,14.000000000000002,6.0,3.0,14.000000000000002
2023-04-26,51.0,15.0,6.0,3.0,13.0
2023-04-27,59.0,13.0,6.0,3.0,13.0
2023-04-28,54.0,11.0,6.0,3.0,12.0
2023-04-29,51.0,12.0,6.0,3.0,13.0
2023-04-30,44.0,13.0,6.0,3.0,11.0
2023-05-01,47.0,14.000000000000002,6.0,3.0,13.0
2023-05-02,45.0,19.0,6.0,3.0,13.0
2023-05-03,45.0,16.0,6.0,4.0,12.0
2023-05-04,36.0,15.0,6.0,3.0,13.0
2023-05-05,33.0,14.000000000000002,7.000000000000001,3.0,13.0
2023-05-06,36.0,13.0,7.000000000000001,3.0,13.0
2023-05-07,32.0,13.0,7.000000000000001,3.0,13.0
2023-05-08,34.0,13.0,7.000000000000001,4.0,13.0
2023-05-09,43.0,14.000000000000002,7.000000000000001,4.0,14.000000000000002
2023-05-10,37.0,13.0,7.000000000000001,4.0,19.0
2023-05-11,40.0,13.0,7.000000000000001,4.0,21.0
2023-05-12,41.0,13.0,6.0,3.0,19.0
2023-05-13,56.00000000000001,13.0,6.0,4.0,16.0
2023-05-14,79.0,12.0,6.0,3.0,15.0
2023-05-15,51.0,13.0,6.0,4.0,19.0
2023-05-16,49.0,11.0,6.0,5.0,18.0
2023-05-17,39.0,19.0,6.0,4.0,17.0
2023-05-18,37.0,19.0,7.000000000000001,4.0,16.0
2023-05-19,35.0,18.0,7.000000000000001,5.0,16.0
2023-05-20,32.0,16.0,7.000000000000001,4.0,16.0
2023-05-21,28.999999999999996,14.000000000000002,7.000000000000001,3.0,14.000000000000002
2023-05-22,32.0,16.0,8.0,5.0,17.0
2023-05-23,33.0,15.0,9.0,5.0,18.0
2023-05-24,33.0,16.0,11.0,5.0,17.0
2023-05-25,34.0,17.0,10.0,5.0,17.0
2023-05-26,33.0,18.0,35.0,5.0,18.0
2023-05-27,31.0,15.0,26.0,5.0,17.0
2023-05-28,31.0,15.0,14.000000000000002,5.0,16.0
2023-05-29,34.0,16.0,15.0,6.0,20.0
2023-05-30,31.0,15.0,17.0,6.0,23.0
2023-05-31,37.0,17.0,17.0,6.0,23.0
2023-06-01,33.0,18.0,15.0,7.000000000000001,20.0
2023-06-02,33.0,18.0,26.0,6.0,20.0
2023-06-03,28.999999999999996,18.0,16.0,8.0,18.0
2023-06-04,27.0,18.0,13.0,6.0,17.0
2023-06-05,31.0,21.0,19.0,9.0,21.0
2023-06-06,32.0,21.0,18.0,10.0,21.0
2023-06-07,35.0,16.0,25.0,9.0,22.0
2023-06-08,34.0,14.000000000000002,19.0,7.000000000000001,26.0
2023-06-09,36.0,14.000000000000002,24.0,5.0,23.0
2023-06-10,31.0,13.0,16.0,4.0,24.0
2023-06-11,27.0,13.0,12.0,3.0,22.0
2023-06-12,33.0,13.0,17.0,4.0,25.0
2023-06-13,32.0,13.0,19.0,3.0,28.000000000000004
2023-06-14,34.0,12.0,26.0,6.0,30.0
2023-06-15,31.0,12.0,14.000000000000002,4.0,27.0
2023-06-16,31.0,12.0,12.0,4.0,25.0
2023-06-17,28.999999999999996,12.0,11.0,3.0,22.0
2023-06-18,28.999999999999996,11.0,8.0,3.0,17.0
2023-06-19,31.0,11.0,9.0,3.0,20.0
2023-06-20,34.0,12.0,9.0,3.0,17.0
2023-06-21,35.0,12.0,10.0,4.0,16.0
2023-06-22,34.0,12.0,10.0,3.0,14.000000000000002
2023-06-23,32.0,12.0,10.0,3.0,13.0
2023-06-24,33.0,11.0,9.0,3.0,12.0
2023-06-25,30.0,10.0,8.0,3.0,10.0
2023-06-26,33.0,11.0,9.0,4.0,13.0
2023-06-27,33.0,10.0,9.0,4.0,13.0
2023-06-27,34.0,11.0,9.0,4.0,14.000000000000002
2023-06-28,34.0,10.0,9.0,4.0,13.0
2023-06-29,33.0,10.0,9.0,4.0,12.0
2023-06-30,33.0,11.0,9.0,4.0,12.0
2023-07-01,35.0,11.0,7.000000000000001,3.0,12.0
2023-07-02,31.0,10.0,7.000000000000001,3.0,11.0
2023-07-03,44.0,11.0,9.0,4.0,14.000000000000002
2023-07-04,44.0,10.0,12.0,4.0,14.000000000000002
2023-07-05,46.0,11.0,11.0,4.0,21.0
2023-07-06,44.0,10.0,9.0,5.0,28.000000000000004
2023-07-07,41.0,10.0,10.0,4.0,23.0
2023-07-08,36.0,9.0,8.0,3.0,16.0
2023-07-09,42.0,9.0,8.0,3.0,13.0
2023-07-10,44.0,9.0,7.000000000000001,4.0,14.000000000000002
2023-07-11,51.0,11.0,9.0,4.0,14.000000000000002
2023-07-12,49.0,11.0,9.0,3.0,14.000000000000002
2023-07-13,57.99999999999999,10.0,8.0,3.0,13.0
2023-07-14,100.0,9.0,8.0,3.0,12.0
2023-07-15,70.0,9.0,8.0,3.0,11.0
2023-07-16,62.0,9.0,6.0,3.0,10.0
2023-07-17,82.0,9.0,7.000000000000001,4.0,11.0
2023-07-18,74.0,12.0,7.000000000000001,4.0,13.0
2023-07-19,70.0,13.0,7.000000000000001,4.0,13.0
2023-07-20,66.0,10.0,7.000000000000001,3.0,12.0
2023-07-21,57.99999999999999,10.0,6.0,4.0,12.0
2023-07-22,46.0,9.0,7.000000000000001,3.0,12.0
2023-07-23,46.0,8.0,7.000000000000001,3.0,9.0
2023-07-24,62.0,8.0,7.000000000000001,4.0,13.0
2023-07-25,56.99999999999999,9.0,8.0,7.000000000000001,26.0
2023-07-26,52.0,9.0,7.000000000000001,7.000000000000001,23.0
2023-07-27,47.0,9.0,7.000000000000001,5.0,17.0
2023-07-28,38.0,9.0,8.0,5.0,15.0
2023-07-29,34.0,9.0,8.0,4.0,13.0
2023-07-30,32.0,9.0,7.000000000000001,3.0,12.0
2023-07-31,37.0,10.0,8.0,6.0,14.000000000000002
2023-08-01,79.0,10.0,8.0,5.0,13.0
2023-08-02,70.0,11.0,8.0,4.0,14.000000000000002
2023-08-03,51.0,11.0,9.0,4.0,13.0
2023-08-04,42.0,10.0,7.000000000000001,3.0,13.0
2023-08-05,42.0,10.0,7.000000000000001,3.0,12.0
2023-08-06,34.0,9.0,7.000000000000001,3.0,10.0
2023-08-07,37.0,11.0,8.0,3.0,13.0
2023-08-08,43.0,11.0,8.0,4.0,13.0
2023-08-09,35.0,11.0,8.0,3.0,12.0
2023-08-10,34.0,11.0,8.0,3.0,13.0
2023-08-11,31.0,14.000000000000002,8.0,3.0,12.0
2023-08-12,31.0,13.0,8.0,3.0,12.0
2023-08-13,28.000000000000004,12.0,7.000000000000001,2.0,10.0
2023-08-14,28.999999999999996,12.0,7.000000000000001,3.0,11.0
2023-08-15,26.0,11.0,6.0,2.0,9.0
2023-08-16,32.0,14.000000000000002,7.000000000000001,3.0,13.0
2023-08-17,31.0,14.000000000000002,7.000000000000001,3.0,13.0
2023-08-18,32.0,13.0,8.0,3.0,13.0
2023-08-19,33.0,12.0,8.0,3.0,12.0
2023-08-20,28.999999999999996,12.0,7.000000000000001,3.0,10.0
2023-08-21,34.0,13.0,9.0,2.0,13.0
2023-08-22,31.0,14.000000000000002,10.0,3.0,14.000000000000002
2023-08-23,27.0,12.0,10.0,3.0,13.0
2023-08-24,32.0,14.000000000000002,13.0,3.0,13.0
2023-08-25,33.0,13.0,14.000000000000002,3.0,13.0
2023-08-26,30.0,14.000000000000002,10.0,3.0,13.0
2023-08-27,27.0,13.0,8.0,2.0,11.0
2023-08-28,33.0,14.000000000000002,11.0,3.0,13.0
2023-08-29,28.999999999999996,14.000000000000002,9.0,2.0,11.0
2023-08-30,27.0,13.0,6.0,2.0,9.0
2023-08-31,25.0,15.0,18.0,2.0,10.0
2023-09-01,31.0,20.0,13.0,3.0,12.0
2023-09-02,27.0,26.0,8.0,2.0,12.0
2023-09-03,27.0,22.0,8.0,2.0,10.0
2023-09-04,32.0,16.0,8.0,3.0,13.0
2023-09-05,27.0,11.0,8.0,3.0,13.0
2023-09-06,30.0,9.0,8.0,3.0,13.0
2023-09-07,28.000000000000004,8.0,7.000000000000001,3.0,11.0
2023-09-08,30.0,8.0,8.0,3.0,13.0
2023-09-09,31.0,8.0,11.0,3.0,13.0
2023-09-10,31.0,7.000000000000001,12.0,3.0,12.0
2023-09-11,34.0,6.0,13.0,3.0,14.000000000000002
2023-09-12,34.0,7.000000000000001,13.0,3.0,15.0
2023-09-13,34.0,7.000000000000001,12.0,3.0,15.0
2023-09-14,32.0,6.0,11.0,3.0,15.0
2023-09-15,31.0,7.000000000000001,15.0,3.0,14.000000000000002
2023-09-16,28.000000000000004,7.000000000000001,12.0,3.0,12.0
2023-09-17,26.0,6.0,9.0,2.0,10.0
2023-09-18,28.999999999999996,8.0,10.0,3.0,12.0
2023-09-19,41.0,8.0,9.0,3.0,14.000000000000002
2023-09-20,45.0,13.0,10.0,3.0,15.0
2023-09-21,33.0,10.0,10.0,4.0,14.000000000000002
2023-09-22,28.999999999999996,8.0,9.0,3.0,14.000000000000002
2023-09-23,31.0,9.0,12.0,3.0,13.0
2023-09-24,26.0,8.0,8.0,2.0,12.0
2023-09-25,30.0,15.0,7.000000000000001,4.0,14.000000000000002
2023-09-26,30.0,17.0,9.0,3.0,14.000000000000002
2023-09-27,34.0,11.0,9.0,3.0,14.000000000000002
2023-09-28,27.0,8.0,7.000000000000001,3.0,13.0
2023-09-29,32.0,8.0,7.000000000000001,3.0,13.0
2023-09-30,28.999999999999996,7.000000000000001,7.000000000000001,4.0,15.0
2023-10-01,26.0,7.000000000000001,6.0,3.0,24.0
2023-10-02,26.0,6.0,7.000000000000001,4.0,24.0
2023-10-03,28.000000000000004,6.0,7.000000000000001,4.0,25.0
2023-10-04,26.0,6.0,7.000000000000001,4.0,26.0
2023-10-05,26.0,6.0,7.000000000000001,3.0,24.0
2023-10-06,26.0,6.0,7.000000000000001,4.0,22.0
2023-10-07,26.0,7.000000000000001,7.000000000000001,3.0,21.0
2023-10-08,22.0,6.0,6.0,3.0,18.0
2023-10-09,27.0,6.0,6.0,3.0,20.0
2023-10-10,27.0,6.0,6.0,4.0,21.0
2023-10-11,27.0,5.0,6.0,4.0,20.0
2023-10-12,26.0,5.0,6.0,4.0,19.0
2023-10-13,24.0,5.0,5.0,4.0,18.0
2023-10-14,20.0,5.0,5.0,3.0,15.0
2023-10-15,21.0,4.0,4.0,2.0,15.0
2023-10-16,26.0,6.0,5.0,4.0,18.0
2023-10-17,25.0,5.0,5.0,3.0,18.0
2023-10-18,24.0,5.0,5.0,3.0,18.0
2023-10-19,23.0,5.0,5.0,3.0,18.0
2023-10-20,22.0,5.0,6.0,3.0,17.0
2023-10-21,21.0,5.0,5.0,3.0,18.0
2023-10-22,17.0,5.0,5.0,3.0,15.0
2023-10-23,18.0,4.0,5.0,3.0,16.0
2023-10-24,20.0,4.0,5.0,3.0,16.0
2023-10-25,27.0,5.0,5.0,3.0,20.0
2023-10-26,39.0,7.000000000000001,6.0,4.0,25.0
2023-10-27,31.0,7.000000000000001,6.0,4.0,26.0
2023-10-28,27.0,7.000000000000001,5.0,3.0,22.0
2023-10-29,23.0,6.0,5.0,3.0,18.0
2023-10-30,37.0,6.0,5.0,4.0,24.0
2023-10-31,35.0,6.0,5.0,4.0,26.0
2023-11-01,28.999999999999996,6.0,5.0,4.0,19.0
2023-11-02,28.999999999999996,6.0,6.0,6.0,21.0
2023-11-03,27.0,6.0,6.0,5.0,18.0
2023-11-04,26.0,6.0,5.0,4.0,18.0
2023-11-05,21.0,5.0,4.0,4.0,14.000000000000002
2023-11-06,26.0,6.0,5.0,4.0,18.0
2023-11-07,27.0,6.0,5.0,4.0,17.0
2023-11-08,26.0,5.0,6.0,4.0,16.0
2023-11-09,25.0,5.0,5.0,3.0,15.0
2023-11-10,22.0,4.0,5.0,3.0,13.0
2023-11-11,18.0,4.0,4.0,3.0,11.0
2023-11-12,12.0,3.0,4.0,2.0,8.0
2023-11-13,18.0,4.0,4.0,3.0,12.0
2023-11-14,21.0,4.0,3.0,3.0,14.000000000000002
2023-11-15,17.0,4.0,4.0,3.0,14.000000000000002
2023-11-16,21.0,5.0,4.0,4.0,16.0
2023-11-17,24.0,5.0,4.0,4.0,19.0
2023-11-18,23.0,4.0,4.0,4.0,19.0
2023-11-19,15.0,3.0,3.0,3.0,15.0
2023-11-20,24.0,5.0,5.0,4.0,20.0
2023-11-21,24.0,5.0,5.0,5.0,21.0
2023-11-22,23.0,5.0,5.0,4.0,20.0
2023-11-23,22.0,4.0,4.0,4.0,18.0
2023-11-24,23.0,4.0,4.0,4.0,19.0
2023-11-25,22.0,5.0,4.0,4.0,17.0
2023-11-26,21.0,5.0,4.0,4.0,17.0
2023-11-27,23.0,5.0,5.0,5.0,19.0
2023-11-28,25.0,5.0,4.0,5.0,20.0
2023-11-29,26.0,5.0,5.0,5.0,22.0
2023-11-30,26.0,6.0,5.0,6.0,23.0
2023-12-01,27.0,5.0,5.0,4.0,25.0
2023-12-02,25.0,5.0,5.0,4.0,27.0
2023-12-03,18.0,4.0,4.0,3.0,21.0
2023-12-04,33.0,5.0,5.0,4.0,31.0
2023-12-05,46.0,5.0,5.0,4.0,31.0
2023-12-06,34.0,5.0,5.0,5.0,36.0
2023-12-07,32.0,5.0,5.0,5.0,31.0
2023-12-08,28.000000000000004,5.0,5.0,4.0,26.0
2023-12-09,28.000000000000004,6.0,5.0,4.0,24.0
2023-12-10,25.0,6.0,5.0,3.0,23.0
2023-12-11,27.0,6.0,5.0,5.0,28.000000000000004
2023-12-12,28.000000000000004,6.0,6.0,5.0,26.0
2023-12-13,28.000000000000004,6.0,5.0,5.0,24.0
2023-12-14,25.0,6.0,5.0,5.0,18.0
2023-12-15,26.0,7.000000000000001,5.0,4.0,14.000000000000002
2023-12-16,27.0,7.000000000000001,5.0,5.0,12.0
2023-12-17,22.0,6.0,4.0,4.0,10.0
2023-12-18,27.0,6.0,4.0,6.0,12.0
2023-12-19,25.0,7.000000000000001,4.0,7.000000000000001,12.0
2023-12-20,25.0,14.000000000000002,4.0,8.0,12.0
2023-12-21,25.0,14.000000000000002,4.0,7.000000000000001,13.0
2023-12-22,26.0,12.0,4.0,6.0,12.0
2023-12-23,24.0,11.0,4.0,6.0,11.0
2023-12-24,25.0,11.0,4.0,6.0,10.0
2023-12-24,33.0,15.0,5.0,8.0,14.000000000000002
2023-12-25,32.0,16.0,5.0,10.0,17.0
2023-12-26,36.0,15.0,5.0,13.0,20.0
2023-12-27,36.0,16.0,5.0,12.0,24.0
2023-12-28,37.0,15.0,6.0,9.0,22.0
2023-12-29,34.0,15.0,5.0,6.0,25.0
2023-12-30,34.0,13.0,5.0,4.0,25.0
2023-12-31,28.000000000000004,11.0,5.0,4.0,21.0
2024-01-01,30.0,12.0,5.0,4.0,22.0
2024-01-02,40.0,15.0,6.0,5.0,26.0
2024-01-03,40.0,15.0,5.0,5.0,41.0
2024-01-04,40.0,15.0,6.0,5.0,46.0
2024-01-05,42.0,15.0,7.000000000000001,5.0,30.0
2024-01-06,40.0,16.0,6.0,9.0,23.0
2024-01-07,35.0,16.0,6.0,7.000000000000001,19.0
2024-01-08,40.0,20.0,8.0,6.0,20.0
2024-01-09,44.0,19.0,7.000000000000001,5.0,21.0
2024-01-10,43.0,13.0,7.000000000000001,4.0,19.0
2024-01-11,40.0,12.0,6.0,4.0,17.0
2024-01-12,38.0,9.0,6.0,4.0,15.0
2024-01-13,37.0,10.0,5.0,4.0,13.0
2024-01-14,31.0,8.0,4.0,3.0,12.0
2024-01-15,35.0,9.0,5.0,4.0,13.0
2024-01-16,41.0,9.0,6.0,3.0,18.0
2024-01-17,40.0,9.0,6.0,4.0,72.0
2024-01-18,45.0,9.0,5.0,3.0,56.00000000000001
2024-01-19,41.0,8.0,5.0,4.0,65.0
2024-01-20,36.0,8.0,5.0,4.0,27.0
2024-01-21,43.0,7.000000000000001,4.0,3.0,21.0
2024-01-22,33.0,6.0,3.0,3.0,16.0
2024-01-23,45.0,8.0,5.0,4.0,23.0
2024-01-24,41.0,9.0,6.0,5.0,22.0
2024-01-25,40.0,8.0,6.0,5.0,19.0
2024-01-26,36.0,9.0,5.0,4.0,14.000000000000002
2024-01-27,41.0,11.0,5.0,4.0,17.0
2024-01-28,51.0,12.0,5.0,4.0,16.0
2024-01-29,55.00000000000001,10.0,5.0,4.0,16.0
2024-01-30,47.0,8.0,5.0,5.0,19.0
2024-01-31,43.0,8.0,5.0,5.0,18.0
2024-02-01,39.0,8.0,6.0,5.0,17.0
2024-02-02,35.0,8.0,6.0,4.0,18.0
2024-02-03,33.0,8.0,5.0,4.0,16.0
2024-02-04,28.999999999999996,8.0,5.0,10.0,14.000000000000002
2024-02-05,35.0,7.000000000000001,6.0,7.000000000000001,17.0
2024-02-06,35.0,7.000000000000001,6.0,6.0,16.0
2024-02-07,36.0,8.0,6.0,5.0,17.0
2024-02-08,33.0,9.0,7.000000000000001,5.0,17.0
2024-02-09,33.0,8.0,6.0,5.0,16.0
2024-02-10,31.0,8.0,6.0,4.0,16.0
2024-02-11,28.000000000000004,7.000000000000001,6.0,4.0,13.0
2024-02-12,31.0,7.000000000000001,6.0,5.0,16.0
2024-02-13,31.0,8.0,6.0,6.0,15.0
2024-02-14,28.000000000000004,7.000000000000001,6.0,5.0,13.0
2024-02-15,31.0,7.000000000000001,7.000000000000001,5.0,17.0
2024-02-16,32.0,7.000000000000001,6.0,6.0,16.0
2024-02-17,30.0,7.000000000000001,6.0,5.0,15.0
2024-02-18,31.0,6.0,5.0,4.0,14.000000000000002
2024-02-19,35.0,7.000000000000001,6.0,9.0,17.0
2024-02-20,36.0,7.000000000000001,6.0,7.000000000000001,17.0
2024-02-21,36.0,7.000000000000001,6.0,6.0,17.0
2024-02-22,37.0,7.000000000000001,6.0,5.0,18.0
2024-02-23,36.0,8.0,6.0,5.0,16.0
2024-02-24,32.0,7.000000000000001,6.0,4.0,14.000000000000002
2024-02-25,35.0,7.000000000000001,5.0,4.0,13.0
2024-02-26,36.0,7.000000000000001,6.0,5.0,16.0
2024-02-27,35.0,7.000000000000001,6.0,4.0,18.0
2024-02-28,38.0,8.0,6.0,4.0,17.0
2024-02-29,38.0,8.0,6.0,5.0,19.0
2024-03-01,39.0,7.000000000000001,5.0,5.0,18.0
2024-03-02,36.0,8.0,5.0,4.0,16.0
2024-03-03,33.0,8.0,5.0,3.0,13.0
2024-03-04,36.0,9.0,5.0,4.0,15.0
2024-03-05,36.0,9.0,5.0,4.0,17.0
2024-03-06,35.0,9.0,6.0,4.0,17.0
2024-03-07,32.0,9.0,7.000000000000001,4.0,17.0
2024-03-08,27.0,9.0,5.0,3.0,12.0
2024-03-09,33.0,13.0,5.0,3.0,15.0
2024-03-10,28.999999999999996,11.0,5.0,4.0,13.0
2024-03-11,33.0,12.0,6.0,4.0,17.0
2024-03-12,35.0,13.0,6.0,4.0,18.0
2024-03-13,34.0,14.000000000000002,7.000000000000001,4.0,18.0
2024-03-14,35.0,15.0,6.0,4.0,18.0
2024-03-15,33.0,14.000000000000002,6.0,3.0,18.0
2024-03-16,31.0,13.0,6.0,4.0,16.0
2024-03-17,28.999999999999996,13.0,5.0,3.0,14.000000000000002
2024-03-18,35.0,14.000000000000002,5.0,4.0,18.0
2024-03-19,36.0,14.000000000000002,5.0,4.0,18.0
2024-03-20,33.0,14.000000000000002,4.0,4.0,18.0
2024-03-21,32.0,15.0,5.0,4.0,18.0
2024-03-22,28.999999999999996,14.000000000000002,4.0,3.0,17.0
2024-03-23,27.0,13.0,4.0,3.0,15.0
2024-03-24,21.0,10.0,3.0,3.0,11.0
2024-03-25,18.0,9.0,3.0,2.0,10.0
2024-03-26,26.0,13.0,4.0,4.0,14.000000000000002
2024-03-27,28.000000000000004,14.000000000000002,4.0,4.0,18.0
2024-03-28,28.999999999999996,15.0,3.0,4.0,23.0
2024-03-29,28.999999999999996,14.000000000000002,4.0,4.0,18.0
2024-03-30,28.999999999999996,14.000000000000002,4.0,4.0,17.0
2024-03-31,27.0,14.000000000000002,4.0,3.0,15.0
2024-04-01,35.0,17.0,4.0,4.0,19.0
2024-04-02,34.0,18.0,5.0,4.0,20.0
2024-04-03,32.0,20.0,4.0,4.0,20.0
2024-04-04,33.0,20.0,5.0,5.0,19.0
2024-04-05,32.0,18.0,4.0,4.0,19.0
2024-04-06,31.0,19.0,4.0,4.0,18.0
2024-04-07,28.999999999999996,19.0,4.0,3.0,16.0
2024-04-08,30.0,18.0,5.0,4.0,19.0
2024-04-09,36.0,19.0,4.0,4.0,18.0
2024-04-10,30.0,20.0,4.0,4.0,18.0
2024-04-11,32.0,20.0,4.0,4.0,17.0
2024-04-12,36.0,25.0,4.0,4.0,18.0
2024-04-13,32.0,23.0,4.0,4.0,18.0
2024-04-14,27.0,21.0,4.0,3.0,15.0
2024-04-15,30.0,23.0,4.0,4.0,18.0
2024-04-16,30.0,20.0,4.0,4.0,18.0
2024-04-17,30.0,20.0,4.0,4.0,17.0
2024-04-18,28.000000000000004,23.0,4.0,4.0,18.0
2024-04-19,28.999999999999996,28.999999999999996,4.0,4.0,19.0
2024-04-20,27.0,37.0,4.0,4.0,24.0
2024-04-21,27.0,31.0,4.0,4.0,33.0
2024-04-22,30.0,24.0,5.0,5.0,38.0
2024-04-23,30.0,18.0,4.0,5.0,36.0
2024-04-24,31.0,15.0,4.0,5.0,32.0
2024-04-25,34.0,14.000000000000002,5.0,5.0,32.0
2024-04-26,31.0,12.0,5.0,4.0,28.000000000000004
2024-04-27,31.0,10.0,5.0,5.0,28.000000000000004
2024-04-28,28.999999999999996,8.0,5.0,4.0,25.0
2024-04-29,35.0,10.0,6.0,5.0,37.0
2024-04-30,35.0,10.0,5.0,5.0,33.0
2024-05-01,36.0,11.0,6.0,7.000000000000001,35.0
2024-05-02,36.0,10.0,5.0,9.0,35.0
2024-05-03,34.0,10.0,5.0,8.0,37.0
2024-05-04,33.0,10.0,5.0,7.000000000000001,33.0
2024-05-05,31.0,10.0,4.0,6.0,33.0
2024-05-06,34.0,12.0,5.0,8.0,40.0
2024-05-07,35.0,10.0,5.0,7.000000000000001,37.0
2024-05-08,32.0,10.0,5.0,7.000000000000001,37.0
2024-05-09,34.0,18.0,5.0,7.000000000000001,39.0
2024-05-10,30.0,15.0,5.0,7.000000000000001,37.0
2024-05-11,37.0,12.0,6.0,6.0,30.0
2024-05-12,30.0,10.0,5.0,5.0,25.0
2024-05-13,32.0,12.0,5.0,7.000000000000001,32.0
2024-05-14,34.0,12.0,5.0,7.000000000000001,35.0
2024-05-15,32.0,18.0,5.0,7.000000000000001,35.0
2024-05-16,32.0,20.0,5.0,7.000000000000001,31.0
2024-05-17,35.0,21.0,6.0,7.000000000000001,33.0
2024-05-18,35.0,18.0,5.0,7.000000000000001,30.0
2024-05-19,33.0,18.0,5.0,6.0,27.0
2024-05-20,36.0,19.0,5.0,8.0,31.0
2024-05-21,34.0,17.0,5.0,10.0,32.0
2024-05-22,35.0,18.0,5.0,7.000000000000001,28.999999999999996
2024-05-23,33.0,16.0,5.0,6.0,27.0
2024-05-24,32.0,19.0,5.0,6.0,27.0
2024-05-25,33.0,18.0,4.0,6.0,26.0
2024-05-26,31.0,15.0,4.0,6.0,24.0
2024-05-27,36.0,18.0,5.0,7.000000000000001,30.0
2024-05-28,37.0,18.0,5.0,6.0,28.999999999999996
2024-05-29,32.0,17.0,5.0,6.0,28.999999999999996
2024-05-30,36.0,18.0,5.0,6.0,28.999999999999996
2024-05-31,37.0,18.0,6.0,6.0,28.999999999999996
2024-06-01,36.0,22.0,5.0,5.0,30.0
2024-06-02,33.0,24.0,5.0,5.0,27.0
2024-06-03,37.0,28.000000000000004,6.0,6.0,33.0
2024-06-04,21.0,48.0,3.0,4.0,19.0
2024-06-05,36.0,25.0,5.0,6.0,31.0
2024-06-06,35.0,15.0,5.0,6.0,31.0
2024-06-07,35.0,15.0,5.0,6.0,33.0
2024-06-08,34.0,12.0,5.0,6.0,33.0
2024-06-09,31.0,11.0,4.0,5.0,30.0
2024-06-10,39.0,11.0,5.0,7.000000000000001,38.0
2024-06-11,47.0,11.0,7.000000000000001,7.000000000000001,48.0
2024-06-12,43.0,10.0,4.0,6.0,44.0
2024-06-13,40.0,9.0,5.0,7.000000000000001,46.0
2024-06-14,42.0,9.0,8.0,7.000000000000001,56.00000000000001
2024-06-15,39.0,9.0,10.0,7.000000000000001,52.0
2024-06-16,41.0,9.0,7.000000000000001,7.000000000000001,48.0
2024-06-17,40.0,10.0,9.0,8.0,83.0
2024-06-18,42.0,10.0,10.0,8.0,98.0
2024-06-19,43.0,12.0,9.0,9.0,100.0
2024-06-20,46.0,11.0,9.0,12.0,80.0
2024-06-21,20.0,6.0,4.0,6.0,18.0
2024-06-21,42.0,12.0,8.0,14.000000000000002,39.0
2024-06-22,20.0,5.0,4.0,4.0,15.0
2024-06-23,21.0,5.0,3.0,2.0,12.0
2024-06-24,50.0,5.0,4.0,3.0,13.0
2024-06-25,52.0,6.0,5.0,3.0,12.0
2024-06-26,45.0,5.0,5.0,3.0,12.0
2024-06-27,39.0,5.0,4.0,3.0,11.0
2024-06-28,37.0,5.0,4.0,3.0,11.0
2024-06-29,30.0,4.0,4.0,2.0,12.0
2024-06-30,30.0,4.0,4.0,2.0,8.0
2024-07-01,38.0,4.0,4.0,2.0,11.0
2024-07-02,39.0,3.0,5.0,3.0,12.0
2024-07-03,36.0,4.0,4.0,3.0,10.0
2024-07-04,35.0,3.0,4.0,3.0,9.0
2024-07-05,33.0,3.0,4.0,3.0,9.0
2024-07-06,32.0,3.0,4.0,2.0,9.0
2024-07-07,28.000000000000004,3.0,3.0,2.0,7.000000000000001
2024-07-08,34.0,4.0,4.0,3.0,10.0
2024-07-09,36.0,3.0,5.0,3.0,10.0
2024-07-10,33.0,3.0,5.0,3.0,10.0
2024-07-11,38.0,3.0,4.0,3.0,11.0
2024-07-12,34.0,3.0,4.0,3.0,11.0
2024-07-13,31.0,3.0,4.0,3.0,9.0
2024-07-14,30.0,3.0,3.0,2.0,8.0
2024-07-15,34.0,3.0,4.0,3.0,11.0
2024-07-16,37.0,3.0,4.0,3.0,10.0
2024-07-17,33.0,4.0,4.0,3.0,10.0
2024-07-18,36.0,3.0,4.0,3.0,10.0
2024-07-19,38.0,4.0,4.0,3.0,10.0
2024-07-20,35.0,3.0,4.0,3.0,10.0
2024-07-21,32.0,3.0,3.0,3.0,8.0
2024-07-22,41.0,3.0,4.0,4.0,11.0
2024-07-23,48.0,4.0,4.0,4.0,11.0
2024-07-24,51.0,4.0,4.0,5.0,11.0
2024-07-25,35.0,3.0,4.0,6.0,10.0
2024-07-26,33.0,3.0,4.0,6.0,10.0
2024-07-27,34.0,3.0,4.0,4.0,9.0
2024-07-28,23.0,3.0,4.0,3.0,8.0
2024-07-29,26.0,4.0,4.0,3.0,11.0
2024-07-30,25.0,4.0,4.0,2.0,10.0
2024-07-31,24.0,4.0,4.0,2.0,10.0
2024-08-01,26.0,4.0,4.0,2.0,11.0
2024-08-02,21.0,4.0,4.0,2.0,12.0
2024-08-03,21.0,4.0,4.0,2.0,11.0
2024-08-04,20.0,4.0,4.0,2.0,9.0
2024-08-05,23.0,4.0,4.0,2.0,11.0
2024-08-06,21.0,4.0,4.0,3.0,12.0
2024-08-07,22.0,4.0,4.0,3.0,11.0
2024-08-08,31.0,4.0,4.0,3.0,12.0
2024-08-09,28.999999999999996,4.0,4.0,5.0,12.0
2024-08-10,33.0,4.0,4.0,3.0,11.0
2024-08-11,25.0,4.0,3.0,2.0,10.0
2024-08-12,24.0,4.0,3.0,2.0,13.0
2024-08-13,24.0,4.0,4.0,2.0,13.0
2024-08-14,21.0,5.0,3.0,2.0,11.0
2024-08-15,18.0,4.0,3.0,1.0,10.0
2024-08-16,21.0,5.0,4.0,2.0,12.0
2024-08-17,20.0,5.0,3.0,2.0,12.0
2024-08-18,20.0,5.0,2.0,1.0,10.0
2024-08-19,17.0,4.0,2.0,1.0,9.0
2024-08-20,23.0,6.0,3.0,2.0,14.000000000000002
2024-08-21,23.0,6.0,3.0,2.0,20.0
2024-08-22,25.0,6.0,3.0,2.0,18.0
2024-08-23,24.0,8.0,3.0,2.0,15.0
2024-08-24,27.0,8.0,4.0,2.0,13.0
2024-08-25,27.0,7.000000000000001,3.0,2.0,12.0
2024-08-26,26.0,6.0,3.0,1.0,12.0
2024-08-27,34.0,8.0,3.0,2.0,16.0
2024-08-28,38.0,9.0,3.0,2.0,17.0
2024-08-29,37.0,9.0,3.0,2.0,17.0
2024-08-30,35.0,11.0,4.0,2.0,14.000000000000002
2024-08-31,32.0,14.000000000000002,3.0,2.0,12.0
2024-09-01,30.0,12.0,3.0,2.0,12.0
2024-09-02,38.0,9.0,3.0,2.0,14.000000000000002
2024-09-03,38.0,6.0,4.0,2.0,13.0
2024-09-04,37.0,4.0,4.0,2.0,11.0
2024-09-05,38.0,4.0,4.0,2.0,9.0
2024-09-06,39.0,3.0,4.0,2.0,8.0
2024-09-07,34.0,3.0,3.0,2.0,9.0
2024-09-08,39.0,3.0,3.0,2.0,10.0
2024-09-09,100.0,2.0,4.0,2.0,10.0
2024-09-10,76.0,2.0,4.0,2.0,10.0
2024-09-11,66.0,3.0,4.0,3.0,15.0
2024-09-12,56.00000000000001,3.0,4.0,4.0,17.0
2024-09-13,47.0,3.0,4.0,4.0,13.0
2024-09-14,38.0,3.0,4.0,3.0,11.0
2024-09-15,34.0,3.0,3.0,2.0,9.0
2024-09-16,39.0,3.0,4.0,2.0,10.0
2024-09-17,45.0,3.0,3.0,2.0,10.0
2024-09-18,48.0,4.0,4.0,3.0,11.0
2024-09-19,46.0,4.0,4.0,3.0,11.0
2024-09-20,40.0,7.000000000000001,4.0,2.0,11.0
2024-09-21,39.0,6.0,4.0,2.0,11.0
2024-09-22,35.0,4.0,3.0,2.0,10.0
2024-09-23,43.0,4.0,3.0,3.0,12.0
2024-09-24,41.0,4.0,3.0,2.0,13.0
2024-09-25,37.0,4.0,3.0,2.0,13.0
2024-09-26,36.0,3.0,3.0,2.0,13.0
2024-09-27,27.0,3.0,3.0,2.0,13.0
2024-09-28,25.0,3.0,3.0,2.0,12.0
2024-09-29,24.0,3.0,3.0,2.0,11.0
2024-09-30,34.0,3.0,3.0,2.0,15.0
2024-10-01,37.0,3.0,3.0,3.0,14.000000000000002
2024-10-02,33.0,2.0,3.0,2.0,10.0
2024-10-03,83.0,2.0,3.0,2.0,13.0
2024-10-04,99.0,2.0,3.0,2.0,13.0
2024-10-05,44.0,2.0,3.0,2.0,11.0
2024-10-06,27.0,2.0,3.0,2.0,9.0
2024-10-07,26.0,2.0,3.0,1.0,11.0
2024-10-08,21.0,2.0,3.0,2.0,11.0
2024-10-09,19.0,2.0,3.0,2.0,10.0
2024-10-10,18.0,1.0,9.0,1.0,9.0
2024-10-11,15.0,1.0,12.0,2.0,13.0
2024-10-12,14.000000000000002,1.0,11.0,1.0,12.0
2024-10-13,15.0,1.0,10.0,1.0,11.0
2024-10-14,20.0,2.0,13.0,3.0,15.0
2024-10-15,19.0,2.0,11.0,4.0,17.0
2024-10-16,18.0,2.0,10.0,3.0,16.0
2024-10-17,19.0,2.0,8.0,3.0,22.0
2024-10-18,18.0,2.0,8.0,3.0,21.0
2024-10-19,17.0,2.0,6.0,2.0,12.0
2024-10-20,17.0,2.0,5.0,2.0,9.0
2024-10-21,21.0,2.0,6.0,2.0,11.0
2024-10-22,20.0,2.0,6.0,2.0,10.0
2024-10-23,18.0,2.0,6.0,2.0,9.0
2024-10-24,17.0,2.0,7.000000000000001,2.0,10.0
2024-10-25,16.0,3.0,7.000000000000001,2.0,8.0
2024-10-26,16.0,2.0,7.000000000000001,2.0,7.000000000000001
2024-10-27,15.0,2.0,7.000000000000001,1.0,6.0
2024-10-28,17.0,2.0,6.0,2.0,7.000000000000001
2024-10-29,14.000000000000002,2.0,6.0,1.0,6.0
2024-10-30,12.0,2.0,5.0,1.0,5.0
2024-10-31,8.0,2.0,3.0,1.0,3.0
2024-11-01,13.0,2.0,4.0,1.0,5.0
2024-11-02,14.000000000000002,2.0,4.0,1.0,6.0
2024-11-03,15.0,2.0,5.0,1.0,6.0
2024-11-04,17.0,2.0,7.000000000000001,2.0,7.000000000000001
2024-11-05,17.0,2.0,7.000000000000001,2.0,8.0
2024-11-06,16.0,2.0,8.0,2.0,7.000000000000001
2024-11-07,16.0,2.0,8.0,2.0,7.000000000000001
2024-11-08,16.0,2.0,9.0,2.0,7.000000000000001
2024-11-09,17.0,2.0,9.0,2.0,7.000000000000001
2024-11-10,16.0,2.0,9.0,2.0,6.0
2024-11-11,18.0,2.0,9.0,2.0,8.0
2024-11-12,17.0,2.0,8.0,2.0,7.000000000000001
2024-11-13,17.0,2.0,9.0,2.0,8.0
2024-11-14,17.0,2.0,8.0,2.0,8.0
2024-11-15,16.0,2.0,8.0,2.0,6.0
2024-11-16,17.0,2.0,8.0,2.0,8.0
2024-11-17,15.0,2.0,7.000000000000001,2.0,6.0
2024-11-18,19.0,2.0,8.0,2.0,7.000000000000001
2024-11-19,22.0,2.0,9.0,2.0,10.0
2024-11-20,20.0,2.0,8.0,3.0,17.0
2024-11-21,21.0,2.0,8.0,2.0,14.000000000000002
2024-11-22,18.0,2.0,7.000000000000001,2.0,13.0
2024-11-23,15.0,2.0,7.000000000000001,2.0,11.0
2024-11-24,18.0,2.0,6.0,2.0,11.0
2024-11-25,19.0,2.0,8.0,2.0,13.0
2024-11-26,18.0,2.0,9.0,2.0,13.0
2024-11-27,18.0,2.0,8.0,2.0,13.0
2024-11-28,18.0,2.0,8.0,2.0,12.0
2024-11-29,19.0,2.0,8.0,2.0,12.0
2024-11-30,17.0,2.0,8.0,2.0,11.0
2024-12-01,16.0,2.0,7.000000000000001,2.0,10.0
2024-12-02,20.0,2.0,9.0,2.0,13.0
2024-12-03,20.0,2.0,9.0,3.0,13.0
2024-12-04,19.0,2.0,10.0,2.0,14.000000000000002
2024-12-05,45.0,2.0,10.0,2.0,13.0
2024-12-06,28.999999999999996,2.0,9.0,2.0,14.000000000000002
2024-12-07,23.0,2.0,9.0,2.0,13.0
2024-12-08,19.0,2.0,8.0,2.0,13.0
2024-12-09,20.0,2.0,12.0,4.0,17.0
2024-12-10,20.0,2.0,11.0,4.0,19.0
2024-12-11,18.0,6.0,18.0,3.0,17.0
2024-12-12,17.0,8.0,19.0,3.0,13.0
2024-12-13,16.0,7.000000000000001,15.0,3.0,13.0
2024-12-14,17.0,6.0,15.0,2.0,12.0
2024-12-15,15.0,6.0,14.000000000000002,2.0,10.0
2024-12-16,22.0,6.0,23.0,3.0,13.0
2024-12-17,21.0,6.0,21.0,3.0,14.000000000000002
2024-12-18,18.0,6.0,22.0,3.0,13.0
2024-12-18,25.0,9.0,31.0,4.0,19.0
2024-12-19,27.0,9.0,31.0,4.0,20.0
2024-12-20,26.0,8.0,32.0,4.0,22.0
2024-12-21,24.0,8.0,27.0,3.0,19.0
2024-12-22,22.0,8.0,25.0,4.0,18.0
2024-12-23,26.0,8.0,28.000000000000004,4.0,21.0
2024-12-24,24.0,8.0,26.0,4.0,22.0
2024-12-25,25.0,8.0,25.0,4.0,18.0
2024-12-26,23.0,9.0,24.0,5.0,21.0
2024-12-27,22.0,8.0,26.0,4.0,20.0
2024-12-28,22.0,8.0,25.0,4.0,21.0
2024-12-29,22.0,9.0,22.0,4.0,20.0
2024-12-30,23.0,12.0,27.0,5.0,21.0
2024-12-31,21.0,11.0,21.0,4.0,18.0
2025-01-01,20.0,7.000000000000001,22.0,3.0,17.0
2025-01-02,28.000000000000004,5.0,26.0,4.0,27.0
2025-01-03,25.0,4.0,28.000000000000004,4.0,27.0
2025-01-04,25.0,4.0,27.0,4.0,27.0
2025-01-05,24.0,4.0,28.000000000000004,4.0,24.0
2025-01-06,27.0,4.0,30.0,4.0,30.0
2025-01-07,26.0,4.0,26.0,4.0,28.999999999999996
2025-01-08,27.0,4.0,28.999999999999996,3.0,27.0
2025-01-09,27.0,4.0,28.000000000000004,4.0,23.0
2025-01-10,23.0,4.0,27.0,3.0,19.0
2025-01-11,23.0,4.0,23.0,3.0,16.0
2025-01-12,22.0,4.0,22.0,3.0,13.0
2025-01-13,23.0,4.0,22.0,3.0,14.000000000000002
2025-01-14,23.0,3.0,20.0,3.0,12.0
2025-01-15,24.0,4.0,25.0,4.0,14.000000000000002
2025-01-16,27.0,4.0,25.0,4.0,13.0
2025-01-17,27.0,3.0,24.0,4.0,11.0
2025-01-18,57.99999999999999,3.0,26.0,3.0,11.0
2025-01-19,28.999999999999996,3.0,24.0,3.0,10.0
2025-01-20,43.0,3.0,25.0,3.0,13.0
2025-01-21,66.0,3.0,25.0,4.0,12.0
2025-01-22,48.0,4.0,25.0,4.0,11.0
2025-01-23,36.0,4.0,28.999999999999996,4.0,11.0
2025-01-24,31.0,4.0,28.999999999999996,3.0,11.0
2025-01-25,25.0,3.0,25.0,3.0,10.0
2025-01-26,22.0,3.0,23.0,2.0,9.0
2025-01-27,27.0,4.0,28.999999999999996,4.0,13.0
2025-01-28,27.0,3.0,27.0,4.0,12.0
2025-01-29,24.0,4.0,28.000000000000004,3.0,10.0
2025-01-30,23.0,4.0,26.0,4.0,11.0
2025-01-31,22.0,4.0,27.0,3.0,21.0
2025-02-01,21.0,3.0,26.0,3.0,25.0
2025-02-02,19.0,3.0,23.0,3.0,16.0
2025-02-03,21.0,3.0,27.0,3.0,17.0
2025-02-04,21.0,3.0,27.0,4.0,15.0
2025-02-05,20.0,4.0,28.999999999999996,4.0,13.0
2025-02-06,21.0,3.0,31.0,4.0,13.0
2025-02-07,21.0,3.0,30.0,4.0,12.0
2025-02-08,20.0,3.0,28.000000000000004,3.0,10.0
2025-02-09,19.0,3.0,27.0,3.0,10.0
2025-02-10,21.0,3.0,33.0,3.0,15.0
2025-02-11,20.0,3.0,34.0,3.0,14.000000000000002
2025-02-12,20.0,3.0,31.0,4.0,15.0
2025-02-13,22.0,3.0,32.0,3.0,14.000000000000002
2025-02-14,20.0,2.0,32.0,3.0,15.0
2025-02-15,19.0,2.0,33.0,3.0,15.0
2025-02-16,20.0,3.0,30.0,3.0,13.0
2025-02-17,20.0,3.0,33.0,4.0,16.0
2025-02-18,21.0,3.0,36.0,4.0,16.0
2025-02-19,22.0,3.0,56.00000000000001,4.0,14.000000000000002
2025-02-20,23.0,3.0,67.0,5.0,15.0
2025-02-21,21.0,3.0,55.00000000000001,4.0,18.0
2025-02-22,23.0,3.0,49.0,4.0,22.0
2025-02-23,22.0,3.0,46.0,4.0,26.0
2025-02-24,26.0,4.0,56.99999999999999,6.0,20.0
2025-02-25,23.0,3.0,56.99999999999999,7.000000000000001,15.0
2025-02-26,21.0,3.0,61.0,5.0,11.0
2025-02-27,22.0,3.0,100.0,7.000000000000001,12.0
2025-02-28,21.0,4.0,71.0,9.0,14.000000000000002
2025-03-01,21.0,4.0,36.0,6.0,12.0
2025-03-02,19.0,4.0,23.0,5.0,10.0
2025-03-03,24.0,4.0,21.0,4.0,13.0
2025-03-04,25.0,4.0,14.000000000000002,3.0,12.0
2025-03-05,25.0,4.0,14.000000000000002,3.0,13.0
2025-03-06,21.0,4.0,11.0,3.0,12.0
2025-03-07,22.0,4.0,13.0,3.0,12.0
2025-03-08,22.0,4.0,10.0,2.0,11.0
2025-03-09,18.0,4.0,7.000000000000001,2.0,8.0
2025-03-10,21.0,4.0,9.0,2.0,11.0
2025-03-11,25.0,5.0,8.0,4.0,11.0
2025-03-12,30.0,5.0,7.000000000000001,5.0,10.0
2025-03-13,59.0,5.0,6.0,3.0,9.0
2025-03-14,28.999999999999996,4.0,6.0,2.0,7.000000000000001
2025-03-15,31.0,6.0,18.0,2.0,9.0
2025-03-16,28.000000000000004,6.0,12.0,2.0,9.0
2025-03-17,28.000000000000004,7.000000000000001,13.0,2.0,11.0
2025-03-18,35.0,8.0,12.0,2.0,11.0
2025-03-19,31.0,7.000000000000001,38.0,3.0,11.0
2025-03-20,27.0,7.000000000000001,71.0,2.0,12.0
2025-03-21,27.0,8.0,30.0,2.0,12.0
2025-03-22,24.0,6.0,21.0,2.0,11.0
2025-03-23,24.0,6.0,18.0,2.0,9.0
2025-03-24,28.999999999999996,8.0,21.0,2.0,12.0
2025-03-25,24.0,8.0,47.0,3.0,12.0
2025-03-26,27.0,6.0,26.0,3.0,12.0
2025-03-27,25.0,7.000000000000001,17.0,2.0,11.0
2025-03-28,23.0,8.0,14.000000000000002,2.0,10.0
2025-03-29,22.0,7.000000000000001,12.0,2.0,10.0
2025-03-30,22.0,7.000000000000001,10.0,2.0,8.0
2025-03-31,23.0,8.0,11.0,2.0,9.0
2025-04-01,27.0,9.0,11.0,2.0,10.0
2025-04-02,25.0,9.0,10.0,3.0,11.0
2025-04-03,24.0,13.0,9.0,3.0,11.0
2025-04-04,26.0,10.0,10.0,3.0,11.0
2025-04-05,24.0,10.0,10.0,2.0,10.0
2025-04-06,20.0,9.0,8.0,2.0,9.0
2025-04-07,22.0,10.0,9.0,3.0,11.0
2025-04-08,26.0,10.0,9.0,3.0,12.0
2025-04-09,24.0,12.0,9.0,3.0,11.0
2025-04-10,22.0,12.0,9.0,3.0,11.0
2025-04-11,23.0,15.0,9.0,3.0,10.0
2025-04-12,21.0,20.0,8.0,3.0,9.0
2025-04-13,20.0,16.0,8.0,3.0,8.0
2025-04-14,23.0,12.0,8.0,3.0,9.0
2025-04-15,23.0,9.0,9.0,3.0,11.0
2025-04-16,25.0,8.0,9.0,3.0,15.0
2025-04-17,26.0,7.000000000000001,9.0,6.0,20.0
2025-04-18,23.0,6.0,9.0,7.000000000000001,18.0
2025-04-19,22.0,7.000000000000001,8.0,5.0,17.0
2025-04-20,21.0,5.0,8.0,4.0,14.000000000000002
2025-04-21,24.0,5.0,9.0,4.0,16.0
2025-04-22,24.0,5.0,9.0,3.0,17.0
2025-04-23,24.0,6.0,9.0,3.0,16.0
2025-04-24,26.0,5.0,8.0,3.0,16.0
2025-04-25,24.0,5.0,9.0,3.0,16.0
2025-04-26,23.0,5.0,8.0,3.0,15.0
2025-04-27,21.0,5.0,8.0,2.0,15.0
2025-04-28,24.0,12.0,9.0,3.0,16.0
2025-04-29,25.0,9.0,8.0,3.0,17.0
2025-04-30,24.0,6.0,8.0,4.0,16.0
2025-05-01,25.0,6.0,8.0,5.0,18.0
2025-05-02,23.0,6.0,8.0,4.0,19.0
2025-05-03,23.0,6.0,8.0,3.0,19.0
2025-05-04,23.0,6.0,8.0,3.0,18.0
2025-05-05,24.0,7.000000000000001,9.0,3.0,23.0
2025-05-06,23.0,6.0,8.0,3.0,23.0
2025-05-07,20.0,6.0,8.0,3.0,21.0
2025-05-08,22.0,6.0,31.0,3.0,18.0
2025-05-09,23.0,7.000000000000001,17.0,2.0,15.0
2025-05-10,22.0,7.000000000000001,12.0,2.0,14.000000000000002
2025-05-11,22.0,7.000000000000001,11.0,2.0,14.000000000000002
2025-05-12,25.0,7.000000000000001,11.0,2.0,17.0
2025-05-13,25.0,7.000000000000001,10.0,3.0,17.0
2025-05-14,25.0,8.0,10.0,3.0,17.0
2025-05-15,25.0,7.000000000000001,11.0,3.0,17.0
2025-05-16,24.0,5.0,9.0,3.0,15.0
2025-05-17,22.0,5.0,9.0,2.0,15.0
2025-05-18,22.0,5.0,7.000000000000001,2.0,14.000000000000002
2025-05-19,24.0,5.0,8.0,3.0,16.0
2025-05-20,26.0,5.0,7.000000000000001,3.0,16.0
2025-05-21,24.0,6.0,8.0,3.0,16.0
2025-05-22,26.0,6.0,8.0,3.0,16.0
2025-05-23,25.0,6.0,6.0,2.0,16.0
2025-05-24,23.0,6.0,6.0,2.0,15.0
2025-05-25,22.0,6.0,6.0,2.0,13.0
2025-05-26,26.0,5.0,6.0,2.0,16.0
2025-05-27,24.0,8.0,6.0,2.0,16.0
2025-05-28,27.0,13.0,6.0,3.0,17.0
2025-05-29,26.0,12.0,6.0,3.0,17.0
2025-05-30,26.0,13.0,7.000000000000001,2.0,16.0
2025-05-31,25.0,14.000000000000002,8.0,3.0,16.0
2025-06-01,24.0,13.0,8.0,3.0,16.0
2025-06-02,28.000000000000004,13.0,10.0,3.0,19.0
2025-06-03,26.0,12.0,10.0,4.0,19.0
2025-06-04,49.0,12.0,7.000000000000001,5.0,20.0
2025-06-05,43.0,12.0,7.000000000000001,4.0,18.0
2025-06-06,44.0,11.0,7.000000000000001,4.0,19.0
2025-06-07,44.0,11.0,6.0,3.0,18.0
2025-06-08,26.0,11.0,6.0,3.0,17.0
2025-06-09,51.0,12.0,6.0,4.0,19.0
2025-06-10,62.0,11.0,6.0,4.0,20.0
2025-06-11,55.00000000000001,12.0,6.0,4.0,21.0
2025-06-12,47.0,11.0,6.0,4.0,21.0
2025-06-13,43.0,12.0,7.000000000000001,3.0,20.0
2025-06-14,43.0,14.000000000000002,8.0,3.0,23.0
2025-06-15,46.0,14.000000000000002,8.0,3.0,19.0
2025-06-16,52.0,18.0,10.0,4.0,24.0
2025-06-16,70.0,25.0,13.0,6.0,33.0
2025-06-17,70.0,26.0,13.0,6.0,34.0
2025-06-18,72.0,16.0,12.0,5.0,35.0
2025-06-19,72.0,16.0,12.0,6.0,35.0
2025-06-20,73.0,16.0,13.0,6.0,36.0
2025-06-21,67.0,12.0,11.0,6.0,33.0
2025-06-22,64.0,10.0,12.0,7.000000000000001,32.0
2025-06-23,78.0,10.0,12.0,7.000000000000001,37.0
2025-06-24,76.0,10.0,12.0,5.0,44.0
2025-06-25,76.0,10.0,13.0,6.0,57.99999999999999
2025-06-26,75.0,10.0,12.0,6.0,50.0
2025-06-27,71.0,10.0,16.0,5.0,50.0
2025-06-28,70.0,9.0,16.0,5.0,40.0
2025-06-29,66.0,10.0,14.000000000000002,5.0,28.000000000000004
2025-06-30,81.0,10.0,16.0,6.0,23.0
2025-07-01,83.0,10.0,17.0,6.0,21.0
2025-07-02,91.0,10.0,17.0,6.0,19.0
2025-07-03,100.0,10.0,18.0,6.0,20.0
2025-07-04,100.0,9.0,18.0,5.0,18.0
2025-07-05,60.0,9.0,17.0,5.0,17.0
2025-07-06,47.0,8.0,15.0,5.0,45.0
2025-07-07,56.00000000000001,9.0,17.0,5.0,34.0
2025-07-08,56.00000000000001,9.0,18.0,6.0,25.0
2025-07-09,59.0,8.0,17.0,5.0,19.0
2025-07-10,72.0,8.0,15.0,5.0,19.0
2025-07-11,68.0,7.000000000000001,17.0,6.0,19.0
