Day,patwari: (Rajasthan),patwari: (Uttarakhand),patwari: (Madhya Pradesh)
2020-07-02,0.0,0.0,0.0
2020-07-03,21.0,0.0,0.0
2020-07-04,0.0,0.0,0.0
2020-07-05,29.0,0.0,0.0
2020-07-06,24.0,0.0,0.0
2020-07-07,20.0,0.0,0.0
2020-07-08,19.0,0.0,0.0
2020-07-09,32.0,0.0,0.0
2020-07-10,31.0,0.0,0.0
2020-07-11,24.0,0.0,0.0
2020-07-12,25.0,0.0,0.0
2020-07-13,20.0,0.0,0.0
2020-07-14,0.0,0.0,0.0
2020-07-15,24.0,0.0,0.0
2020-07-16,36.0,0.0,0.0
2020-07-17,0.0,0.0,0.0
2020-07-18,18.0,0.0,0.0
2020-07-19,0.0,0.0,0.0
2020-07-20,0.0,0.0,0.0
2020-07-21,23.0,0.0,0.0
2020-07-22,16.0,0.0,0.0
2020-07-23,0.0,0.0,0.0
2020-07-24,21.0,0.0,0.0
2020-07-25,0.0,0.0,0.0
2020-07-26,20.0,0.0,0.0
2020-07-27,18.0,0.0,0.0
2020-07-28,0.0,0.0,0.0
2020-07-29,38.0,0.0,0.0
2020-07-30,0.0,0.0,0.0
2020-07-31,23.0,0.0,0.0
2020-08-01,0.0,0.0,0.0
2020-08-02,0.0,0.0,0.0
2020-08-03,0.0,0.0,0.0
2020-08-04,0.0,0.0,0.0
2020-08-05,0.0,0.0,0.0
2020-08-06,0.0,0.0,0.0
2020-08-07,0.0,0.0,0.0
2020-08-08,18.0,0.0,0.0
2020-08-09,0.0,0.0,0.0
2020-08-10,0.0,0.0,0.0
2020-08-11,21.0,0.0,0.0
2020-08-12,0.0,0.0,12.0
2020-08-13,31.0,0.0,0.0
2020-08-14,0.0,0.0,0.0
2020-08-15,18.0,0.0,0.0
2020-08-16,19.0,0.0,0.0
2020-08-17,22.0,0.0,0.0
2020-08-18,0.0,0.0,0.0
2020-08-19,21.0,0.0,0.0
2020-08-20,0.0,0.0,0.0
2020-08-21,0.0,0.0,0.0
2020-08-22,20.0,0.0,0.0
2020-08-23,0.0,0.0,0.0
2020-08-24,0.0,0.0,0.0
2020-08-25,20.0,0.0,0.0
2020-08-26,0.0,0.0,0.0
2020-08-27,0.0,0.0,0.0
2020-08-28,0.0,0.0,0.0
2020-08-29,23.0,0.0,0.0
2020-08-30,22.0,0.0,0.0
2020-08-31,0.0,0.0,0.0
2020-09-01,0.0,0.0,0.0
2020-09-02,30.0,0.0,0.0
2020-09-03,32.0,0.0,0.0
2020-09-04,0.0,0.0,0.0
2020-09-05,0.0,0.0,0.0
2020-09-06,0.0,0.0,0.0
2020-09-07,21.0,0.0,0.0
2020-09-08,29.0,0.0,0.0
2020-09-09,45.0,0.0,0.0
2020-09-10,0.0,0.0,0.0
2020-09-11,0.0,0.0,0.0
2020-09-12,0.0,0.0,0.0
2020-09-13,28.0,0.0,0.0
2020-09-14,0.0,0.0,0.0
2020-09-15,0.0,0.0,0.0
2020-09-16,24.0,0.0,0.0
2020-09-17,0.0,0.0,0.0
2020-09-18,22.0,0.0,0.0
2020-09-19,0.0,0.0,0.0
2020-09-20,25.0,0.0,0.0
2020-09-21,19.0,0.0,0.0
2020-09-22,19.0,0.0,0.0
2020-09-23,24.0,0.0,0.0
2020-09-24,24.0,0.0,0.0
2020-09-25,0.0,0.0,0.0
2020-09-26,0.0,0.0,0.0
2020-09-27,0.0,0.0,0.0
2020-09-28,0.0,0.0,0.0
2020-09-29,0.0,0.0,0.0
2020-09-30,27.0,0.0,0.0
2020-10-01,31.0,0.0,0.0
2020-10-02,0.0,0.0,0.0
2020-10-03,27.0,0.0,0.0
2020-10-04,33.0,0.0,0.0
2020-10-05,0.0,0.0,0.0
2020-10-06,0.0,0.0,0.0
2020-10-07,23.0,0.0,0.0
2020-10-08,25.0,0.0,0.0
2020-10-09,25.0,0.0,0.0
2020-10-10,0.0,0.0,0.0
2020-10-11,0.0,0.0,0.0
2020-10-12,22.0,0.0,0.0
2020-10-13,26.0,0.0,0.0
2020-10-14,30.0,0.0,0.0
2020-10-15,20.0,0.0,0.0
2020-10-16,45.0,0.0,0.0
2020-10-17,34.0,0.0,0.0
2020-10-18,49.0,0.0,0.0
2020-10-19,0.0,0.0,0.0
2020-10-20,25.0,0.0,0.0
2020-10-21,25.0,0.0,0.0
2020-10-22,29.0,0.0,0.0
2020-10-23,23.0,0.0,0.0
2020-10-24,0.0,0.0,0.0
2020-10-25,0.0,0.0,0.0
2020-10-26,0.0,0.0,0.0
2020-10-27,25.0,0.0,0.0
2020-10-28,29.0,0.0,0.0
2020-10-29,26.0,0.0,0.0
2020-10-30,0.0,0.0,0.0
2020-10-31,28.0,0.0,0.0
2020-11-01,27.0,0.0,0.0
2020-11-02,38.0,0.0,0.0
2020-11-03,34.0,0.0,17.0
2020-11-04,35.0,0.0,0.0
2020-11-05,26.0,0.0,0.0
2020-11-06,30.0,0.0,0.0
2020-11-07,26.0,0.0,0.0
2020-11-08,40.0,0.0,0.0
2020-11-09,57.0,0.0,0.0
2020-11-10,54.0,0.0,0.0
2020-11-11,36.0,0.0,0.0
2020-11-12,30.0,0.0,0.0
2020-11-13,24.0,0.0,0.0
2020-11-14,32.0,0.0,0.0
2020-11-15,28.0,0.0,0.0
2020-11-16,41.0,0.0,0.0
2020-11-17,31.0,0.0,0.0
2020-11-18,41.0,0.0,0.0
2020-11-19,43.0,0.0,0.0
2020-11-20,29.0,0.0,0.0
2020-11-21,28.0,0.0,0.0
2020-11-22,41.0,0.0,0.0
2020-11-23,48.0,0.0,0.0
2020-11-24,42.0,0.0,0.0
2020-11-25,39.0,0.0,0.0
2020-11-26,47.0,0.0,0.0
2020-11-27,45.0,0.0,0.0
2020-11-28,56.0,0.0,0.0
2020-11-29,48.0,0.0,0.0
2020-11-30,51.0,0.0,0.0
2020-12-01,52.0,0.0,0.0
2020-12-02,36.0,0.0,0.0
2020-12-03,58.0,0.0,0.0
2020-12-04,58.0,0.0,0.0
2020-12-05,42.0,0.0,0.0
2020-12-06,49.0,0.0,0.0
2020-12-07,31.0,0.0,0.0
2020-12-08,34.0,0.0,0.0
2020-12-09,63.0,0.0,0.0
2020-12-10,47.0,0.0,0.0
2020-12-11,49.0,0.0,0.0
2020-12-12,49.0,0.0,19.0
2020-12-13,43.0,0.0,0.0
2020-12-14,95.0,0.0,0.0
2020-12-15,99.0,0.0,0.0
2020-12-16,91.0,0.0,0.0
2020-12-17,100.0,0.0,0.0
2020-12-18,89.0,0.0,15.0
2020-12-19,89.0,0.0,0.0
2020-12-20,71.0,0.0,0.0
2020-12-21,82.0,0.0,0.0
2020-12-22,53.0,0.0,0.0
2020-12-23,85.0,0.0,0.0
2020-12-24,62.0,0.0,0.0
2020-12-25,65.0,0.0,0.0
2020-12-26,72.0,0.0,0.0
2020-12-27,91.0,0.0,0.0
2020-12-28,73.0,0.0,0.0
2020-12-29,98.5,0.0,0.0
2020-12-30,94.0,0.0,0.0
2020-12-31,47.0,0.0,0.0
2021-01-01,49.0,0.0,0.0
2021-01-02,63.0,0.0,0.0
2021-01-03,58.0,0.0,0.0
2021-01-04,46.0,0.0,0.0
2021-01-05,40.0,0.0,0.0
2021-01-06,42.0,0.0,0.0
2021-01-07,30.0,0.0,0.0
2021-01-08,43.0,0.0,0.0
2021-01-09,28.0,0.0,0.0
2021-01-10,45.0,0.0,0.0
2021-01-11,0.0,0.0,0.0
2021-01-12,44.0,0.0,0.0
2021-01-13,39.0,0.0,0.0
2021-01-14,40.0,0.0,0.0
2021-01-15,29.0,0.0,0.0
2021-01-16,38.0,0.0,0.0
2021-01-17,36.0,0.0,0.0
2021-01-18,41.0,0.0,17.0
2021-01-19,32.0,0.0,0.0
2021-01-20,31.0,0.0,0.0
2021-01-21,29.0,0.0,0.0
2021-01-22,30.0,0.0,0.0
2021-01-23,34.0,0.0,0.0
2021-01-24,29.0,0.0,0.0
2021-01-25,0.0,0.0,0.0
2021-01-26,28.0,0.0,0.0
2021-01-27,29.0,0.0,0.0
2021-01-28,34.0,0.0,0.0
2021-01-29,28.0,0.0,0.0
2021-01-30,30.0,0.0,0.0
2021-01-31,28.0,0.0,0.0
2021-02-01,30.0,0.0,0.0
2021-02-02,57.0,0.0,0.0
2021-02-03,48.0,0.0,0.0
2021-02-04,0.0,0.0,0.0
2021-02-05,57.0,0.0,0.0
2021-02-06,37.0,0.0,0.0
2021-02-07,0.0,0.0,0.0
2021-02-08,0.0,0.0,0.0
2021-02-09,40.0,0.0,0.0
2021-02-10,0.0,0.0,0.0
2021-02-11,41.0,0.0,0.0
2021-02-12,0.0,0.0,0.0
2021-02-13,43.0,0.0,0.0
2021-02-14,0.0,0.0,0.0
2021-02-15,26.0,0.0,0.0
2021-02-16,41.0,0.0,0.0
2021-02-17,37.0,0.0,0.0
2021-02-18,0.0,0.0,0.0
2021-02-19,28.0,0.0,0.0
2021-02-20,26.0,0.0,0.0
2021-02-21,29.0,0.0,0.0
2021-02-22,41.0,0.0,0.0
2021-02-23,25.0,0.0,0.0
2021-02-24,25.0,0.0,0.0
2021-02-25,39.0,0.0,0.0
2021-02-26,0.0,0.0,0.0
2021-02-27,37.0,0.0,0.0
2021-02-28,23.0,0.0,0.0
2021-03-01,31.0,0.0,0.0
2021-03-02,28.0,0.0,0.0
2021-03-03,32.0,0.0,0.0
2021-03-04,29.0,0.0,17.0
2021-03-05,43.0,0.0,0.0
2021-03-06,0.0,0.0,0.0
2021-03-07,26.0,0.0,0.0
2021-03-08,28.0,0.0,0.0
2021-03-09,31.0,0.0,0.0
2021-03-10,0.0,0.0,0.0
2021-03-11,38.0,0.0,0.0
2021-03-12,0.0,0.0,0.0
2021-03-13,27.0,0.0,0.0
2021-03-14,0.0,0.0,0.0
2021-03-15,25.0,0.0,0.0
2021-03-16,0.0,0.0,0.0
2021-03-17,0.0,0.0,14.0
2021-03-18,24.0,0.0,0.0
2021-03-19,34.0,0.0,0.0
2021-03-20,25.0,0.0,0.0
2021-03-21,0.0,0.0,0.0
2021-03-22,38.0,0.0,0.0
2021-03-23,0.0,0.0,0.0
2021-03-24,0.0,0.0,0.0
2021-03-25,23.0,0.0,0.0
2021-03-26,30.0,0.0,17.0
2021-03-27,0.0,0.0,0.0
2021-03-28,0.0,0.0,0.0
2021-03-29,22.0,0.0,0.0
2021-03-30,0.0,0.0,0.0
2021-03-31,37.0,0.0,0.0
2021-04-01,53.0,0.0,0.0
2021-04-02,0.0,0.0,0.0
2021-04-03,0.0,0.0,0.0
2021-04-04,0.0,0.0,0.0
2021-04-05,0.0,0.0,0.0
2021-04-06,28.0,0.0,0.0
2021-04-07,0.0,0.0,0.0
2021-04-08,0.0,0.0,0.0
2021-04-09,29.0,0.0,0.0
2021-04-10,0.0,0.0,0.0
2021-04-11,0.0,0.0,0.0
2021-04-12,27.0,0.0,0.0
2021-04-13,0.0,0.0,0.0
2021-04-14,0.0,0.0,0.0
2021-04-15,0.0,0.0,0.0
2021-04-16,0.0,0.0,0.0
2021-04-17,21.0,0.0,0.0
2021-04-18,21.0,0.0,0.0
2021-04-19,21.0,0.0,0.0
2021-04-20,0.0,0.0,0.0
2021-04-21,22.0,0.0,0.0
2021-04-22,0.0,0.0,0.0
2021-04-23,0.0,0.0,0.0
2021-04-24,32.0,0.0,0.0
2021-04-25,0.0,0.0,0.0
2021-04-26,0.0,0.0,0.0
2021-04-27,0.0,0.0,0.0
2021-04-28,23.0,0.0,0.0
2021-04-29,28.0,0.0,0.0
2021-04-30,29.0,0.0,0.0
2021-05-01,0.0,0.0,0.0
2021-05-02,0.0,0.0,0.0
2021-05-03,23.0,0.0,0.0
2021-05-04,0.0,0.0,0.0
2021-05-05,0.0,0.0,0.0
2021-05-06,0.0,0.0,0.0
2021-05-07,0.0,0.0,0.0
2021-05-08,0.0,0.0,0.0
2021-05-09,0.0,0.0,0.0
2021-05-10,0.0,0.0,0.0
2021-05-11,21.0,0.0,0.0
2021-05-12,0.0,0.0,0.0
2021-05-13,0.0,0.0,0.0
2021-05-14,0.0,0.0,0.0
2021-05-15,0.0,0.0,0.0
2021-05-16,28.0,0.0,0.0
2021-05-17,0.0,0.0,0.0
2021-05-18,0.0,0.0,0.0
2021-05-19,0.0,0.0,0.0
2021-05-20,0.0,0.0,0.0
2021-05-21,22.0,0.0,0.0
2021-05-22,0.0,0.0,0.0
2021-05-23,0.0,0.0,0.0
2021-05-24,30.0,0.0,0.0
2021-05-25,0.0,0.0,0.0
2021-05-26,0.0,0.0,0.0
2021-05-27,0.0,0.0,0.0
2021-05-28,0.0,0.0,0.0
2021-05-29,0.0,0.0,0.0
2021-05-30,22.0,0.0,0.0
2021-05-31,0.0,0.0,0.0
2021-06-01,0.0,0.0,0.0
2021-06-02,26.0,0.0,0.0
2021-06-03,23.0,0.0,0.0
2021-06-04,34.0,0.0,0.0
2021-06-05,0.0,0.0,0.0
2021-06-06,27.0,0.0,0.0
2021-06-07,0.0,0.0,0.0
2021-06-08,0.0,0.0,0.0
2021-06-09,25.0,0.0,0.0
2021-06-10,0.0,0.0,0.0
2021-06-11,0.0,0.0,0.0
2021-06-12,31.0,0.0,0.0
2021-06-13,0.0,0.0,0.0
2021-06-14,0.0,0.0,0.0
2021-06-15,0.0,0.0,0.0
2021-06-16,30.0,0.0,0.0
2021-06-17,24.0,0.0,0.0
2021-06-18,0.0,0.0,0.0
2021-06-19,0.0,0.0,0.0
2021-06-20,0.0,0.0,0.0
2021-06-21,28.0,0.0,0.0
2021-06-22,21.0,0.0,0.0
2021-06-23,0.0,0.0,0.0
2021-06-24,0.0,0.0,0.0
2021-06-25,0.0,0.0,0.0
2021-06-26,21.0,0.0,0.0
2021-06-27,0.0,0.0,0.0
2021-06-28,0.0,0.0,0.0
2021-06-29,6.0,0.0,0.0
2021-06-30,8.0,0.0,0.0
2021-07-01,7.0,0.0,0.0
2021-07-02,8.0,0.0,0.0
2021-07-03,9.0,0.0,0.0
2021-07-04,0.0,0.0,0.0
2021-07-05,7.0,0.0,0.0
2021-07-06,0.0,0.0,0.0
2021-07-07,5.0,0.0,0.0
2021-07-08,10.0,0.0,0.0
2021-07-09,9.0,0.0,0.0
2021-07-10,9.0,0.0,0.0
2021-07-11,9.0,0.0,0.0
2021-07-12,0.0,0.0,0.0
2021-07-13,8.0,0.0,0.0
2021-07-14,10.0,0.0,0.0
2021-07-15,10.0,0.0,0.0
2021-07-16,9.0,0.0,0.0
2021-07-17,11.0,0.0,0.0
2021-07-18,6.0,0.0,0.0
2021-07-19,7.0,0.0,0.0
2021-07-20,12.0,0.0,0.0
2021-07-21,7.0,0.0,0.0
2021-07-22,9.0,0.0,0.0
2021-07-23,8.0,0.0,0.0
2021-07-24,10.0,0.0,0.0
2021-07-25,7.0,0.0,0.0
2021-07-26,8.0,0.0,0.0
2021-07-27,16.0,0.0,0.0
2021-07-28,14.0,0.0,0.0
2021-07-29,11.0,0.0,3.0
2021-07-30,12.0,0.0,0.0
2021-07-31,7.0,0.0,0.0
2021-08-01,7.0,0.0,0.0
2021-08-02,9.0,0.0,0.0
2021-08-03,6.0,0.0,0.0
2021-08-04,7.0,0.0,0.0
2021-08-05,9.0,0.0,0.0
2021-08-06,7.0,0.0,0.0
2021-08-07,0.0,0.0,0.0
2021-08-08,7.0,0.0,0.0
2021-08-09,5.0,0.0,0.0
2021-08-10,9.0,0.0,0.0
2021-08-11,8.0,0.0,0.0
2021-08-12,0.0,0.0,0.0
2021-08-13,0.0,0.0,0.0
2021-08-14,5.0,0.0,0.0
2021-08-15,0.0,0.0,0.0
2021-08-16,8.0,0.0,0.0
2021-08-17,6.0,0.0,0.0
2021-08-18,0.0,0.0,0.0
2021-08-19,8.0,0.0,0.0
2021-08-20,0.0,0.0,0.0
2021-08-21,0.0,0.0,0.0
2021-08-22,5.0,0.0,0.0
2021-08-23,8.0,0.0,0.0
2021-08-24,8.0,0.0,0.0
2021-08-25,6.0,0.0,0.0
2021-08-26,6.0,0.0,0.0
2021-08-27,8.0,0.0,0.0
2021-08-28,6.0,0.0,0.0
2021-08-29,0.0,0.0,0.0
2021-08-30,8.0,0.0,0.0
2021-08-31,8.0,0.0,0.0
2021-09-01,6.0,0.0,0.0
2021-09-02,8.0,0.0,0.0
2021-09-03,9.0,0.0,0.0
2021-09-04,10.0,0.0,0.0
2021-09-05,5.0,0.0,0.0
2021-09-06,8.0,0.0,0.0
2021-09-07,6.0,0.0,0.0
2021-09-08,12.0,0.0,0.0
2021-09-09,11.0,0.0,0.0
2021-09-10,9.0,0.0,0.0
2021-09-11,0.0,0.0,4.0
2021-09-12,8.0,0.0,0.0
2021-09-13,9.0,0.0,0.0
2021-09-14,7.0,0.0,0.0
2021-09-15,10.0,0.0,0.0
2021-09-16,9.0,0.0,0.0
2021-09-17,14.0,0.0,0.0
2021-09-18,14.0,0.0,0.0
2021-09-19,7.0,0.0,0.0
2021-09-20,13.0,0.0,0.0
2021-09-21,13.0,0.0,0.0
2021-09-22,15.0,0.0,0.0
2021-09-23,9.0,0.0,0.0
2021-09-24,13.0,0.0,0.0
2021-09-25,13.0,0.0,4.0
2021-09-26,13.0,0.0,0.0
2021-09-27,14.0,0.0,0.0
2021-09-28,18.0,0.0,0.0
2021-09-29,27.0,0.0,0.0
2021-09-30,21.0,0.0,0.0
2021-10-01,22.0,0.0,0.0
2021-10-02,22.0,0.0,0.0
2021-10-03,22.0,0.0,0.0
2021-10-04,20.0,0.0,0.0
2021-10-05,20.0,0.0,0.0
2021-10-06,24.0,0.0,0.0
2021-10-07,19.0,0.0,0.0
2021-10-08,14.0,0.0,0.0
2021-10-09,22.0,0.0,0.0
2021-10-10,21.0,0.0,0.0
2021-10-11,21.0,0.0,0.0
2021-10-12,25.0,0.0,0.0
2021-10-13,23.0,0.0,0.0
2021-10-14,44.0,0.0,0.0
2021-10-15,32.0,0.0,0.0
2021-10-16,30.0,0.0,0.0
2021-10-17,35.0,0.0,0.0
2021-10-18,33.0,0.0,0.0
2021-10-19,38.0,0.0,0.0
2021-10-20,29.0,0.0,0.0
2021-10-21,39.0,0.0,0.0
2021-10-22,44.0,0.0,0.0
2021-10-23,100.0,0.0,0.0
2021-10-24,74.0,0.0,0.0
2021-10-25,42.0,0.0,3.0
2021-10-26,20.0,0.0,0.0
2021-10-27,17.0,0.0,0.0
2021-10-28,15.0,0.0,0.0
2021-10-29,9.0,0.0,0.0
2021-10-30,9.0,0.0,0.0
2021-10-31,9.0,0.0,0.0
2021-11-01,10.0,0.0,0.0
2021-11-02,6.0,0.0,0.0
2021-11-03,0.0,0.0,0.0
2021-11-04,6.0,0.0,0.0
2021-11-05,0.0,0.0,0.0
2021-11-06,0.0,0.0,0.0
2021-11-07,8.0,0.0,0.0
2021-11-08,0.0,0.0,0.0
2021-11-09,6.0,0.0,0.0
2021-11-10,6.0,0.0,0.0
2021-11-11,0.0,0.0,0.0
2021-11-12,0.0,0.0,0.0
2021-11-13,7.0,0.0,0.0
2021-11-14,0.0,0.0,0.0
2021-11-15,7.0,0.0,0.0
2021-11-16,9.0,0.0,0.0
2021-11-17,0.0,0.0,0.0
2021-11-18,8.0,0.0,0.0
2021-11-19,9.0,0.0,0.0
2021-11-20,6.0,0.0,0.0
2021-11-21,7.0,0.0,0.0
2021-11-22,16.0,0.0,4.0
2021-11-23,13.0,0.0,0.0
2021-11-24,11.0,0.0,0.0
2021-11-25,11.0,0.0,0.0
2021-11-26,8.0,0.0,0.0
2021-11-27,7.0,0.0,0.0
2021-11-28,7.0,0.0,0.0
2021-11-29,8.0,0.0,0.0
2021-11-30,7.0,0.0,0.0
2021-12-01,8.0,0.0,0.0
2021-12-02,8.0,0.0,0.0
2021-12-03,6.0,0.0,0.0
2021-12-04,7.0,0.0,0.0
2021-12-05,6.0,0.0,0.0
2021-12-06,7.0,0.0,0.0
2021-12-07,9.0,0.0,4.0
2021-12-08,8.0,0.0,0.0
2021-12-09,8.0,0.0,0.0
2021-12-10,9.0,0.0,0.0
2021-12-11,8.0,0.0,0.0
2021-12-12,7.0,0.0,0.0
2021-12-13,7.0,0.0,0.0
2021-12-14,8.0,0.0,0.0
2021-12-15,6.0,0.0,0.0
2021-12-16,6.0,0.0,0.0
2021-12-17,0.0,0.0,0.0
2021-12-18,6.0,0.0,0.0
2021-12-19,11.0,0.0,0.0
2021-12-20,6.0,0.0,0.0
2021-12-21,10.0,0.0,0.0
2021-12-22,0.0,0.0,0.0
2021-12-23,9.0,0.0,0.0
2021-12-24,7.5,0.0,0.0
2021-12-25,13.0,0.0,0.0
2021-12-26,0.0,0.0,0.0
2021-12-27,0.0,0.0,0.0
2021-12-28,9.0,0.0,0.0
2021-12-29,0.0,0.0,0.0
2021-12-30,13.0,0.0,0.0
2021-12-31,8.0,0.0,0.0
2022-01-01,9.0,0.0,0.0
2022-01-02,14.0,0.0,0.0
2022-01-03,12.0,0.0,0.0
2022-01-04,11.0,0.0,0.0
2022-01-05,12.0,0.0,0.0
2022-01-06,8.0,0.0,0.0
2022-01-07,9.0,0.0,0.0
2022-01-08,11.0,0.0,0.0
2022-01-09,0.0,0.0,0.0
2022-01-10,8.0,0.0,4.0
2022-01-11,11.0,0.0,0.0
2022-01-12,0.0,0.0,0.0
2022-01-13,0.0,0.0,4.0
2022-01-14,0.0,0.0,0.0
2022-01-15,10.0,0.0,0.0
2022-01-16,0.0,0.0,0.0
2022-01-17,9.0,0.0,0.0
2022-01-18,0.0,0.0,0.0
2022-01-19,10.0,0.0,0.0
2022-01-20,19.0,0.0,0.0
2022-01-21,0.0,0.0,0.0
2022-01-22,12.0,0.0,0.0
2022-01-23,0.0,0.0,0.0
2022-01-24,0.0,0.0,0.0
2022-01-25,100.0,0.0,0.0
2022-01-26,25.0,0.0,0.0
2022-01-27,14.0,0.0,0.0
2022-01-28,13.0,0.0,0.0
2022-01-29,13.0,0.0,0.0
2022-01-30,0.0,0.0,0.0
2022-01-31,9.0,0.0,5.0
2022-02-01,9.0,0.0,0.0
2022-02-02,8.0,0.0,0.0
2022-02-03,0.0,0.0,0.0
2022-02-04,8.0,0.0,0.0
2022-02-05,7.0,0.0,0.0
2022-02-06,8.0,0.0,0.0
2022-02-07,0.0,0.0,0.0
2022-02-08,8.0,0.0,0.0
2022-02-09,0.0,0.0,4.0
2022-02-10,8.0,0.0,0.0
2022-02-11,10.0,0.0,0.0
2022-02-12,0.0,0.0,0.0
2022-02-13,0.0,0.0,0.0
2022-02-14,0.0,0.0,0.0
2022-02-15,7.0,0.0,0.0
2022-02-16,9.0,0.0,0.0
2022-02-17,0.0,0.0,0.0
2022-02-18,11.0,0.0,0.0
2022-02-19,0.0,0.0,0.0
2022-02-20,0.0,0.0,0.0
2022-02-21,0.0,0.0,0.0
2022-02-22,10.0,0.0,0.0
2022-02-23,8.0,0.0,0.0
2022-02-24,9.0,0.0,0.0
2022-02-25,0.0,0.0,0.0
2022-02-26,0.0,0.0,0.0
2022-02-27,0.0,0.0,0.0
2022-02-28,0.0,0.0,0.0
2022-03-01,0.0,0.0,5.0
2022-03-02,0.0,0.0,0.0
2022-03-03,0.0,0.0,6.0
2022-03-04,0.0,0.0,6.0
2022-03-05,0.0,0.0,6.0
2022-03-06,7.0,0.0,4.0
2022-03-07,0.0,0.0,6.0
2022-03-08,0.0,0.0,0.0
2022-03-09,0.0,0.0,5.0
2022-03-10,0.0,0.0,5.0
2022-03-11,0.0,0.0,4.0
2022-03-12,0.0,0.0,6.0
2022-03-13,0.0,0.0,5.0
2022-03-14,0.0,0.0,0.0
2022-03-15,0.0,0.0,7.0
2022-03-16,0.0,0.0,0.0
2022-03-17,0.0,0.0,0.0
2022-03-18,0.0,0.0,0.0
2022-03-19,15.0,0.0,0.0
2022-03-20,0.0,0.0,5.0
2022-03-21,0.0,0.0,0.0
2022-03-22,0.0,0.0,7.0
2022-03-23,0.0,0.0,6.0
2022-03-24,9.0,0.0,5.0
2022-03-25,0.0,0.0,7.0
2022-03-26,0.0,0.0,5.0
2022-03-27,0.0,0.0,5.0
2022-03-28,0.0,0.0,0.0
2022-03-29,0.0,0.0,4.0
2022-03-30,0.0,0.0,4.0
2022-03-31,0.0,0.0,5.0
2022-04-01,0.0,0.0,0.0
2022-04-02,0.0,0.0,0.0
2022-04-03,0.0,0.0,0.0
2022-04-04,0.0,0.0,0.0
2022-04-05,0.0,0.0,0.0
2022-04-06,0.0,0.0,0.0
2022-04-07,0.0,0.0,0.0
2022-04-08,0.0,0.0,0.0
2022-04-09,0.0,0.0,0.0
2022-04-10,0.0,0.0,0.0
2022-04-11,0.0,0.0,0.0
2022-04-12,0.0,0.0,0.0
2022-04-13,0.0,0.0,9.0
2022-04-14,0.0,0.0,0.0
2022-04-15,0.0,0.0,12.0
2022-04-16,0.0,0.0,6.0
2022-04-17,0.0,0.0,8.0
2022-04-18,10.0,0.0,5.0
2022-04-19,0.0,0.0,0.0
2022-04-20,0.0,0.0,0.0
2022-04-21,0.0,0.0,6.0
2022-04-22,0.0,0.0,7.0
2022-04-23,0.0,0.0,5.0
2022-04-24,0.0,0.0,5.0
2022-04-25,0.0,0.0,0.0
2022-04-26,10.0,0.0,4.0
2022-04-27,0.0,0.0,0.0
2022-04-28,0.0,0.0,4.0
2022-04-29,0.0,0.0,0.0
2022-04-30,0.0,0.0,0.0
2022-05-01,0.0,0.0,0.0
2022-05-02,0.0,0.0,0.0
2022-05-03,0.0,0.0,0.0
2022-05-04,9.0,0.0,0.0
2022-05-05,10.0,0.0,5.0
2022-05-06,0.0,0.0,0.0
2022-05-07,0.0,0.0,0.0
2022-05-08,9.0,0.0,0.0
2022-05-09,0.0,0.0,6.0
2022-05-10,0.0,0.0,5.0
2022-05-11,0.0,0.0,0.0
2022-05-12,11.0,0.0,12.0
2022-05-13,9.0,0.0,15.0
2022-05-14,10.0,0.0,21.0
2022-05-15,8.0,0.0,14.0
2022-05-16,10.0,0.0,15.0
2022-05-17,15.0,0.0,14.0
2022-05-18,11.0,0.0,14.0
2022-05-19,11.0,0.0,14.0
2022-05-20,9.0,0.0,13.0
2022-05-21,9.0,0.0,12.0
2022-05-22,8.0,0.0,13.0
2022-05-23,12.0,0.0,13.0
2022-05-24,12.0,0.0,12.0
2022-05-25,17.0,0.0,13.0
2022-05-26,13.0,0.0,13.0
2022-05-27,37.0,0.0,11.0
2022-05-28,23.0,0.0,12.0
2022-05-29,16.0,0.0,9.0
2022-05-30,13.0,0.0,10.0
2022-05-31,10.0,0.0,11.0
2022-06-01,10.0,0.0,11.0
2022-06-02,10.0,0.0,11.0
2022-06-03,9.0,0.0,11.0
2022-06-04,12.0,0.0,12.0
2022-06-05,10.0,0.0,11.0
2022-06-06,11.0,0.0,11.0
2022-06-07,9.0,0.0,12.0
2022-06-08,9.0,0.0,18.0
2022-06-09,11.0,0.0,18.0
2022-06-10,8.0,0.0,13.0
2022-06-11,8.0,0.0,12.0
2022-06-12,9.0,0.0,12.0
2022-06-13,8.0,0.0,13.0
2022-06-14,11.0,0.0,13.0
2022-06-15,10.0,0.0,12.0
2022-06-16,10.0,0.0,11.0
2022-06-17,9.0,0.0,12.0
2022-06-18,10.0,0.0,11.0
2022-06-19,9.0,0.0,11.0
2022-06-20,9.0,0.0,15.0
2022-06-21,10.0,0.0,14.0
2022-06-22,9.5,0.0,12.5
2022-06-23,7.0,0.0,10.0
2022-06-24,8.0,0.0,9.0
2022-06-25,7.0,0.0,9.0
2022-06-26,6.0,0.0,8.0
2022-06-27,9.0,0.0,8.0
2022-06-28,12.0,0.0,9.0
2022-06-29,10.0,0.0,10.0
2022-06-30,10.0,0.0,7.0
2022-07-01,11.0,0.0,7.0
2022-07-02,8.0,0.0,8.0
2022-07-03,7.0,0.0,7.0
2022-07-04,13.0,0.0,8.0
2022-07-05,14.0,0.0,8.0
2022-07-06,17.0,0.0,8.0
2022-07-07,9.0,0.0,8.0
2022-07-08,9.0,0.0,7.0
2022-07-09,6.0,0.0,8.0
2022-07-10,6.0,0.0,7.0
2022-07-11,6.0,0.0,10.0
2022-07-12,5.0,0.0,8.0
2022-07-13,6.0,0.0,7.0
2022-07-14,5.0,0.0,9.0
2022-07-15,5.0,0.0,8.0
2022-07-16,5.0,0.0,9.0
2022-07-17,4.0,0.0,7.0
2022-07-18,8.0,0.0,8.0
2022-07-19,7.0,0.0,9.0
2022-07-20,6.0,0.0,9.0
2022-07-21,5.0,0.0,8.0
2022-07-22,4.0,0.0,8.0
2022-07-23,4.0,0.0,7.0
2022-07-24,4.0,0.0,8.0
2022-07-25,4.0,0.0,8.0
2022-07-26,4.0,0.0,8.0
2022-07-27,5.0,0.0,8.0
2022-07-28,4.0,0.0,7.0
2022-07-29,5.0,0.0,8.0
2022-07-30,5.0,0.0,8.0
2022-07-31,4.0,0.0,7.0
2022-08-01,5.0,0.0,9.0
2022-08-02,5.0,0.0,7.0
2022-08-03,4.0,0.0,8.0
2022-08-04,5.0,0.0,8.0
2022-08-05,4.0,0.0,8.0
2022-08-06,4.0,0.0,8.0
2022-08-07,4.0,0.0,6.0
2022-08-08,4.0,0.0,7.0
2022-08-09,4.0,0.0,5.0
2022-08-10,3.0,0.0,5.0
2022-08-11,3.0,0.0,4.0
2022-08-12,3.0,0.0,6.0
2022-08-13,4.0,0.0,6.0
2022-08-14,3.0,0.0,6.0
2022-08-15,3.0,0.0,6.0
2022-08-16,3.0,0.0,9.0
2022-08-17,4.0,0.0,8.0
2022-08-18,5.0,0.0,7.0
2022-08-19,3.0,0.0,6.0
2022-08-20,4.0,0.0,7.0
2022-08-21,4.0,0.0,9.0
2022-08-22,3.0,0.0,9.0
2022-08-23,5.0,0.0,11.0
2022-08-24,4.0,0.0,8.0
2022-08-25,3.0,0.0,10.0
2022-08-26,6.0,0.0,10.0
2022-08-27,4.0,0.0,9.0
2022-08-28,3.0,0.0,7.0
2022-08-29,2.0,0.0,7.0
2022-08-30,4.0,0.0,6.0
2022-08-31,3.0,0.0,7.0
2022-09-01,4.0,0.0,6.0
2022-09-02,4.0,0.0,7.0
2022-09-03,3.0,0.0,9.0
2022-09-04,3.0,0.0,7.0
2022-09-05,3.0,0.0,8.0
2022-09-06,3.0,0.0,8.0
2022-09-07,3.0,0.0,8.0
2022-09-08,4.0,0.0,9.0
2022-09-09,4.0,0.0,7.0
2022-09-10,3.0,0.0,8.0
2022-09-11,3.0,0.0,7.0
2022-09-12,3.0,0.0,9.0
2022-09-13,3.0,0.0,9.0
2022-09-14,3.0,0.0,10.0
2022-09-15,3.0,0.0,9.0
2022-09-16,3.0,0.0,9.0
2022-09-17,4.0,0.0,8.0
2022-09-18,3.0,0.0,8.0
2022-09-19,3.0,0.0,9.0
2022-09-20,3.0,0.0,9.0
2022-09-21,2.0,0.0,8.0
2022-09-22,4.0,0.0,8.0
2022-09-23,3.0,0.0,9.0
2022-09-24,4.0,0.0,8.0
2022-09-25,3.0,0.0,6.0
2022-09-26,3.0,0.0,7.0
2022-09-27,3.0,0.0,7.0
2022-09-28,3.0,0.0,7.0
2022-09-29,4.0,0.0,8.0
2022-09-30,3.0,0.0,7.0
2022-10-01,4.0,0.0,6.0
2022-10-02,3.0,0.0,6.0
2022-10-03,3.0,0.0,5.0
2022-10-04,3.0,0.0,5.0
2022-10-05,3.0,0.0,5.0
2022-10-06,3.0,0.0,5.0
2022-10-07,3.0,0.0,5.0
2022-10-08,3.0,0.0,6.0
2022-10-09,3.0,0.0,5.0
2022-10-10,5.0,0.0,6.0
2022-10-11,5.0,0.0,6.0
2022-10-12,4.0,0.0,6.0
2022-10-13,7.0,0.0,5.0
2022-10-14,5.0,0.0,6.0
2022-10-15,5.0,0.0,6.0
2022-10-16,4.0,0.0,6.0
2022-10-17,5.0,0.0,6.0
2022-10-18,4.0,0.0,6.0
2022-10-19,5.0,0.0,7.0
2022-10-20,5.0,0.0,6.0
2022-10-21,7.0,0.0,5.0
2022-10-22,4.0,0.0,3.0
2022-10-23,4.0,0.0,4.0
2022-10-24,3.0,0.0,2.0
2022-10-25,4.0,0.0,3.0
2022-10-26,3.0,0.0,4.0
2022-10-27,4.0,0.0,4.0
2022-10-28,4.0,0.0,7.0
2022-10-29,4.0,0.0,6.0
2022-10-30,3.0,0.0,6.0
2022-10-31,3.0,0.0,6.0
2022-11-01,2.0,0.0,7.0
2022-11-02,3.0,0.0,7.0
2022-11-03,5.0,0.0,7.0
2022-11-04,5.0,0.0,5.0
2022-11-05,4.0,0.0,6.0
2022-11-06,4.0,0.0,5.0
2022-11-07,4.0,0.0,7.0
2022-11-08,4.0,0.0,6.0
2022-11-09,4.0,0.0,8.0
2022-11-10,4.0,32.0,6.0
2022-11-11,2.0,0.0,8.0
2022-11-12,4.0,0.0,8.0
2022-11-13,3.0,0.0,9.0
2022-11-14,4.0,0.0,8.0
2022-11-15,4.0,0.0,8.0
2022-11-16,3.0,0.0,9.0
2022-11-17,4.0,0.0,8.0
2022-11-18,4.0,0.0,7.0
2022-11-19,4.0,0.0,9.0
2022-11-20,4.0,0.0,8.0
2022-11-21,3.0,0.0,8.0
2022-11-22,4.0,0.0,100.0
2022-11-23,5.0,0.0,79.0
2022-11-24,5.0,0.0,65.0
2022-11-25,5.0,0.0,55.0
2022-11-26,5.0,0.0,46.0
2022-11-27,4.0,0.0,41.0
2022-11-28,5.0,0.0,46.0
2022-11-29,4.0,0.0,44.0
2022-11-30,6.0,0.0,45.0
2022-12-01,4.0,0.0,42.0
2022-12-02,5.0,0.0,50.0
2022-12-03,4.0,0.0,49.0
2022-12-04,4.0,0.0,42.0
2022-12-05,5.0,0.0,48.0
2022-12-06,5.0,0.0,46.0
2022-12-07,4.0,0.0,45.0
2022-12-08,4.0,0.0,41.0
2022-12-09,5.0,0.0,42.0
2022-12-10,4.0,25.0,38.0
2022-12-11,4.0,0.0,31.0
2022-12-12,4.0,0.0,40.0
2022-12-13,5.0,0.0,41.0
2022-12-14,4.0,0.0,39.0
2022-12-15,5.0,0.0,39.0
2022-12-16,4.0,0.0,37.0
2022-12-17,4.0,0.0,32.0
2022-12-18,4.0,0.0,31.0
2022-12-19,3.0,0.0,32.5
2022-12-20,2.0,0.0,23.0
2022-12-21,2.0,0.0,21.0
2022-12-22,2.0,13.0,20.0
2022-12-23,2.0,0.0,21.0
2022-12-24,1.0,0.0,22.0
2022-12-25,2.0,0.0,17.0
2022-12-26,2.0,0.0,18.0
2022-12-27,2.0,0.0,20.0
2022-12-28,2.0,0.0,19.0
2022-12-29,2.0,19.0,22.0
2022-12-30,2.0,0.0,19.0
2022-12-31,2.0,0.0,15.0
2023-01-01,2.0,0.0,14.0
2023-01-02,2.0,10.0,21.0
2023-01-03,2.0,8.0,22.0
2023-01-04,2.0,9.0,25.0
2023-01-05,3.0,9.0,40.0
2023-01-06,4.0,16.0,43.0
2023-01-07,3.0,21.0,42.0
2023-01-08,3.0,48.0,40.0
2023-01-09,3.0,23.0,49.0
2023-01-10,5.0,9.0,46.0
2023-01-11,3.0,0.0,50.0
2023-01-12,4.0,38.0,50.0
2023-01-13,3.0,25.0,48.0
2023-01-14,3.0,10.0,41.0
2023-01-15,3.0,0.0,39.0
2023-01-16,3.0,0.0,51.0
2023-01-17,3.0,0.0,59.0
2023-01-18,2.0,0.0,63.0
2023-01-19,4.0,0.0,65.0
2023-01-20,3.0,0.0,50.0
2023-01-21,3.0,9.0,42.0
2023-01-22,2.0,0.0,42.0
2023-01-23,3.0,0.0,44.0
2023-01-24,2.0,0.0,37.0
2023-01-25,4.0,0.0,32.0
2023-01-26,2.0,0.0,25.0
2023-01-27,3.0,0.0,29.0
2023-01-28,2.0,0.0,29.0
2023-01-29,2.0,0.0,26.0
2023-01-30,2.0,0.0,27.0
2023-01-31,2.0,0.0,29.0
2023-02-01,2.0,0.0,32.0
2023-02-02,2.0,0.0,29.0
2023-02-03,2.0,6.0,27.0
2023-02-04,2.0,0.0,26.0
2023-02-05,2.0,0.0,21.0
2023-02-06,2.0,0.0,28.0
2023-02-07,2.0,0.0,26.0
2023-02-08,3.0,0.0,25.0
2023-02-09,3.0,0.0,26.0
2023-02-10,2.0,17.0,24.0
2023-02-11,2.0,15.0,22.0
2023-02-12,2.0,54.0,21.0
2023-02-13,2.0,17.0,23.0
2023-02-14,2.0,7.0,22.0
2023-02-15,3.0,0.0,24.0
2023-02-16,3.0,9.0,20.0
2023-02-17,2.0,0.0,19.0
2023-02-18,2.0,0.0,14.0
2023-02-19,2.0,0.0,18.0
2023-02-20,2.0,0.0,21.0
2023-02-21,3.0,0.0,23.0
2023-02-22,3.0,0.0,21.0
2023-02-23,2.0,0.0,23.0
2023-02-24,3.0,0.0,24.0
2023-02-25,2.0,0.0,24.0
2023-02-26,3.0,0.0,23.0
2023-02-27,3.0,0.0,28.0
2023-02-28,3.0,0.0,27.0
2023-03-01,3.0,0.0,33.0
2023-03-02,3.0,0.0,35.0
2023-03-03,3.0,0.0,36.0
2023-03-04,3.0,0.0,37.0
2023-03-05,3.0,0.0,52.0
2023-03-06,3.0,0.0,45.0
2023-03-07,3.0,0.0,32.0
2023-03-08,3.0,0.0,24.0
2023-03-09,3.0,6.0,33.0
2023-03-10,3.0,0.0,34.0
2023-03-11,4.0,0.0,33.0
2023-03-12,3.0,6.0,30.0
2023-03-13,5.0,0.0,37.0
2023-03-14,4.0,0.0,42.0
2023-03-15,7.0,0.0,100.0
2023-03-16,4.0,0.0,74.0
2023-03-17,5.0,0.0,68.0
2023-03-18,3.0,0.0,63.0
2023-03-19,2.0,0.0,50.0
2023-03-20,4.0,0.0,53.0
2023-03-21,3.0,0.0,49.0
2023-03-22,2.0,0.0,44.0
2023-03-23,3.0,0.0,42.0
2023-03-24,2.0,0.0,43.0
2023-03-25,2.0,0.0,42.0
2023-03-26,2.0,0.0,40.0
2023-03-27,3.0,0.0,39.0
2023-03-28,3.0,0.0,37.0
2023-03-29,2.0,0.0,35.0
2023-03-30,2.0,0.0,32.0
2023-03-31,2.0,0.0,37.0
2023-04-01,2.0,0.0,35.0
2023-04-02,2.0,0.0,33.0
2023-04-03,2.0,0.0,36.0
2023-04-04,2.0,0.0,35.0
2023-04-05,2.0,0.0,33.0
2023-04-06,2.0,8.0,29.0
2023-04-07,2.0,7.0,32.0
2023-04-08,3.0,0.0,32.0
2023-04-09,2.0,0.0,28.0
2023-04-10,2.0,0.0,29.0
2023-04-11,2.0,0.0,27.0
2023-04-12,2.0,0.0,26.0
2023-04-13,2.0,0.0,25.0
2023-04-14,2.0,0.0,24.0
2023-04-15,2.0,0.0,25.0
2023-04-16,2.0,0.0,22.0
2023-04-17,2.0,0.0,22.0
2023-04-18,2.0,0.0,22.0
2023-04-19,2.0,0.0,21.0
2023-04-20,2.0,0.0,18.0
2023-04-21,2.0,0.0,16.0
2023-04-22,2.0,0.0,16.0
2023-04-23,2.0,0.0,18.0
2023-04-24,2.0,0.0,16.0
2023-04-25,3.0,0.0,16.0
2023-04-26,2.0,0.0,15.0
2023-04-27,2.0,0.0,11.0
2023-04-28,2.0,0.0,15.0
2023-04-29,3.0,0.0,17.0
2023-04-30,2.0,0.0,16.0
2023-05-01,2.0,0.0,12.0
2023-05-02,2.0,0.0,10.0
2023-05-03,2.0,0.0,8.0
2023-05-04,2.0,0.0,8.0
2023-05-05,2.0,0.0,8.0
2023-05-06,2.0,0.0,8.0
2023-05-07,2.0,0.0,6.0
2023-05-08,2.0,0.0,7.0
2023-05-09,2.0,0.0,6.0
2023-05-10,2.0,0.0,5.0
2023-05-11,2.0,0.0,6.0
2023-05-12,2.0,0.0,6.0
2023-05-13,1.0,0.0,6.0
2023-05-14,2.0,0.0,6.0
2023-05-15,3.0,0.0,6.0
2023-05-16,3.0,0.0,6.0
2023-05-17,3.0,0.0,5.0
2023-05-18,3.0,0.0,5.0
2023-05-19,3.0,0.0,5.0
2023-05-20,2.0,0.0,5.0
2023-05-21,2.0,0.0,4.0
2023-05-22,2.0,0.0,4.0
2023-05-23,3.0,0.0,6.0
2023-05-24,2.0,0.0,5.0
2023-05-25,3.0,0.0,5.0
2023-05-26,2.0,0.0,5.0
2023-05-27,3.0,0.0,5.0
2023-05-28,2.0,0.0,5.0
2023-05-29,3.0,0.0,5.0
2023-05-30,3.0,0.0,5.0
2023-05-31,2.0,0.0,5.0
2023-06-01,2.0,0.0,5.0
2023-06-02,3.0,5.0,6.0
2023-06-03,14.0,0.0,6.0
2023-06-04,11.0,0.0,6.0
2023-06-05,10.0,0.0,5.0
2023-06-06,8.0,0.0,6.0
2023-06-07,7.0,0.0,5.0
2023-06-08,7.0,5.0,5.0
2023-06-09,7.0,0.0,6.0
2023-06-10,7.0,0.0,5.0
2023-06-11,5.0,0.0,6.0
2023-06-12,5.0,0.0,6.0
2023-06-13,6.0,0.0,6.0
2023-06-14,6.0,0.0,5.0
2023-06-15,6.0,0.0,7.0
2023-06-16,6.0,0.0,6.0
2023-06-17,6.5,0.0,6.5
2023-06-18,7.0,0.0,6.0
2023-06-19,6.0,0.0,8.0
2023-06-20,5.0,0.0,7.0
2023-06-21,7.0,0.0,7.0
2023-06-22,7.0,0.0,9.0
2023-06-23,7.0,0.0,8.0
2023-06-24,6.0,0.0,7.0
2023-06-25,7.0,0.0,6.0
2023-06-26,7.0,0.0,7.0
2023-06-27,8.0,0.0,7.0
2023-06-28,6.0,0.0,8.0
2023-06-29,6.0,0.0,7.0
2023-06-30,6.0,0.0,100.0
2023-07-01,7.0,0.0,87.0
2023-07-02,6.0,0.0,27.0
2023-07-03,6.0,0.0,16.0
2023-07-04,6.0,0.0,12.0
2023-07-05,6.0,0.0,11.0
2023-07-06,7.0,10.0,11.0
2023-07-07,6.0,0.0,12.0
2023-07-08,6.0,0.0,11.0
2023-07-09,5.0,0.0,10.0
2023-07-10,5.0,0.0,10.0
2023-07-11,5.0,0.0,18.0
2023-07-12,6.0,0.0,26.0
2023-07-13,6.0,0.0,41.0
2023-07-14,5.0,0.0,20.0
2023-07-15,4.0,0.0,16.0
2023-07-16,5.0,0.0,14.0
2023-07-17,6.0,7.0,38.0
2023-07-18,6.0,0.0,37.0
2023-07-19,6.0,0.0,24.0
2023-07-20,6.0,0.0,17.0
2023-07-21,5.0,0.0,13.0
2023-07-22,5.0,0.0,14.0
2023-07-23,5.0,0.0,10.0
2023-07-24,5.0,0.0,11.0
2023-07-25,4.0,0.0,11.0
2023-07-26,6.0,0.0,8.0
2023-07-27,5.0,0.0,8.0
2023-07-28,5.0,0.0,7.0
2023-07-29,4.0,0.0,6.0
2023-07-30,5.0,0.0,6.0
2023-07-31,5.0,0.0,6.0
2023-08-01,5.0,0.0,6.0
2023-08-02,5.0,0.0,5.0
2023-08-03,4.0,7.0,5.0
2023-08-04,4.0,0.0,5.0
2023-08-05,4.0,0.0,4.0
2023-08-06,5.0,0.0,5.0
2023-08-07,6.0,0.0,5.0
2023-08-08,5.0,0.0,5.0
2023-08-09,4.0,0.0,4.0
2023-08-10,5.0,0.0,4.0
2023-08-11,4.0,0.0,3.0
2023-08-12,4.0,0.0,4.0
2023-08-13,4.0,0.0,4.0
2023-08-14,4.0,0.0,3.0
2023-08-15,4.0,0.0,3.0
2023-08-16,4.0,0.0,5.0
2023-08-17,4.0,0.0,5.0
2023-08-18,4.0,0.0,4.0
2023-08-19,5.0,0.0,4.0
2023-08-20,4.0,0.0,3.0
2023-08-21,4.0,0.0,4.0
2023-08-22,4.0,0.0,4.0
2023-08-23,4.0,0.0,4.0
2023-08-24,4.0,0.0,4.0
2023-08-25,4.0,0.0,3.0
2023-08-26,4.0,0.0,5.0
2023-08-27,4.0,0.0,4.0
2023-08-28,3.0,0.0,4.0
2023-08-29,4.0,0.0,4.0
2023-08-30,3.0,0.0,4.0
2023-08-31,4.0,0.0,7.0
2023-09-01,5.0,0.0,6.0
2023-09-02,4.0,0.0,4.0
2023-09-03,4.0,0.0,6.0
2023-09-04,4.0,0.0,5.0
2023-09-05,7.0,0.0,3.0
2023-09-06,7.0,0.0,3.0
2023-09-07,5.0,0.0,3.0
2023-09-08,5.0,0.0,4.0
2023-09-09,5.0,0.0,3.0
2023-09-10,5.0,0.0,3.0
2023-09-11,6.0,0.0,3.0
2023-09-12,4.0,0.0,4.0
2023-09-13,5.0,0.0,4.0
2023-09-14,4.0,0.0,6.0
2023-09-15,5.0,0.0,5.0
2023-09-16,5.0,0.0,3.0
2023-09-17,3.0,0.0,2.0
2023-09-18,4.0,0.0,3.0
2023-09-19,4.0,0.0,3.0
2023-09-20,4.0,0.0,3.0
2023-09-21,4.0,0.0,3.0
2023-09-22,5.0,0.0,4.0
2023-09-23,5.0,0.0,2.0
2023-09-24,4.0,0.0,3.0
2023-09-25,5.0,0.0,3.0
2023-09-26,4.0,0.0,3.0
2023-09-27,4.0,0.0,4.0
2023-09-28,5.0,0.0,3.0
2023-09-29,4.0,0.0,4.0
2023-09-30,6.0,0.0,3.0
2023-10-01,5.0,0.0,3.0
2023-10-02,6.0,0.0,3.0
2023-10-03,6.0,0.0,4.0
2023-10-04,6.0,0.0,3.0
2023-10-05,7.0,0.0,3.0
2023-10-06,6.0,0.0,3.0
2023-10-07,6.0,0.0,3.0
2023-10-08,4.0,0.0,2.0
2023-10-09,6.0,0.0,3.0
2023-10-10,5.0,0.0,3.0
2023-10-11,5.0,0.0,3.0
2023-10-12,5.0,0.0,2.0
2023-10-13,5.0,0.0,2.0
2023-10-14,4.0,0.0,1.0
2023-10-15,3.0,0.0,2.0
2023-10-16,4.0,0.0,2.0
2023-10-17,4.0,0.0,1.0
2023-10-18,4.0,0.0,2.0
2023-10-19,4.0,0.0,2.0
2023-10-20,4.0,0.0,2.0
2023-10-21,4.0,0.0,3.0
2023-10-22,3.0,0.0,2.0
2023-10-23,4.0,0.0,2.0
2023-10-24,3.0,0.0,2.0
2023-10-25,5.0,0.0,2.0
2023-10-26,4.0,0.0,1.0
2023-10-27,4.0,0.0,2.0
2023-10-28,5.0,0.0,2.0
2023-10-29,6.0,0.0,2.0
2023-10-30,5.0,0.0,2.0
2023-10-31,5.0,0.0,2.0
2023-11-01,6.0,0.0,3.0
2023-11-02,5.0,0.0,2.0
2023-11-03,5.0,0.0,3.0
2023-11-04,4.0,0.0,3.0
2023-11-05,4.0,0.0,2.0
2023-11-06,4.0,0.0,2.0
2023-11-07,4.0,0.0,2.0
2023-11-08,4.0,0.0,2.0
2023-11-09,4.0,0.0,2.0
2023-11-10,3.0,0.0,2.0
2023-11-11,3.0,0.0,2.0
2023-11-12,3.0,0.0,1.0
2023-11-13,5.0,0.0,3.0
2023-11-14,4.0,0.0,2.0
2023-11-15,4.0,0.0,2.0
2023-11-16,4.0,0.0,2.0
2023-11-17,5.0,0.0,3.0
2023-11-18,4.0,0.0,3.0
2023-11-19,4.0,0.0,2.0
2023-11-20,5.0,0.0,2.0
2023-11-21,5.0,0.0,2.0
2023-11-22,5.0,0.0,3.0
2023-11-23,5.0,0.0,2.0
2023-11-24,5.0,0.0,2.0
2023-11-25,4.0,0.0,2.0
2023-11-26,4.0,0.0,3.0
2023-11-27,5.0,0.0,2.0
2023-11-28,4.0,0.0,2.0
2023-11-29,4.0,0.0,2.0
2023-11-30,4.0,0.0,2.0
2023-12-01,4.0,0.0,2.0
2023-12-02,4.0,0.0,2.0
2023-12-03,2.0,0.0,11.0
2023-12-04,4.0,0.0,6.0
2023-12-05,3.0,0.0,4.0
2023-12-06,3.0,0.0,3.0
2023-12-07,4.0,0.0,3.0
2023-12-08,4.0,0.0,3.0
2023-12-09,5.0,0.0,3.0
2023-12-10,4.0,0.0,2.0
2023-12-11,4.0,0.0,2.0
2023-12-12,4.0,0.0,3.0
2023-12-13,5.0,0.0,2.0
2023-12-14,14.0,0.0,9.0
2023-12-15,25.0,0.0,17.0
2023-12-16,28.0,0.0,32.0
2023-12-17,27.0,0.0,32.0
2023-12-18,25.0,0.0,26.0
2023-12-19,29.0,0.0,33.0
2023-12-20,30.0,0.0,32.0
2023-12-21,33.0,0.0,22.0
2023-12-22,27.0,0.0,25.0
2023-12-23,30.0,0.0,23.0
2023-12-24,23.0,0.0,17.0
2023-12-25,30.0,0.0,13.0
2023-12-26,26.0,0.0,21.0
2023-12-27,25.0,0.0,17.0
2023-12-28,20.0,0.0,22.0
2023-12-29,29.0,0.0,20.0
2023-12-30,21.0,0.0,19.0
2023-12-31,25.0,0.0,19.0
2024-01-01,22.0,0.0,16.0
2024-01-02,34.0,0.0,20.0
2024-01-03,27.0,0.0,15.0
2024-01-04,53.0,0.0,18.0
2024-01-05,54.0,0.0,17.0
2024-01-06,44.0,0.0,18.0
2024-01-07,47.0,0.0,19.0
2024-01-08,44.0,0.0,16.0
2024-01-09,40.0,0.0,21.0
2024-01-10,40.0,0.0,23.0
2024-01-11,37.0,0.0,20.0
2024-01-12,33.0,0.0,18.0
2024-01-13,35.0,75.0,14.0
2024-01-14,26.0,0.0,15.0
2024-01-15,29.0,0.0,17.0
2024-01-16,32.0,0.0,14.0
2024-01-17,30.0,0.0,16.0
2024-01-18,26.0,0.0,14.0
2024-01-19,22.0,0.0,17.0
2024-01-20,28.0,0.0,15.0
2024-01-21,25.0,0.0,14.0
2024-01-22,25.0,0.0,11.0
2024-01-23,27.0,0.0,14.0
2024-01-24,28.0,0.0,17.0
2024-01-25,29.0,0.0,13.0
2024-01-26,28.0,0.0,14.0
2024-01-27,29.0,0.0,18.0
2024-01-28,27.0,0.0,14.0
2024-01-29,34.0,0.0,18.0
2024-01-30,29.0,0.0,18.0
2024-01-31,26.0,0.0,59.0
2024-02-01,28.0,0.0,31.0
2024-02-02,26.0,0.0,23.0
2024-02-03,23.0,0.0,22.0
2024-02-04,28.0,0.0,18.0
2024-02-05,24.0,0.0,21.0
2024-02-06,24.0,0.0,14.0
2024-02-07,28.0,0.0,24.0
2024-02-08,32.0,0.0,17.0
2024-02-09,29.0,0.0,24.0
2024-02-10,27.0,0.0,19.0
2024-02-11,28.0,0.0,18.0
2024-02-12,27.0,0.0,20.0
2024-02-13,28.0,0.0,23.0
2024-02-14,34.0,0.0,30.0
2024-02-15,30.0,0.0,52.0
2024-02-16,25.0,0.0,43.0
2024-02-17,30.0,0.0,47.0
2024-02-18,28.0,0.0,51.0
2024-02-19,26.0,0.0,86.0
2024-02-20,30.0,0.0,48.0
2024-02-21,39.0,0.0,34.0
2024-02-22,35.0,0.0,34.0
2024-02-23,41.0,100.0,36.0
2024-02-24,28.0,0.0,36.0
2024-02-25,27.0,0.0,34.0
2024-02-26,30.0,0.0,32.0
2024-02-27,30.0,0.0,28.0
2024-02-28,35.0,0.0,57.0
2024-02-29,32.0,0.0,27.0
2024-03-01,24.0,0.0,29.0
2024-03-02,19.0,0.0,27.0
2024-03-03,25.0,0.0,19.0
2024-03-04,30.0,0.0,22.0
2024-03-05,30.0,0.0,33.0
2024-03-06,27.0,0.0,24.0
2024-03-07,28.0,0.0,20.0
2024-03-08,27.0,0.0,28.0
2024-03-09,32.0,0.0,24.0
2024-03-10,27.0,0.0,21.0
2024-03-11,30.0,0.0,21.0
2024-03-12,27.0,0.0,22.0
2024-03-13,24.0,0.0,18.0
2024-03-14,27.0,0.0,19.0
2024-03-15,24.0,0.0,17.0
2024-03-16,22.0,0.0,10.0
2024-03-17,23.0,0.0,14.0
2024-03-18,32.0,0.0,13.0
2024-03-19,24.0,0.0,10.0
2024-03-20,27.0,0.0,11.0
2024-03-21,24.0,0.0,13.0
2024-03-22,24.0,0.0,12.0
2024-03-23,25.0,0.0,10.0
2024-03-24,20.0,0.0,9.0
2024-03-25,26.0,0.0,10.0
2024-03-26,28.0,0.0,9.0
2024-03-27,25.0,0.0,8.0
2024-03-28,26.0,0.0,11.0
2024-03-29,24.0,0.0,13.0
2024-03-30,23.0,0.0,8.0
2024-03-31,36.0,0.0,12.0
2024-04-01,62.0,0.0,17.0
2024-04-02,26.0,0.0,13.0
2024-04-03,30.0,0.0,14.0
2024-04-04,48.0,0.0,18.0
2024-04-05,20.0,0.0,9.0
2024-04-06,18.0,0.0,13.0
2024-04-07,21.0,0.0,9.0
2024-04-08,20.0,0.0,11.0
2024-04-09,18.0,0.0,8.0
2024-04-10,15.0,0.0,10.0
2024-04-11,24.0,0.0,12.0
2024-04-12,19.0,0.0,7.0
2024-04-13,19.0,0.0,11.0
2024-04-14,21.0,0.0,8.0
2024-04-15,17.0,0.0,11.0
2024-04-16,16.0,0.0,8.0
2024-04-17,21.0,0.0,7.0
2024-04-18,20.0,0.0,9.0
2024-04-19,20.0,0.0,9.0
2024-04-20,17.0,0.0,8.0
2024-04-21,18.0,0.0,9.0
2024-04-22,25.0,0.0,13.0
2024-04-23,34.0,0.0,8.0
2024-04-24,24.0,0.0,11.0
2024-04-25,27.0,0.0,8.0
2024-04-26,18.0,0.0,11.0
2024-04-27,30.0,0.0,11.0
2024-04-28,17.0,0.0,8.0
2024-04-29,20.0,0.0,13.0
2024-04-30,18.0,0.0,13.0
2024-05-01,25.0,0.0,10.0
2024-05-02,23.0,0.0,10.0
2024-05-03,17.0,0.0,14.0
2024-05-04,17.0,0.0,14.0
2024-05-05,17.0,0.0,16.0
2024-05-06,17.0,0.0,10.0
2024-05-07,23.0,0.0,11.0
2024-05-08,22.0,0.0,10.0
2024-05-09,19.0,0.0,9.0
2024-05-10,18.0,0.0,12.0
2024-05-11,15.0,0.0,12.0
2024-05-12,18.0,0.0,13.0
2024-05-13,11.0,0.0,14.0
2024-05-14,23.0,0.0,10.0
2024-05-15,18.0,0.0,8.0
2024-05-16,16.0,0.0,11.0
2024-05-17,19.0,0.0,13.0
2024-05-18,22.0,0.0,13.0
2024-05-19,21.0,0.0,10.0
2024-05-20,20.0,0.0,7.0
2024-05-21,22.0,0.0,11.0
2024-05-22,19.0,0.0,13.0
2024-05-23,18.0,0.0,9.0
2024-05-24,18.0,0.0,12.0
2024-05-25,19.0,0.0,10.0
2024-05-26,23.0,0.0,9.0
2024-05-27,16.0,0.0,11.0
2024-05-28,17.0,0.0,12.0
2024-05-29,18.0,0.0,11.0
2024-05-30,57.0,0.0,9.0
2024-05-31,32.0,0.0,12.0
2024-06-01,31.0,0.0,7.0
2024-06-02,25.0,0.0,9.0
2024-06-03,26.0,0.0,11.0
2024-06-04,17.0,0.0,8.0
2024-06-05,28.0,0.0,11.0
2024-06-06,25.0,0.0,11.0
2024-06-07,19.0,0.0,12.0
2024-06-08,25.0,0.0,8.0
2024-06-09,22.0,0.0,6.0
2024-06-10,25.0,0.0,9.0
2024-06-11,20.0,0.0,5.0
2024-06-12,14.0,0.0,5.0
2024-06-13,13.0,0.0,6.0
2024-06-14,13.0,0.0,5.0
2024-06-15,12.0,0.0,5.0
2024-06-16,12.0,0.0,6.0
2024-06-17,19.0,0.0,5.0
2024-06-18,28.0,0.0,8.0
2024-06-19,19.0,0.0,8.0
2024-06-20,18.0,0.0,6.0
2024-06-21,16.0,0.0,7.0
2024-06-22,17.0,0.0,7.0
2024-06-23,14.0,0.0,6.0
2024-06-24,15.0,0.0,8.0
2024-06-25,18.0,0.0,6.0
2024-06-26,14.0,0.0,5.0
2024-06-27,16.0,0.0,7.0
2024-06-28,16.0,0.0,7.0
2024-06-29,11.0,0.0,4.0
2024-06-30,13.0,0.0,4.0
2024-07-01,13.0,0.0,5.0
2024-07-02,12.0,0.0,5.0
2024-07-03,14.0,0.0,6.0
2024-07-04,10.0,0.0,7.0
2024-07-05,12.0,0.0,7.0
2024-07-06,12.0,0.0,8.0
2024-07-07,12.0,0.0,9.0
2024-07-08,15.0,0.0,9.0
2024-07-09,11.0,0.0,12.0
2024-07-10,12.0,0.0,21.0
2024-07-11,14.0,0.0,12.0
2024-07-12,12.0,0.0,11.0
2024-07-13,12.0,0.0,15.0
2024-07-14,10.0,0.0,13.0
2024-07-15,14.0,0.0,16.0
2024-07-16,13.0,0.0,10.0
2024-07-17,11.0,0.0,9.0
2024-07-18,12.0,0.0,12.0
2024-07-19,12.0,0.0,11.0
2024-07-20,13.0,0.0,11.0
2024-07-21,9.0,0.0,8.0
2024-07-22,10.0,0.0,8.0
2024-07-23,12.0,0.0,10.0
2024-07-24,13.0,0.0,8.0
2024-07-25,10.0,0.0,11.0
2024-07-26,11.0,0.0,10.0
2024-07-27,11.0,0.0,7.0
2024-07-28,11.0,0.0,8.0
2024-07-29,10.0,0.0,9.0
2024-07-30,24.0,0.0,11.0
2024-07-31,19.0,0.0,8.0
2024-08-01,15.0,0.0,9.0
2024-08-02,14.0,0.0,7.0
2024-08-03,12.0,0.0,8.0
2024-08-04,11.0,0.0,7.0
2024-08-05,13.0,0.0,7.0
2024-08-06,13.0,0.0,8.0
2024-08-07,11.0,0.0,9.0
2024-08-08,10.0,0.0,9.0
2024-08-09,10.0,0.0,8.0
2024-08-10,11.0,0.0,10.0
2024-08-11,8.0,0.0,7.0
2024-08-12,8.0,0.0,9.0
2024-08-13,9.0,0.0,8.0
2024-08-14,8.0,0.0,6.0
2024-08-15,11.0,0.0,6.0
2024-08-16,11.0,0.0,6.0
2024-08-17,12.0,0.0,6.0
2024-08-18,12.0,0.0,6.0
2024-08-19,8.0,0.0,6.0
2024-08-20,10.0,0.0,5.0
2024-08-21,10.0,0.0,10.0
2024-08-22,16.0,0.0,9.0
2024-08-23,29.0,100.0,9.0
2024-08-24,27.0,45.0,9.0
2024-08-25,22.0,51.0,5.0
2024-08-26,16.0,46.0,6.0
2024-08-27,18.0,0.0,9.0
2024-08-28,15.0,53.0,6.0
2024-08-29,19.0,0.0,8.0
2024-08-30,21.0,0.0,10.0
2024-08-31,13.0,0.0,6.0
2024-09-01,12.0,0.0,5.0
2024-09-02,15.0,29.0,8.0
2024-09-03,12.0,0.0,6.0
2024-09-04,10.0,29.0,5.0
2024-09-05,11.0,0.0,7.0
2024-09-06,12.0,0.0,5.0
2024-09-07,12.0,0.0,5.0
2024-09-08,17.0,0.0,5.0
2024-09-09,14.0,0.0,6.0
2024-09-10,12.0,0.0,6.0
2024-09-11,13.0,0.0,6.0
2024-09-12,11.0,0.0,5.0
2024-09-13,12.0,0.0,6.0
2024-09-14,10.0,0.0,5.0
2024-09-15,11.0,0.0,7.0
2024-09-16,8.0,0.0,6.0
2024-09-17,10.0,0.0,5.0
2024-09-18,12.0,0.0,7.0
2024-09-19,10.0,0.0,5.0
2024-09-20,9.0,0.0,9.0
2024-09-21,9.0,0.0,9.0
2024-09-22,10.0,0.0,6.0
2024-09-23,13.0,0.0,7.0
2024-09-24,11.0,0.0,8.0
2024-09-25,10.0,0.0,7.0
2024-09-26,11.0,0.0,7.0
2024-09-27,10.0,0.0,6.0
2024-09-28,12.0,0.0,6.0
2024-09-29,18.0,0.0,7.0
2024-09-30,23.0,0.0,7.0
2024-10-01,21.0,0.0,8.0
2024-10-02,18.0,0.0,6.0
2024-10-03,13.0,0.0,6.0
2024-10-04,14.0,0.0,7.0
2024-10-05,14.0,0.0,7.0
2024-10-06,15.0,0.0,9.0
2024-10-07,14.0,0.0,8.0
2024-10-08,13.0,0.0,10.0
2024-10-09,13.0,0.0,7.0
2024-10-10,13.0,0.0,5.0
2024-10-11,12.0,0.0,8.0
2024-10-12,12.0,0.0,4.0
2024-10-13,11.0,0.0,8.0
2024-10-14,14.0,0.0,7.0
2024-10-15,24.0,0.0,7.0
2024-10-16,20.0,0.0,7.0
2024-10-17,18.0,0.0,8.0
2024-10-18,21.0,0.0,6.0
2024-10-19,18.0,0.0,6.0
2024-10-20,24.0,0.0,4.0
2024-10-21,17.0,0.0,7.0
2024-10-22,13.0,0.0,6.0
2024-10-23,16.0,0.0,8.0
2024-10-24,21.0,0.0,5.0
2024-10-25,19.0,0.0,7.0
2024-10-26,17.0,0.0,5.0
2024-10-27,18.0,0.0,6.0
2024-10-28,16.0,0.0,5.0
2024-10-29,13.0,0.0,6.0
2024-10-30,13.0,0.0,6.0
2024-10-31,9.0,0.0,6.0
2024-11-01,11.0,0.0,5.0
2024-11-02,15.0,0.0,6.0
2024-11-03,15.0,0.0,7.0
2024-11-04,15.0,0.0,6.0
2024-11-05,17.0,0.0,7.0
2024-11-06,16.0,0.0,6.0
2024-11-07,15.0,0.0,9.0
2024-11-08,16.0,0.0,8.0
2024-11-09,18.0,0.0,7.0
2024-11-10,15.0,0.0,6.0
2024-11-11,19.0,0.0,6.0
2024-11-12,20.0,0.0,6.0
2024-11-13,18.0,0.0,5.0
2024-11-14,18.0,0.0,7.0
2024-11-15,16.0,0.0,6.0
2024-11-16,15.0,0.0,7.0
2024-11-17,16.0,0.0,6.0
2024-11-18,16.0,0.0,7.0
2024-11-19,12.0,0.0,8.0
2024-11-20,13.0,0.0,8.0
2024-11-21,18.0,0.0,6.0
2024-11-22,12.0,0.0,10.0
2024-11-23,13.0,0.0,6.0
2024-11-24,11.0,0.0,6.0
2024-11-25,12.0,0.0,7.0
2024-11-26,11.0,0.0,8.0
2024-11-27,12.0,0.0,7.0
2024-11-28,15.0,0.0,6.0
2024-11-29,17.0,0.0,6.0
2024-11-30,14.0,0.0,7.0
2024-12-01,15.0,0.0,7.0
2024-12-02,19.0,0.0,6.0
2024-12-03,23.0,0.0,7.0
2024-12-04,30.0,0.0,7.0
2024-12-05,25.0,0.0,6.0
2024-12-06,24.0,0.0,7.0
2024-12-07,23.0,0.0,6.0
2024-12-08,17.0,0.0,4.0
2024-12-09,16.0,0.0,6.0
2024-12-10,15.0,0.0,4.0
2024-12-11,17.0,0.0,5.0
2024-12-12,14.0,0.0,5.0
2024-12-13,13.0,0.0,3.0
2024-12-14,13.0,0.0,3.0
2024-12-15,14.0,0.0,5.0
2024-12-16,14.0,0.0,5.0
2024-12-17,13.0,0.0,6.0
2024-12-18,16.0,0.0,6.0
2024-12-19,16.0,0.0,6.0
2024-12-20,13.0,0.0,6.0
2024-12-21,14.0,0.0,6.0
2024-12-22,12.0,0.0,4.0
2024-12-23,14.0,0.0,5.0
2024-12-24,13.0,0.0,5.0
2024-12-25,13.0,0.0,5.0
2024-12-26,12.0,0.0,5.0
2024-12-27,10.0,0.0,5.0
2024-12-28,12.0,0.0,4.0
2024-12-29,11.0,0.0,4.0
2024-12-30,13.0,0.0,5.0
2024-12-31,11.0,0.0,4.0
2025-01-01,12.0,0.0,4.0
2025-01-02,11.0,0.0,6.0
2025-01-03,12.0,0.0,5.0
2025-01-04,14.0,0.0,5.0
2025-01-05,12.0,0.0,4.0
2025-01-06,12.0,0.0,5.0
2025-01-07,16.0,0.0,5.0
2025-01-08,14.0,0.0,6.0
2025-01-09,13.0,0.0,7.0
2025-01-10,13.0,0.0,4.0
2025-01-11,12.0,0.0,6.0
2025-01-12,13.0,0.0,4.0
2025-01-13,11.0,0.0,5.0
2025-01-14,11.0,0.0,5.0
2025-01-15,11.0,0.0,5.0
2025-01-16,17.0,0.0,6.0
2025-01-17,18.0,0.0,7.0
2025-01-18,13.0,0.0,6.0
2025-01-19,13.0,0.0,4.0
2025-01-20,12.0,0.0,6.0
2025-01-21,16.0,0.0,6.0
2025-01-22,16.0,0.0,7.0
2025-01-23,15.0,0.0,7.0
2025-01-24,15.0,0.0,6.0
2025-01-25,14.0,0.0,5.0
2025-01-26,13.0,0.0,4.0
2025-01-27,16.0,0.0,6.0
2025-01-28,13.0,0.0,7.0
2025-01-29,14.0,0.0,6.0
2025-01-30,14.0,0.0,6.0
2025-01-31,14.0,0.0,6.0
2025-02-01,11.0,0.0,5.0
2025-02-02,13.0,0.0,4.0
2025-02-03,16.0,0.0,6.0
2025-02-04,16.0,0.0,6.0
2025-02-05,19.0,0.0,4.0
2025-02-06,16.0,0.0,5.0
2025-02-07,17.0,0.0,4.0
2025-02-08,15.0,0.0,4.0
2025-02-09,14.0,0.0,4.0
2025-02-10,15.0,0.0,4.0
2025-02-11,19.0,0.0,4.0
2025-02-12,26.0,0.0,3.0
2025-02-13,30.0,0.0,6.0
2025-02-14,27.0,0.0,4.0
2025-02-15,23.0,0.0,4.0
2025-02-16,21.0,0.0,5.0
2025-02-17,21.0,0.0,4.0
2025-02-18,25.0,0.0,5.0
2025-02-19,28.0,0.0,5.0
2025-02-20,45.0,0.0,5.0
2025-02-21,59.0,0.0,7.0
2025-02-22,56.0,0.0,5.0
2025-02-23,43.0,0.0,5.0
2025-02-24,44.0,0.0,5.0
2025-02-25,38.0,0.0,4.0
2025-02-26,30.0,0.0,3.0
2025-02-27,35.0,0.0,4.0
2025-02-28,48.0,0.0,5.0
2025-03-01,56.0,0.0,6.0
2025-03-02,53.0,0.0,5.0
2025-03-03,55.0,0.0,5.0
2025-03-04,50.0,0.0,4.0
2025-03-05,55.0,0.0,5.0
2025-03-06,58.0,0.0,5.0
2025-03-07,59.0,0.0,7.0
2025-03-08,57.0,0.0,5.0
2025-03-09,43.0,0.0,5.0
2025-03-10,50.0,0.0,5.0
2025-03-11,46.0,0.0,5.0
2025-03-12,46.0,21.0,6.0
2025-03-13,40.0,0.0,6.0
2025-03-14,35.0,0.0,4.0
2025-03-15,49.0,0.0,5.0
2025-03-16,51.0,0.0,4.0
2025-03-17,64.0,0.0,6.0
2025-03-18,66.0,0.0,6.0
2025-03-19,59.0,0.0,5.0
2025-03-20,81.0,0.0,5.0
2025-03-21,89.0,0.0,8.0
2025-03-22,69.0,0.0,6.0
2025-03-23,60.0,0.0,4.0
2025-03-24,67.0,0.0,8.0
2025-03-25,51.0,0.0,5.0
2025-03-26,45.0,0.0,6.0
2025-03-27,47.0,0.0,5.0
2025-03-28,46.0,33.0,6.0
2025-03-29,41.0,0.0,5.0
2025-03-30,35.0,0.0,5.0
2025-03-31,38.0,0.0,5.0
2025-04-01,42.0,0.0,5.0
2025-04-02,44.0,0.0,6.0
2025-04-03,44.0,0.0,6.0
2025-04-04,42.0,0.0,5.0
2025-04-05,38.0,0.0,5.0
2025-04-06,36.0,0.0,4.0
2025-04-07,43.0,0.0,6.0
2025-04-08,41.0,0.0,5.0
2025-04-09,42.0,0.0,6.0
2025-04-10,36.0,0.0,5.0
2025-04-11,42.0,0.0,4.0
2025-04-12,35.0,0.0,5.0
2025-04-13,49.0,0.0,4.0
2025-04-14,57.0,0.0,5.0
2025-04-15,62.0,0.0,4.0
2025-04-16,59.0,23.0,5.0
2025-04-17,60.0,0.0,5.0
2025-04-18,61.0,0.0,4.0
2025-04-19,58.0,0.0,4.0
2025-04-20,52.0,20.0,5.0
2025-04-21,62.0,0.0,4.0
2025-04-22,68.0,19.0,6.0
2025-04-23,100.0,0.0,6.0
2025-04-24,89.0,0.0,6.0
2025-04-25,97.0,0.0,6.0
2025-04-26,98.0,0.0,6.0
2025-04-27,54.0,0.0,4.0
2025-04-28,36.0,0.0,4.0
2025-04-29,32.0,0.0,4.0
2025-04-30,27.0,0.0,5.0
2025-05-01,26.0,0.0,5.0
2025-05-02,34.0,0.0,3.0
2025-05-03,26.0,0.0,4.0
2025-05-04,25.0,0.0,5.0
2025-05-05,29.0,0.0,4.0
2025-05-06,24.0,0.0,5.0
2025-05-07,19.0,0.0,3.0
2025-05-08,20.0,0.0,4.0
2025-05-09,21.0,0.0,4.0
2025-05-10,18.0,0.0,4.0
2025-05-11,17.0,17.0,4.0
2025-05-12,19.0,22.0,5.0
2025-05-13,24.0,0.0,5.0
2025-05-14,24.0,18.0,6.0
2025-05-15,22.0,19.0,5.0
2025-05-16,22.0,0.0,5.0
2025-05-17,22.0,0.0,4.0
2025-05-18,23.0,0.0,5.0
2025-05-19,25.0,0.0,5.0
2025-05-20,26.0,0.0,6.0
2025-05-21,23.0,0.0,5.0
2025-05-22,23.0,0.0,4.0
2025-05-23,27.0,0.0,4.0
2025-05-24,24.0,0.0,6.0
2025-05-25,19.0,0.0,5.0
2025-05-26,27.0,0.0,6.0
2025-05-27,22.0,0.0,6.0
2025-05-28,26.0,0.0,7.0
2025-05-29,26.0,0.0,5.0
2025-05-30,26.0,0.0,6.0
2025-05-31,26.0,0.0,5.0
2025-06-01,25.0,18.0,5.0
2025-06-02,28.0,0.0,4.0
2025-06-03,25.0,0.0,4.0
2025-06-04,25.0,0.0,6.0
2025-06-05,26.0,0.0,5.0
2025-06-06,42.5,0.0,9.5
2025-06-07,70.0,0.0,14.0
2025-06-08,62.0,0.0,16.0
2025-06-09,69.0,0.0,12.0
2025-06-10,62.0,35.0,10.0
2025-06-11,71.0,0.0,15.0
2025-06-12,63.0,0.0,12.0
2025-06-13,58.0,0.0,13.0
2025-06-14,66.0,0.0,11.0
2025-06-15,64.0,0.0,11.0
2025-06-16,62.0,0.0,19.0
2025-06-17,72.0,14.0,18.0
2025-06-18,72.0,17.0,17.0
2025-06-19,73.0,17.0,17.0
2025-06-20,76.0,18.0,14.0
2025-06-21,99.0,14.0,14.0
2025-06-22,81.0,18.0,14.0
2025-06-23,90.0,26.0,16.0
2025-06-24,94.0,23.0,18.0
2025-06-25,93.0,25.0,17.0
2025-06-26,94.0,24.0,16.0
2025-06-27,94.0,23.0,18.0
2025-06-28,94.0,19.0,19.0
2025-06-29,92.0,22.0,15.0
2025-06-30,86.0,23.0,17.0
2025-07-01,100.0,35.0,19.0
